token,consensus,current_definition,proposed_definition,family,domain,primary_model,primary_signal,primary_token_delta,primary_bare_token_delta,primary_lexical_query_delta,primary_family_delta,primary_current_family_rank,primary_proposed_family_rank,secondary_model,secondary_signal,secondary_token_delta,secondary_bare_token_delta,secondary_lexical_query_delta,secondary_family_delta,secondary_current_family_rank,secondary_proposed_family_rank,reviewer_decision,reviewer_notes
nut,regressed_by_both,"A term statistically associated with nuts, peanut, fruit, butter. Selected corpus use: survey response; alternative contexts: event plan, names.","A hard-shelled edible seed, or a threaded metal fastener.",extraction_classification,survey_response,mixedbread-ai/mxbai-embed-large-v1,regressed,-0.12237459421157837,-0.09829103946685791,-0.14645814895629883,-0.30933231115341187,6,9,sentence-transformers/all-MiniLM-L6-v2,regressed,-0.12683498859405518,-0.12485110759735107,-0.12881886959075928,-0.41929781436920166,3,1,accepted,Accepted by operator.
seas,regressed_by_both,"A term statistically associated with oceans, sea, lakes, ships. Selected corpus use: financial decision; alternative contexts: event plan, life science.",Large bodies of salt water smaller than oceans.,safety_uncertainty,financial_decision,mixedbread-ai/mxbai-embed-large-v1,regressed,-0.06198522448539734,0.0006080865859985352,-0.12457853555679321,-0.42327362298965454,5,14,sentence-transformers/all-MiniLM-L6-v2,regressed,-0.062418922781944275,-0.02302652597427368,-0.10181131958961487,-0.6674927957355976,10,14,accepted,Accepted by operator.
trail,regressed_by_both,"A term statistically associated with hike, hiking, mile, trails. Selected corpus use: mathematics; alternative contexts: learning plan, travel plan.","A path, track, or sequence of evidence left behind.",explanation_learning,mathematics,mixedbread-ai/mxbai-embed-large-v1,regressed,-0.051839083433151245,0.00018709897994995117,-0.10386526584625244,-0.19470614194869995,7,11,sentence-transformers/all-MiniLM-L6-v2,regressed,-0.15115314722061157,-0.13752353191375732,-0.16478276252746582,-0.31910327076911926,9,13,accepted,Accepted by operator.
wearing,regressed_by_both,"A term statistically associated with dress, socks, mask, shirt. Selected corpus use: writing prompts; alternative contexts: work stress, uncertain change.","Having clothing or equipment on the body, or causing gradual damage through use.",brainstorming_creativity,writing_prompts,mixedbread-ai/mxbai-embed-large-v1,regressed,-0.03053155541419983,-0.005018055438995361,-0.0560450553894043,-0.21385902166366577,5,8,sentence-transformers/all-MiniLM-L6-v2,regressed,-0.056656986474990845,-0.011198222637176514,-0.10211575031280518,-0.3582475185394287,3,5,accepted,Accepted by operator.
climbing,needs_revision,"A term statistically associated with rope, rock, hiking, climb. Selected corpus use: survey response; alternative contexts: public transit, learning plan.","Moving upward using hands, feet, equipment, or gradual progress.",extraction_classification,survey_response,mixedbread-ai/mxbai-embed-large-v1,mixed,-0.015844404697418213,0.04304826259613037,-0.0747370719909668,-0.2910999655723572,7,8,sentence-transformers/all-MiniLM-L6-v2,regressed,-0.14395886659622192,-0.10042619705200195,-0.1874915361404419,-0.3966529667377472,7,3,accepted,Accepted by operator.
movements,needs_revision,"A term statistically associated with dance, spreading, body, visual. Selected corpus use: survey response; alternative contexts: life science, civics.","Changes of position, organized campaigns, or sections of music.",extraction_classification,survey_response,mixedbread-ai/mxbai-embed-large-v1,mixed,-0.01271030306816101,0.04748809337615967,-0.07290869951248169,-0.2209630012512207,7,5,sentence-transformers/all-MiniLM-L6-v2,regressed,-0.05487990379333496,-0.05684340000152588,-0.05291640758514404,-0.1553078293800354,10,4,accepted,Accepted by operator.
rides,needs_revision,"A term statistically associated with attractions, roller, riding, park. Selected corpus use: project update; alternative contexts: learning plan, small project.","Travels on or in a vehicle, animal, or moving attraction.",summarization_synthesis,project_update,mixedbread-ai/mxbai-embed-large-v1,mixed,0.015014082193374634,0.07573580741882324,-0.045707643032073975,-0.21742379665374756,10,7,sentence-transformers/all-MiniLM-L6-v2,regressed,-0.013731300830841064,0.01195603609085083,-0.03941863775253296,-0.4071565270423889,9,12,accepted,Accepted by operator.
tactics,needs_revision,"A term statistically associated with strategies, legends, marketing, awareness. Selected corpus use: course enrolment; alternative contexts: home repair, small project.",Specific methods used to achieve a short-term objective.,practical_action,course_enrolment,mixedbread-ai/mxbai-embed-large-v1,mixed,0.02047291398048401,0.07936710119247437,-0.03842127323150635,-0.22779780626296997,2,4,sentence-transformers/all-MiniLM-L6-v2,regressed,-0.07611732184886932,-0.0005517899990081787,-0.15168285369873047,-0.35415345430374146,3,6,accepted,Accepted by operator.
throws,needs_revision,"A term statistically associated with pitcher, ball, player, balls. Selected corpus use: uncertain change; alternative contexts: life science, peripheral.",Propels something through the air or causes a sudden state or event.,conversation_empathy,uncertain_change,mixedbread-ai/mxbai-embed-large-v1,regressed,-0.037655025720596313,-0.020358145236968994,-0.05495190620422363,-0.2197902798652649,7,1,sentence-transformers/all-MiniLM-L6-v2,mixed,-0.015552327036857605,-0.07397887110710144,0.04287421703338623,-0.48985689878463745,2,4,accepted,Accepted by operator.
ale,mixed,"A term statistically associated with pale, beer, alcohol, might. Selected corpus use: small project; alternative contexts: data pipeline, file sync.",A type of beer brewed using warm fermentation.,planning_comparison,small_project,mixedbread-ai/mxbai-embed-large-v1,regressed,-0.04183119535446167,0.0004399418830871582,-0.0841023325920105,-0.3568331003189087,11,9,sentence-transformers/all-MiniLM-L6-v2,improved,0.19551073759794235,0.24821417033672333,0.14280730485916138,-0.42472049593925476,12,11,accepted,Accepted by operator.
beneath,mixed,"A term statistically associated with lies, ocean, deep, underground. Selected corpus use: article excerpt; alternative contexts: small project, purchase decision.",In or to a lower position than something else.,summarization_synthesis,article_excerpt,mixedbread-ai/mxbai-embed-large-v1,mixed,-0.011932224035263062,0.02003270387649536,-0.043897151947021484,-0.2173175811767578,12,13,sentence-transformers/all-MiniLM-L6-v2,mixed,-0.01668649911880493,0.05151009559631348,-0.08488309383392334,-0.505597710609436,7,8,accepted,Accepted by operator.
broccoli,mixed,"A term statistically associated with cabbage, vegetables, spinach, carrots. Selected corpus use: survey response; alternative contexts: financial decision, media literacy.",A green vegetable with a thick stalk and clustered flower buds.,extraction_classification,survey_response,mixedbread-ai/mxbai-embed-large-v1,regressed,-0.03193044662475586,0.012022316455841064,-0.07588320970535278,-0.3110058307647705,6,6,sentence-transformers/all-MiniLM-L6-v2,improved,0.029315531253814697,0.03987312316894531,0.018757939338684082,-0.357757568359375,7,9,accepted,Accepted by operator.
butterflies,mixed,"A term statistically associated with bees, adult, butterfly, insects. Selected corpus use: uncertain change; alternative contexts: file sync, network connection.","Insects with broad, often colorful wings and a complete metamorphic life cycle.",conversation_empathy,uncertain_change,mixedbread-ai/mxbai-embed-large-v1,mixed,0.01600879430770874,0.10026103258132935,-0.06824344396591187,-0.3574140667915344,2,13,sentence-transformers/all-MiniLM-L6-v2,mixed,-0.038179680705070496,0.021104663610458374,-0.09746402502059937,-0.5359736867249012,6,13,accepted,Accepted by operator.
credit,mixed,"A term statistically associated with card, cards, loans, payment. Selected corpus use: interface copy; alternative contexts: privacy security, financial decision.","Recognition, borrowed funds, or an accounting entry of value.",critique_revision,interface_copy,mixedbread-ai/mxbai-embed-large-v1,regressed,-0.05308932065963745,-0.019107520580291748,-0.08707112073898315,-0.25193774700164795,10,9,sentence-transformers/all-MiniLM-L6-v2,improved,0.04713864624500275,0.03210359811782837,0.062173694372177124,-0.34884363412857056,7,8,accepted,Accepted by operator.
died,mixed,"A term statistically associated with age, buried, illness, shortly. Selected corpus use: event registration; alternative contexts: peripheral, network connection.","Stopped living, existing, operating, or producing activity.",practical_action,event_registration,mixedbread-ai/mxbai-embed-large-v1,mixed,0.04205384850502014,0.10854321718215942,-0.02443552017211914,-0.31170159578323364,8,3,sentence-transformers/all-MiniLM-L6-v2,mixed,0.022645294666290283,0.11767444014549255,-0.07238385081291199,-0.36402177810668945,8,2,accepted,Accepted by operator.
era,mixed,"A term statistically associated with medieval, modern, classical, age. Selected corpus use: article excerpt; alternative contexts: purchase decision, learning plan.",A distinct and extended period of history.,summarization_synthesis,article_excerpt,mixedbread-ai/mxbai-embed-large-v1,regressed,-0.03369855880737305,0.0006028413772583008,-0.0679999589920044,-0.27253901958465576,12,9,sentence-transformers/all-MiniLM-L6-v2,improved,0.2617602050304413,0.26968878507614136,0.2538316249847412,-0.2654726505279541,11,5,accepted,Accepted by operator.
fries,mixed,"A term statistically associated with potatoes, chips, potato, steak. Selected corpus use: receipt; alternative contexts: case note, media literacy.",Thin pieces of potato or other food cooked in hot oil.,extraction_classification,receipt,mixedbread-ai/mxbai-embed-large-v1,mixed,-0.009898960590362549,0.0634806752204895,-0.0832785964012146,-0.3842587471008301,3,11,sentence-transformers/all-MiniLM-L6-v2,mixed,0.027665570378303528,0.091881662607193,-0.03655052185058594,-0.6003265008330345,2,5,accepted,Accepted by operator.
inflammation,mixed,"A term statistically associated with fatty, acute, immune, chronic. Selected corpus use: workflow; alternative contexts: physical safety, web form.","A bodily response marked by swelling, heat, pain, or redness.",brainstorming_creativity,workflow,mixedbread-ai/mxbai-embed-large-v1,improved,0.05573737621307373,0.10238134860992432,0.009093403816223145,-0.2709423303604126,11,10,sentence-transformers/all-MiniLM-L6-v2,regressed,-0.027567431330680847,-0.03579548001289368,-0.019339382648468018,-0.192603200674057,10,7,accepted,Accepted by operator.
layers,mixed,"A term statistically associated with layer, neural, rocks, scientists. Selected corpus use: survey response; alternative contexts: travel plan, learning plan.","Sheets, levels, or structures arranged one over another.",extraction_classification,survey_response,mixedbread-ai/mxbai-embed-large-v1,improved,0.0740625262260437,0.13636600971221924,0.011759042739868164,-0.2588750720024109,8,4,sentence-transformers/all-MiniLM-L6-v2,regressed,-0.04939863085746765,-0.02219909429550171,-0.0765981674194336,-0.34251952171325684,7,2,accepted,Accepted by operator.
lens,mixed,"A term statistically associated with camera, photo, cameras, eye. Selected corpus use: contact record; alternative contexts: learning plan, peripheral.","A curved transparent element that focuses light, or a viewpoint for interpretation.",extraction_classification,contact_record,mixedbread-ai/mxbai-embed-large-v1,improved,0.03108924627304077,0.05903160572052002,0.0031468868255615234,-0.35711267590522766,3,11,sentence-transformers/all-MiniLM-L6-v2,regressed,-0.025117263197898865,-0.026014328002929688,-0.024220198392868042,-0.4372923821210861,3,7,accepted,Accepted by operator.
particle,mixed,"A term statistically associated with particles, physics, quantum, speed. Selected corpus use: relationship tension; alternative contexts: uncertain change, media literacy.",A very small piece of matter or a discrete physical entity.,conversation_empathy,relationship_tension,mixedbread-ai/mxbai-embed-large-v1,regressed,-0.02718961238861084,0.017858028411865234,-0.07223725318908691,-0.24606049060821533,2,14,sentence-transformers/all-MiniLM-L6-v2,improved,0.07387667894363403,0.08872196078300476,0.059031397104263306,-0.4566822350025177,2,14,accepted,Accepted by operator.
particles,mixed,"A term statistically associated with particle, charged, quantum, physics. Selected corpus use: technical explanation; alternative contexts: travel plan, purchase decision.",Very small pieces of matter or discrete physical entities.,writing_transformation,technical_explanation,mixedbread-ai/mxbai-embed-large-v1,mixed,0.00915437936782837,0.08811318874359131,-0.06980443000793457,-0.20369935035705566,8,11,sentence-transformers/all-MiniLM-L6-v2,mixed,-0.018421411514282227,0.05203664302825928,-0.08887946605682373,-0.448761448264122,7,10,accepted,Accepted by operator.
phrases,mixed,"A term statistically associated with changed, speaking, sentences, dialogue. Selected corpus use: computing; alternative contexts: life science, personal finance.",Groups of words that function together as meaningful units.,explanation_learning,computing,mixedbread-ai/mxbai-embed-large-v1,improved,0.10481569170951843,0.11436313390731812,0.09526824951171875,-0.0960303544998169,3,8,sentence-transformers/all-MiniLM-L6-v2,regressed,-0.09628474712371826,-0.12104848027229309,-0.07152101397514343,-0.3473842144012451,1,8,accepted,Accepted by operator.
proteins,mixed,"A term statistically associated with protein, molecules, cell, structures. Selected corpus use: policy memo; alternative contexts: purchase decision, support thread.",Large biological molecules made of amino-acid chains.,summarization_synthesis,policy_memo,mixedbread-ai/mxbai-embed-large-v1,mixed,0.040500640869140625,0.11406326293945312,-0.033061981201171875,-0.31390875577926636,5,12,sentence-transformers/all-MiniLM-L6-v2,mixed,-0.03096655011177063,0.05458420515060425,-0.11651730537414551,-0.6668786853551865,8,10,accepted,Accepted by operator.
rainforest,mixed,"A term statistically associated with tropical, jungle, indigenous, half. Selected corpus use: achievement; alternative contexts: event plan, feature ideas.",A dense forest in a region with high annual rainfall.,conversation_empathy,achievement,mixedbread-ai/mxbai-embed-large-v1,improved,0.07363802194595337,0.1643458604812622,-0.01706981658935547,-0.3674463927745819,9,12,sentence-transformers/all-MiniLM-L6-v2,regressed,-0.11833608150482178,-0.050705790519714355,-0.1859663724899292,-0.43538438994437456,13,14,accepted,Accepted by operator.
school,mixed,"A term statistically associated with elementary, attended, middle, schools. Selected corpus use: financial decision; alternative contexts: learning plan, small project.",An institution for education or a group sharing a field or style.,safety_uncertainty,financial_decision,mixedbread-ai/mxbai-embed-large-v1,improved,0.013194739818572998,0.031167805194854736,-0.00477832555770874,-0.23945766687393188,9,14,sentence-transformers/all-MiniLM-L6-v2,regressed,-0.03303873538970947,-0.018573343753814697,-0.04750412702560425,-0.38888826966285706,8,12,accepted,Accepted by operator.
speeds,mixed,"A term statistically associated with mph, fastest, hour, animal. Selected corpus use: financial decision; alternative contexts: learning plan, peripheral.","Rates at which movement, action, or change occurs.",safety_uncertainty,financial_decision,mixedbread-ai/mxbai-embed-large-v1,mixed,-0.0004849731922149658,0.05592089891433716,-0.05689084529876709,-0.2215491533279419,5,11,sentence-transformers/all-MiniLM-L6-v2,mixed,0.009717270731925964,0.08133625984191895,-0.06190171837806702,-0.42328664660453796,2,13,accepted,Accepted by operator.
vacation,mixed,"A term statistically associated with destinations, beach, summer, relaxing. Selected corpus use: support reply; alternative contexts: travel plan, learning plan.",A period away from work or study used for rest or travel.,writing_transformation,support_reply,mixedbread-ai/mxbai-embed-large-v1,improved,0.035381466150283813,0.07670176029205322,-0.005938827991485596,-0.2055414319038391,6,13,sentence-transformers/all-MiniLM-L6-v2,regressed,-0.04929548501968384,-0.07640939950942993,-0.022181570529937744,-0.3011416792869568,6,11,accepted,Accepted by operator.
anger,partially_supported,"A term statistically associated with emotions, fear, pain, angry. Selected corpus use: case note; alternative contexts: work stress, uncertain change.",A strong feeling of displeasure or hostility.,extraction_classification,case_note,mixedbread-ai/mxbai-embed-large-v1,mixed,0.028712362051010132,0.08590853214263916,-0.028483808040618896,-0.2751641869544983,5,8,sentence-transformers/all-MiniLM-L6-v2,improved,0.05581662058830261,0.07446038722991943,0.03717285394668579,-0.24476481974124908,10,8,accepted,Accepted by operator.
couch,partially_supported,"A term statistically associated with desk, bed, kitchen, dog. Selected corpus use: table comparison; alternative contexts: home repair, email.","A long upholstered seat, or the act of expressing something in particular terms.",reasoning_verification,table_comparison,mixedbread-ai/mxbai-embed-large-v1,inconclusive,-0.0010863542556762695,0.0024317502975463867,-0.004604458808898926,-0.17212486267089844,7,8,sentence-transformers/all-MiniLM-L6-v2,improved,0.09074005484580994,0.0760655403137207,0.10541456937789917,-0.3032328486442566,8,5,accepted,Accepted by operator.
counter,partially_supported,"A term statistically associated with kitchen, arguments, strike, counting. Selected corpus use: names; alternative contexts: contact record, small project.","A work surface, counting device, or force that opposes an effect.",brainstorming_creativity,names,mixedbread-ai/mxbai-embed-large-v1,mixed,0.015476852655410767,0.06016272306442261,-0.029209017753601074,-0.2582707405090332,8,13,sentence-transformers/all-MiniLM-L6-v2,improved,0.037602201104164124,0.0181768536567688,0.05702754855155945,-0.38204658031463623,6,3,accepted,Accepted by operator.
dental,partially_supported,"A term statistically associated with tooth, teeth, oral, disease. Selected corpus use: feature ideas; alternative contexts: financial decision, medical information.",Relating to teeth or their care and treatment.,brainstorming_creativity,feature_ideas,mixedbread-ai/mxbai-embed-large-v1,mixed,0.013368606567382812,0.067649245262146,-0.04091203212738037,-0.24083209037780762,12,10,sentence-transformers/all-MiniLM-L6-v2,improved,0.09298229217529297,0.10751163959503174,0.0784529447555542,-0.32076969742774963,8,9,accepted,Accepted by operator.
electronic,partially_supported,"A term statistically associated with devices, music, electronics, rock. Selected corpus use: case note; alternative contexts: learning plan, small project.",Relating to devices or systems that control electric signals.,extraction_classification,case_note,mixedbread-ai/mxbai-embed-large-v1,mixed,-0.011627286672592163,0.026991605758666992,-0.05024617910385132,-0.3199694752693176,8,5,sentence-transformers/all-MiniLM-L6-v2,improved,0.18245556950569153,0.17016661167144775,0.1947445273399353,-0.44844260811805725,7,2,accepted,Accepted by operator.
far,partially_supported,"A term statistically associated with near, distance, apart, right. Selected corpus use: research notes; alternative contexts: small project, travel plan.",At or to a great distance or degree.,summarization_synthesis,research_notes,mixedbread-ai/mxbai-embed-large-v1,improved,0.04204005002975464,0.05540043115615845,0.02867966890335083,-0.2816998362541199,12,13,sentence-transformers/all-MiniLM-L6-v2,mixed,-0.010417848825454712,0.0670711100101471,-0.08790680766105652,-0.4266786277294159,11,12,accepted,Accepted by operator.
frequency,partially_supported,"A term statistically associated with pitch, intensity, waves, audio. Selected corpus use: outreach; alternative contexts: peripheral, workflow.",How often something occurs within a given interval.,brainstorming_creativity,outreach,mixedbread-ai/mxbai-embed-large-v1,mixed,0.024386972188949585,0.08892613649368286,-0.04015219211578369,-0.16852277517318726,7,4,sentence-transformers/all-MiniLM-L6-v2,improved,0.016328737139701843,0.05009514093399048,-0.017437666654586792,-0.41832588613033295,3,5,accepted,Accepted by operator.
games,partially_supported,"A term statistically associated with video, play, game, playing. Selected corpus use: learning notes; alternative contexts: learning plan, purchase decision.","Rule-based activities played for competition, skill, or amusement.",summarization_synthesis,learning_notes,mixedbread-ai/mxbai-embed-large-v1,improved,0.04582783579826355,0.08328390121459961,0.00837177038192749,-0.22346413135528564,8,6,sentence-transformers/all-MiniLM-L6-v2,mixed,-0.009030088782310486,0.029130756855010986,-0.04719093441963196,-0.34346896409988403,12,6,accepted,Accepted by operator.
goose,partially_supported,"A term statistically associated with duck, bird, birds, flying. Selected corpus use: meeting transcript; alternative contexts: media literacy, personal finance.",A large waterbird related to ducks and swans.,summarization_synthesis,meeting_transcript,mixedbread-ai/mxbai-embed-large-v1,mixed,-0.009651750326156616,0.05802011489868164,-0.07732361555099487,-0.3685140013694763,8,3,sentence-transformers/all-MiniLM-L6-v2,improved,0.052994877099990845,0.08499342203140259,0.0209963321685791,-0.5153347551822662,11,1,accepted,Accepted by operator.
gun,partially_supported,"A term statistically associated with weapon, guns, violence, laws. Selected corpus use: feature ideas; alternative contexts: privacy security, financial decision.",A weapon or device that fires a projectile or pressurized material.,brainstorming_creativity,feature_ideas,mixedbread-ai/mxbai-embed-large-v1,mixed,0.03984254598617554,0.1089019775390625,-0.029216885566711426,-0.28302592039108276,9,3,sentence-transformers/all-MiniLM-L6-v2,improved,0.1280672699213028,0.16393262147903442,0.09220191836357117,-0.4151395112276077,11,3,accepted,Accepted by operator.
habits,partially_supported,"A term statistically associated with habit, atomic, eating, healthy. Selected corpus use: peripheral; alternative contexts: web form, learning plan.",Regular behaviors or practices acquired through repetition.,troubleshooting,peripheral,mixedbread-ai/mxbai-embed-large-v1,mixed,0.015214920043945312,0.0742231011390686,-0.04379326105117798,-0.22420376539230347,6,11,sentence-transformers/all-MiniLM-L6-v2,improved,0.005584895610809326,0.024396419525146484,-0.013226628303527832,-0.3103615343570709,3,13,accepted,Accepted by operator.
holidays,partially_supported,"A term statistically associated with holiday, school, day, weekend. Selected corpus use: project update; alternative contexts: travel plan, small project.","Days or periods set aside for celebration, rest, or travel.",summarization_synthesis,project_update,mixedbread-ai/mxbai-embed-large-v1,mixed,0.04844275116920471,0.1273391842842102,-0.03045368194580078,-0.30326008796691895,7,9,sentence-transformers/all-MiniLM-L6-v2,improved,0.05094066262245178,0.03787726163864136,0.06400406360626221,-0.3959234654903412,11,7,accepted,Accepted by operator.
martial,partially_supported,"A term statistically associated with arts, art, boxing, artist. Selected corpus use: web form; alternative contexts: survey response, data pipeline.","Relating to war, armed forces, or combat.",troubleshooting,web_form,mixedbread-ai/mxbai-embed-large-v1,inconclusive,0.012465715408325195,0.009924590587615967,0.015006840229034424,-0.173395037651062,5,10,sentence-transformers/all-MiniLM-L6-v2,improved,0.1946430429816246,0.1222488135099411,0.2670372724533081,-0.22395110130310059,5,9,accepted,Accepted by operator.
onto,partially_supported,"A term statistically associated with sheet, dough, stepped, foot. Selected corpus use: social mistake; alternative contexts: small project, learning plan.",Expressing movement toward a position on a surface.,conversation_empathy,social_mistake,mixedbread-ai/mxbai-embed-large-v1,mixed,0.007233470678329468,0.056317925453186035,-0.0418509840965271,-0.275330126285553,5,9,sentence-transformers/all-MiniLM-L6-v2,improved,0.08395403251051903,0.07317065447568893,0.09473741054534912,-0.5535327941179276,4,13,accepted,Accepted by operator.
paintings,partially_supported,"A term statistically associated with gallery, artwork, van, art. Selected corpus use: project update; alternative contexts: small project, learning plan.",Pictures created by applying paint to a surface.,summarization_synthesis,project_update,mixedbread-ai/mxbai-embed-large-v1,mixed,0.04006791114807129,0.12468647956848145,-0.04455065727233887,-0.36995992064476013,12,12,sentence-transformers/all-MiniLM-L6-v2,improved,0.09544637799263,0.14378583431243896,0.047106921672821045,-0.5319221243262291,12,11,accepted,Accepted by operator.
summers,partially_supported,"A term statistically associated with hot, warm, winter, springs. Selected corpus use: achievement; alternative contexts: small project, learning plan.",Warm seasons between spring and autumn.,conversation_empathy,achievement,mixedbread-ai/mxbai-embed-large-v1,mixed,0.01883906126022339,0.08569914102554321,-0.048021018505096436,-0.3003515601158142,4,4,sentence-transformers/all-MiniLM-L6-v2,improved,0.08950448036193848,0.16240334510803223,0.016605615615844727,-0.38630592823028564,12,13,accepted,Accepted by operator.
tourist,partially_supported,"A term statistically associated with attractions, destinations, million, international. Selected corpus use: data pipeline; alternative contexts: learning plan, travel plan.",A person travelling for leisure or to visit places.,troubleshooting,data_pipeline,mixedbread-ai/mxbai-embed-large-v1,mixed,0.05368492007255554,0.16861873865127563,-0.06124889850616455,-0.3049185872077942,7,5,sentence-transformers/all-MiniLM-L6-v2,improved,0.08027951419353485,0.1498393714427948,0.010719656944274902,-0.3770114779472351,8,9,accepted,Accepted by operator.
train,partially_supported,"A term statistically associated with passenger, station, transportation, training. Selected corpus use: data literacy; alternative contexts: network connection, travel plan.","A connected series of rail vehicles, or the act of teaching through practice.",explanation_learning,data_literacy,mixedbread-ai/mxbai-embed-large-v1,mixed,-0.0011888444423675537,0.05700528621673584,-0.05938297510147095,-0.2785736918449402,8,8,sentence-transformers/all-MiniLM-L6-v2,improved,0.13388468325138092,0.13720151782035828,0.13056784868240356,-0.4953785836696625,5,9,accepted,Accepted by operator.
trust,partially_supported,"A term statistically associated with doubt, mutual, vulnerable, patient. Selected corpus use: lesson activity; alternative contexts: small project, learning plan.","Confidence in reliability, honesty, or ability.",brainstorming_creativity,lesson_activity,mixedbread-ai/mxbai-embed-large-v1,mixed,0.0076236724853515625,0.07744759321212769,-0.06220024824142456,-0.29780590534210205,4,11,sentence-transformers/all-MiniLM-L6-v2,improved,0.14782193303108215,0.18264895677566528,0.11299490928649902,-0.374228298664093,2,13,accepted,Accepted by operator.
yogurt,partially_supported,"A term statistically associated with milk, dairy, protein, tofu. Selected corpus use: survey response; alternative contexts: article excerpt, research notes.",A fermented milk food produced using bacterial cultures.,extraction_classification,survey_response,mixedbread-ai/mxbai-embed-large-v1,mixed,-0.0023041367530822754,0.044593632221221924,-0.049201905727386475,-0.33933091163635254,5,11,sentence-transformers/all-MiniLM-L6-v2,improved,0.044582217931747437,0.09722411632537842,-0.008059680461883545,-0.4497416913509369,6,2,accepted,Accepted by operator.
accordingly,supported_by_both,"A term statistically associated with adjust, dress, previous, ahead. Selected corpus use: research notes; alternative contexts: travel plan, small project.",In a way that follows from the stated facts; therefore.,summarization_synthesis,research_notes,mixedbread-ai/mxbai-embed-large-v1,improved,0.08431726694107056,0.17761534452438354,-0.008980810642242432,-0.2405659556388855,11,8,sentence-transformers/all-MiniLM-L6-v2,improved,0.09017559885978699,0.12507548928260803,0.05527570843696594,-0.530578538775444,11,10,accepted,Accepted by operator.
achieve,supported_by_both,"A term statistically associated with competitive, goal, performance, flow. Selected corpus use: personal finance; alternative contexts: learning plan, purchase decision.",To successfully reach a goal or desired result.,explanation_learning,personal_finance,mixedbread-ai/mxbai-embed-large-v1,improved,0.16127347946166992,0.1794704794883728,0.14307647943496704,-0.29577600955963135,5,10,sentence-transformers/all-MiniLM-L6-v2,improved,0.4044911041855812,0.4120263606309891,0.39695584774017334,-0.38271549344062805,5,4,accepted,Accepted by operator.
achieving,supported_by_both,"A term statistically associated with towards, consistently, women, happiness. Selected corpus use: project brief; alternative contexts: small project, learning plan.",Successfully reaching a desired result through effort.,grounded_qa,project_brief,mixedbread-ai/mxbai-embed-large-v1,improved,0.1385282278060913,0.19626516103744507,0.08079129457473755,-0.1963965892791748,7,12,sentence-transformers/all-MiniLM-L6-v2,improved,0.32964830100536346,0.3469002842903137,0.3123963177204132,-0.3629533648490906,6,9,accepted,Accepted by operator.
acute,supported_by_both,"A term statistically associated with syndrome, inflammation, respiratory, virus. Selected corpus use: computing; alternative contexts: web form, financial decision.","Severe and sudden, highly perceptive, or forming a sharp angle.",explanation_learning,computing,mixedbread-ai/mxbai-embed-large-v1,improved,0.07868349552154541,0.08313733339309692,0.0742296576499939,-0.29294949769973755,4,7,sentence-transformers/all-MiniLM-L6-v2,improved,0.10847073793411255,0.11313122510910034,0.10381025075912476,-0.4182785451412201,10,13,accepted,Accepted by operator.
adjacent,supported_by_both,"A term statistically associated with squares, canal, lake, located. Selected corpus use: research notes; alternative contexts: civics, media literacy.",Next to or very near something else.,summarization_synthesis,research_notes,mixedbread-ai/mxbai-embed-large-v1,improved,0.16820240020751953,0.22037863731384277,0.11602616310119629,-0.18343335390090942,10,14,sentence-transformers/all-MiniLM-L6-v2,improved,0.32091378420591354,0.33797019720077515,0.30385737121105194,-0.396884024143219,11,10,accepted,Accepted by operator.
aid,supported_by_both,"A term statistically associated with kit, lemon, clothing, coffee. Selected corpus use: peripheral; alternative contexts: physical safety, privacy security.","Help, support, or a resource that makes a task easier.",troubleshooting,peripheral,mixedbread-ai/mxbai-embed-large-v1,improved,0.1403372883796692,0.17441558837890625,0.10625898838043213,-0.1293168067932129,3,5,sentence-transformers/all-MiniLM-L6-v2,improved,0.14674438163638115,0.19639819115400314,0.09709057211875916,-0.2985048294067383,2,4,accepted,Accepted by operator.
alphabetical,supported_by_both,"A term statistically associated with list, sorted, below, television. Selected corpus use: instructions; alternative contexts: contact record, names.",Arranged according to the conventional order of letters.,critique_revision,instructions,mixedbread-ai/mxbai-embed-large-v1,improved,0.06138110160827637,0.10108673572540283,0.021675467491149902,-0.18059730529785156,5,5,sentence-transformers/all-MiniLM-L6-v2,improved,0.22659555077552795,0.2670612931251526,0.18612980842590332,-0.4727025479078293,7,7,accepted,Accepted by operator.
altitude,supported_by_both,"A term statistically associated with cloud, sea, plane, clouds. Selected corpus use: table comparison; alternative contexts: travel plan, learning plan.",Height above sea level or another reference surface.,reasoning_verification,table_comparison,mixedbread-ai/mxbai-embed-large-v1,improved,0.1514904797077179,0.207627534866333,0.09535342454910278,-0.25452113151550293,8,4,sentence-transformers/all-MiniLM-L6-v2,improved,0.32550281286239624,0.3891351819038391,0.26187044382095337,-0.4488053023815155,7,5,accepted,Accepted by operator.
amount,supported_by_both,"A term statistically associated with money, garlic, monthly, tax. Selected corpus use: data pipeline; alternative contexts: small project, purchase decision.",A quantity or total of something.,troubleshooting,data_pipeline,mixedbread-ai/mxbai-embed-large-v1,improved,0.1922844648361206,0.20593386888504028,0.17863506078720093,-0.12454652786254883,6,11,sentence-transformers/all-MiniLM-L6-v2,improved,0.2498830109834671,0.20838305354118347,0.29138296842575073,-0.3896535634994507,6,11,accepted,Accepted by operator.
announcement,supported_by_both,"A term statistically associated with marketing, announced, reasons, nothing. Selected corpus use: web form; alternative contexts: subscriptions, learning plan.",A public or formal statement that communicates news.,troubleshooting,web_form,mixedbread-ai/mxbai-embed-large-v1,improved,0.11713698506355286,0.11378109455108643,0.12049287557601929,-0.1949055790901184,9,12,sentence-transformers/all-MiniLM-L6-v2,improved,0.22222168743610382,0.1660902202129364,0.27835315465927124,-0.28599482774734497,9,4,accepted,Accepted by operator.
apples,supported_by_both,"A term statistically associated with oranges, fruits, strawberries, fruit. Selected corpus use: project update; alternative contexts: receipt, subscriptions.",Round fruits produced by apple trees.,summarization_synthesis,project_update,mixedbread-ai/mxbai-embed-large-v1,improved,0.09877091646194458,0.16412371397018433,0.033418118953704834,-0.3913623094558716,7,9,sentence-transformers/all-MiniLM-L6-v2,improved,0.12182539701461792,0.1587875485420227,0.08486324548721313,-0.5344050601124763,6,2,accepted,Accepted by operator.
besides,supported_by_both,"A term statistically associated with argue, concern, lonely, lots. Selected corpus use: course enrolment; alternative contexts: small project, event plan.","In addition to, or apart from, what was already mentioned.",practical_action,course_enrolment,mixedbread-ai/mxbai-embed-large-v1,improved,0.1906733512878418,0.2458297610282898,0.1355169415473938,-0.2564169764518738,11,9,sentence-transformers/all-MiniLM-L6-v2,improved,0.23290075361728668,0.23410648107528687,0.2316950261592865,-0.32885581254959106,10,14,accepted,Accepted by operator.
blockchain,supported_by_both,"A term statistically associated with transactions, blocks, digital, applications. Selected corpus use: project update; alternative contexts: logical constraints, event plan.",A distributed ledger whose records are linked in cryptographically secured blocks.,summarization_synthesis,project_update,mixedbread-ai/mxbai-embed-large-v1,improved,0.08450740575790405,0.13333773612976074,0.03567707538604736,-0.33801960945129395,8,6,sentence-transformers/all-MiniLM-L6-v2,improved,0.23835435509681702,0.3276726305484772,0.14903607964515686,-0.6256594583392143,2,8,accepted,Accepted by operator.
bomb,supported_by_both,"A term statistically associated with atomic, nuclear, explosion, injured. Selected corpus use: unit conversion; alternative contexts: small project, network connection.",An explosive weapon or device.,reasoning_verification,unit_conversion,mixedbread-ai/mxbai-embed-large-v1,improved,0.0857839286327362,0.14563995599746704,0.02592790126800537,-0.3067312240600586,4,14,sentence-transformers/all-MiniLM-L6-v2,improved,0.10852751135826111,0.17288202047348022,0.04417300224304199,-0.4051813334226608,7,10,accepted,Accepted by operator.
boring,supported_by_both,"A term statistically associated with coffee, bet, company, day. Selected corpus use: event registration; alternative contexts: email, technical explanation.",Not interesting or engaging; likely to cause weariness.,practical_action,event_registration,mixedbread-ai/mxbai-embed-large-v1,improved,0.20596669614315033,0.2892058193683624,0.12272757291793823,-0.3063998818397522,4,8,sentence-transformers/all-MiniLM-L6-v2,improved,0.3227074667811394,0.3824019283056259,0.26301300525665283,-0.4058307409286499,6,7,accepted,Accepted by operator.
bought,supported_by_both,"A term statistically associated with store, patent, company, sold. Selected corpus use: feature ideas; alternative contexts: home repair, purchase decision.",Past tense of buy: obtained in exchange for payment.,brainstorming_creativity,feature_ideas,mixedbread-ai/mxbai-embed-large-v1,improved,0.14299696683883667,0.14641016721725464,0.1395837664604187,-0.21460193395614624,8,7,sentence-transformers/all-MiniLM-L6-v2,improved,0.1712847352027893,0.23469030857086182,0.1078791618347168,-0.49560536444187164,8,9,accepted,Accepted by operator.
branch,supported_by_both,"A term statistically associated with executive, laws, branches, mathematics. Selected corpus use: feature ideas; alternative contexts: purchase decision, network connection.","A division extending from a larger organization, structure, or tree.",brainstorming_creativity,feature_ideas,mixedbread-ai/mxbai-embed-large-v1,improved,0.1222994327545166,0.14299273490905762,0.10160613059997559,-0.260824978351593,11,7,sentence-transformers/all-MiniLM-L6-v2,improved,0.04491899907588959,0.041919976472854614,0.04791802167892456,-0.4311247766017914,9,10,accepted,Accepted by operator.
bulk,supported_by_both,"A term statistically associated with buy, disease, single, goods. Selected corpus use: low cost activity; alternative contexts: privacy security, physical safety.","A large mass, volume, or main part of something.",brainstorming_creativity,low_cost_activity,mixedbread-ai/mxbai-embed-large-v1,improved,0.10995769500732422,0.12706077098846436,0.09285461902618408,-0.19279789924621582,3,9,sentence-transformers/all-MiniLM-L6-v2,improved,0.19022031128406525,0.13914555311203003,0.24129506945610046,-0.424526572227478,3,7,accepted,Accepted by operator.
business,supported_by_both,"A term statistically associated with company, management, marketing, customers. Selected corpus use: feature ideas; alternative contexts: financial decision, privacy security.","Commercial activity, an organization, or a matter requiring attention.",brainstorming_creativity,feature_ideas,mixedbread-ai/mxbai-embed-large-v1,improved,0.08651810884475708,0.12153744697570801,0.05149877071380615,-0.15935248136520386,10,3,sentence-transformers/all-MiniLM-L6-v2,improved,0.12417836487293243,0.15443667769432068,0.09392005205154419,-0.144450843334198,9,1,accepted,Accepted by operator.
calculated,supported_by_both,"A term statistically associated with sum, velocity, height, per. Selected corpus use: format preference; alternative contexts: survey response, receipt.",Determined by mathematics or deliberately planned.,context_clarification,format_preference,mixedbread-ai/mxbai-embed-large-v1,improved,0.10325831174850464,0.12309080362319946,0.08342581987380981,-0.24397575855255127,8,10,sentence-transformers/all-MiniLM-L6-v2,improved,0.16239365935325623,0.08211445808410645,0.242672860622406,-0.3106516897678375,8,3,accepted,Accepted by operator.
camel,supported_by_both,"A term statistically associated with desert, beach, animals, wolf. Selected corpus use: peripheral; alternative contexts: relationship tension, loss disappointment.",A large desert-adapted mammal with one or two humps.,troubleshooting,peripheral,mixedbread-ai/mxbai-embed-large-v1,improved,0.06597751379013062,0.14307600259780884,-0.011120975017547607,-0.2872430086135864,3,3,sentence-transformers/all-MiniLM-L6-v2,improved,0.08752414584159851,0.1469731330871582,0.02807515859603882,-0.4718141406774521,3,4,accepted,Accepted by operator.
cameras,supported_by_both,"A term statistically associated with camera, digital, quest, lens. Selected corpus use: project update; alternative contexts: network connection, small project.",Devices used to capture photographs or video.,summarization_synthesis,project_update,mixedbread-ai/mxbai-embed-large-v1,improved,0.11393368244171143,0.2280895709991455,-0.00022220611572265625,-0.3032820224761963,10,7,sentence-transformers/all-MiniLM-L6-v2,improved,0.10500355064868927,0.20930638909339905,0.0007007122039794922,-0.4449247121810913,12,4,accepted,Accepted by operator.
chat,supported_by_both,"A term statistically associated with platform, phone, grab, video. Selected corpus use: account access; alternative contexts: meeting notes, learning plan.",An informal spoken or written conversation.,practical_action,account_access,mixedbread-ai/mxbai-embed-large-v1,improved,0.1306062638759613,0.15905499458312988,0.10215753316879272,-0.17957663536071777,6,10,sentence-transformers/all-MiniLM-L6-v2,improved,0.2993950843811035,0.22871792316436768,0.37007224559783936,-0.3325035572052002,9,11,accepted,Accepted by operator.
circle,supported_by_both,"A term statistically associated with easiest, circular, lines, moon. Selected corpus use: survey response; alternative contexts: network connection, web form.",A round shape whose boundary is equally distant from its center.,extraction_classification,survey_response,mixedbread-ai/mxbai-embed-large-v1,improved,0.047436684370040894,0.08759051561355591,0.007282853126525879,-0.24638056755065918,8,12,sentence-transformers/all-MiniLM-L6-v2,improved,0.0489678829908371,0.07824894785881042,0.01968681812286377,-0.47544829547405243,7,9,accepted,Accepted by operator.
civilization,supported_by_both,"A term statistically associated with ancient, oldest, scholars, earliest. Selected corpus use: event registration; alternative contexts: life science, learning plan.",An organized human society with developed institutions and culture.,practical_action,event_registration,mixedbread-ai/mxbai-embed-large-v1,improved,0.13582074642181396,0.2091892957687378,0.06245219707489014,-0.21851205825805664,12,6,sentence-transformers/all-MiniLM-L6-v2,improved,0.1145438700914383,0.18520885705947876,0.04387888312339783,-0.42925405502319336,12,8,accepted,Accepted by operator.
compound,supported_by_both,"A term statistically associated with eyes, exercises, muscle, interest. Selected corpus use: research notes; alternative contexts: life science, network connection.","A combination of elements, parts, words, or enclosed buildings.",summarization_synthesis,research_notes,mixedbread-ai/mxbai-embed-large-v1,improved,0.12009304761886597,0.12743216753005981,0.11275392770767212,-0.16603690385818481,12,11,sentence-transformers/all-MiniLM-L6-v2,improved,0.18382348120212555,0.15665343403816223,0.21099352836608887,-0.30391669273376465,12,12,accepted,Accepted by operator.
cons,supported_by_both,"A term statistically associated with pros, versus, owning, bigger. Selected corpus use: project update; alternative contexts: home repair, purchase decision.",Disadvantages; also people who deceive or have been convicted.,writing_transformation,project_update,mixedbread-ai/mxbai-embed-large-v1,improved,0.08392930030822754,0.13840758800506592,0.02945101261138916,-0.29018354415893555,4,14,sentence-transformers/all-MiniLM-L6-v2,improved,0.08221914619207382,0.1045302003622055,0.05990809202194214,-0.35304686427116394,8,14,accepted,Accepted by operator.
constantly,supported_by_both,"A term statistically associated with grants, shoot, calculus, stir. Selected corpus use: technical explanation; alternative contexts: small project, life science.",Continuously or repeatedly over a period of time.,writing_transformation,technical_explanation,mixedbread-ai/mxbai-embed-large-v1,improved,0.2887202352285385,0.318070650100708,0.259369820356369,-0.20466309785842896,4,10,sentence-transformers/all-MiniLM-L6-v2,improved,0.5063627809286118,0.5654111802577972,0.44731438159942627,-0.5130510330200195,2,6,accepted,Accepted by operator.
controlled,supported_by_both,"A term statistically associated with humidity, zones, weapon, assigned. Selected corpus use: support reply; alternative contexts: purchase decision, learning plan.","Regulated, directed, or kept within specified limits.",writing_transformation,support_reply,mixedbread-ai/mxbai-embed-large-v1,improved,0.21978914737701416,0.262587308883667,0.17699098587036133,-0.28505605459213257,6,11,sentence-transformers/all-MiniLM-L6-v2,improved,0.3480948880314827,0.34983454644680023,0.34635522961616516,-0.5246837884187698,1,12,accepted,Accepted by operator.
curiosity,supported_by_both,"A term statistically associated with turned, discovered, exploring, little. Selected corpus use: table comparison; alternative contexts: learning plan, uncertain change.","A desire to know, learn, or investigate.",reasoning_verification,table_comparison,mixedbread-ai/mxbai-embed-large-v1,improved,0.1127379834651947,0.1507377028465271,0.0747382640838623,-0.25924909114837646,6,13,sentence-transformers/all-MiniLM-L6-v2,improved,0.2666666954755783,0.2622928321361542,0.27104055881500244,-0.38825762271881104,10,14,accepted,Accepted by operator.
dairy,supported_by_both,"A term statistically associated with milk, yogurt, products, meat. Selected corpus use: survey response; alternative contexts: purchase decision, feature ideas.",Relating to milk products or the industry that produces them.,extraction_classification,survey_response,mixedbread-ai/mxbai-embed-large-v1,improved,0.036481261253356934,0.0759739875793457,-0.003011465072631836,-0.23815631866455078,5,4,sentence-transformers/all-MiniLM-L6-v2,improved,0.11663147807121277,0.09517174959182739,0.13809120655059814,-0.29652467370033264,2,4,accepted,Accepted by operator.
discovery,supported_by_both,"A term statistically associated with physics, led, theory, cell. Selected corpus use: project update; alternative contexts: learning notes, event plan.",The act or result of finding something previously unknown.,summarization_synthesis,project_update,mixedbread-ai/mxbai-embed-large-v1,improved,0.21209993958473206,0.23480713367462158,0.18939274549484253,-0.2106107473373413,6,5,sentence-transformers/all-MiniLM-L6-v2,improved,0.22453534603118896,0.20303595066070557,0.24603474140167236,-0.3471989035606384,6,4,accepted,Accepted by operator.
distant,supported_by_both,"A term statistically associated with galaxies, lands, past, orbits. Selected corpus use: project update; alternative contexts: learning plan, travel plan.","Far away in space, time, relationship, or manner.",summarization_synthesis,project_update,mixedbread-ai/mxbai-embed-large-v1,improved,0.20647254586219788,0.2491225004196167,0.16382259130477905,-0.23218637704849243,12,11,sentence-transformers/all-MiniLM-L6-v2,improved,0.3180449903011322,0.3406529426574707,0.2954370379447937,-0.24579781293869019,12,13,accepted,Accepted by operator.
documents,supported_by_both,"A term statistically associated with agents, classified, pages, denied. Selected corpus use: writing prompts; alternative contexts: financial decision, privacy security.",Written or digital records that preserve information or evidence.,brainstorming_creativity,writing_prompts,mixedbread-ai/mxbai-embed-large-v1,improved,0.1331474483013153,0.16648727655410767,0.09980762004852295,-0.19864624738693237,8,10,sentence-transformers/all-MiniLM-L6-v2,improved,0.11191520094871521,0.17341884970664978,0.05041155219078064,-0.33945757150650024,7,9,accepted,Accepted by operator.
dose,supported_by_both,"A term statistically associated with daily, vitamin, healthy, soul. Selected corpus use: peripheral; alternative contexts: physical safety, project plan.","A measured amount of medicine, radiation, or another substance.",troubleshooting,peripheral,mixedbread-ai/mxbai-embed-large-v1,improved,0.08203125,0.11339473724365234,0.050667762756347656,-0.15986937284469604,10,6,sentence-transformers/all-MiniLM-L6-v2,improved,0.26564547419548035,0.20948761701583862,0.32180333137512207,-0.28413689136505127,3,8,accepted,Accepted by operator.
drew,supported_by_both,"A term statistically associated with students, inspiration, praise, ship. Selected corpus use: financial decision; alternative contexts: instructions, argument.","Past tense of draw: made, pulled, attracted, or selected.",safety_uncertainty,financial_decision,mixedbread-ai/mxbai-embed-large-v1,improved,0.2514127194881439,0.24949723482131958,0.25332820415496826,-0.21441739797592163,11,14,sentence-transformers/all-MiniLM-L6-v2,improved,0.4657401731237769,0.4875828009098768,0.443897545337677,-0.49377429485321045,11,13,accepted,Accepted by operator.
eagle,supported_by_both,"A term statistically associated with lunar, rays, module, bird. Selected corpus use: appointments; alternative contexts: file sync, network connection.","A large bird of prey with strong wings, talons, and eyesight.",practical_action,appointments,mixedbread-ai/mxbai-embed-large-v1,improved,0.09161996841430664,0.12772750854492188,0.055512428283691406,-0.3597871661186218,4,3,sentence-transformers/all-MiniLM-L6-v2,improved,0.14621862769126892,0.18775230646133423,0.10468494892120361,-0.47793741524219513,8,10,accepted,Accepted by operator.
ease,supported_by_both,"A term statistically associated with comfort, abundant, crisis, greater. Selected corpus use: workflow; alternative contexts: small project, financial decision.","Freedom from difficulty, or the act of making something less difficult.",brainstorming_creativity,workflow,mixedbread-ai/mxbai-embed-large-v1,improved,0.07764160633087158,0.11077594757080078,0.04450726509094238,-0.28580379486083984,10,4,sentence-transformers/all-MiniLM-L6-v2,improved,0.20068733394145966,0.22149962186813354,0.17987504601478577,-0.3948953151702881,2,4,accepted,Accepted by operator.
eat,supported_by_both,"A term statistically associated with foods, food, vegetables, peas. Selected corpus use: achievement; alternative contexts: small project, purchase decision.",To take food into the body by chewing and swallowing it.,conversation_empathy,achievement,mixedbread-ai/mxbai-embed-large-v1,improved,0.1175050139427185,0.1421443223953247,0.0928657054901123,-0.28387802839279175,13,12,sentence-transformers/all-MiniLM-L6-v2,improved,0.13679750263690948,0.2149249017238617,0.058670103549957275,-0.49201804772019386,13,14,accepted,Accepted by operator.
employees,supported_by_both,"A term statistically associated with employers, employer, company, productivity. Selected corpus use: missing reference; alternative contexts: purchase decision, small project.",People paid to work for an organization or employer.,context_clarification,missing_reference,mixedbread-ai/mxbai-embed-large-v1,improved,0.14734399318695068,0.2347049117088318,0.05998307466506958,-0.32310378551483154,9,14,sentence-transformers/all-MiniLM-L6-v2,improved,0.22024573385715485,0.29796507954597473,0.14252638816833496,-0.5498711168766022,7,14,accepted,Accepted by operator.
encounters,supported_by_both,"A term statistically associated with alien, travels, magical, returns. Selected corpus use: data pipeline; alternative contexts: purchase decision, learning plan.",Unexpected meetings or direct experiences with something.,troubleshooting,data_pipeline,mixedbread-ai/mxbai-embed-large-v1,improved,0.15788868069648743,0.21581608057022095,0.0999612808227539,-0.2496228814125061,8,12,sentence-transformers/all-MiniLM-L6-v2,improved,0.18249160051345825,0.20678022503852844,0.15820297598838806,-0.41317933797836304,7,10,accepted,Accepted by operator.
ends,supported_by_both,"A term statistically associated with summer, starts, late, month. Selected corpus use: civics; alternative contexts: small project, purchase decision.","Finishes, final parts, or outermost points.",explanation_learning,civics,mixedbread-ai/mxbai-embed-large-v1,improved,0.169921875,0.22361242771148682,0.11623132228851318,-0.24642062187194824,7,12,sentence-transformers/all-MiniLM-L6-v2,improved,0.2964504063129425,0.3518345206975937,0.24106629192829132,-0.5857235342264175,8,13,accepted,Accepted by operator.
enters,supported_by_both,"A term statistically associated with cycle, rainbow, bottom, light. Selected corpus use: small project; alternative contexts: feature ideas, learning plan.","Goes or comes into a place, system, or state.",planning_comparison,small_project,mixedbread-ai/mxbai-embed-large-v1,improved,0.1689281016588211,0.1996925175189972,0.13816368579864502,-0.2224474549293518,2,4,sentence-transformers/all-MiniLM-L6-v2,improved,0.33876950293779373,0.3289593309164047,0.34857967495918274,-0.29854296147823334,9,6,accepted,Accepted by operator.
eternal,supported_by_both,"A term statistically associated with punishment, soul, happiness, cycle. Selected corpus use: technical explanation; alternative contexts: uncertain change, learning plan.","Continuing without an end, or seeming to last indefinitely.",writing_transformation,technical_explanation,mixedbread-ai/mxbai-embed-large-v1,improved,0.15079855918884277,0.18490993976593018,0.11668717861175537,-0.2453942894935608,9,3,sentence-transformers/all-MiniLM-L6-v2,improved,0.18478824198246002,0.22783899307250977,0.14173749089241028,-0.505653128027916,3,7,accepted,Accepted by operator.
expectations,supported_by_both,"A term statistically associated with realistic, inflation, meet, strategy. Selected corpus use: course enrolment; alternative contexts: learning plan, small project.",Beliefs or standards concerning what is likely or required.,practical_action,course_enrolment,mixedbread-ai/mxbai-embed-large-v1,improved,0.07397785782814026,0.14063549041748047,0.007320225238800049,-0.24968749284744263,8,8,sentence-transformers/all-MiniLM-L6-v2,improved,0.016779974102973938,0.02639290690422058,0.007167041301727295,-0.4621223211288452,7,11,accepted,Accepted by operator.
extensive,supported_by_both,"A term statistically associated with infrastructure, land, projects, cafe. Selected corpus use: research notes; alternative contexts: travel plan, purchase decision.","Covering a large area, amount, range, or degree.",summarization_synthesis,research_notes,mixedbread-ai/mxbai-embed-large-v1,improved,0.12531158328056335,0.16301852464675903,0.08760464191436768,-0.1724606156349182,11,11,sentence-transformers/all-MiniLM-L6-v2,improved,0.06052599847316742,0.04516398906707764,0.0758880078792572,-0.34110569953918457,12,11,accepted,Accepted by operator.
facilities,supported_by_both,"A term statistically associated with accommodate, buildings, production, industrial. Selected corpus use: shopping arithmetic; alternative contexts: physical safety, privacy security.","Buildings, equipment, or services provided for a particular activity.",reasoning_verification,shopping_arithmetic,mixedbread-ai/mxbai-embed-large-v1,improved,0.09896856546401978,0.17395591735839844,0.023981213569641113,-0.24867957830429077,3,12,sentence-transformers/all-MiniLM-L6-v2,improved,0.20942020416259766,0.2803196907043457,0.1385207176208496,-0.4288802146911621,1,11,accepted,Accepted by operator.
failures,supported_by_both,"A term statistically associated with intervention, crisis, equipment, bank. Selected corpus use: personal finance; alternative contexts: peripheral, network connection.",Instances in which an intended result is not achieved.,explanation_learning,personal_finance,mixedbread-ai/mxbai-embed-large-v1,improved,0.14193947613239288,0.2196958363056183,0.06418311595916748,-0.28579920530319214,5,12,sentence-transformers/all-MiniLM-L6-v2,improved,0.12764737010002136,0.1742883324623108,0.08100640773773193,-0.44462940096855164,3,11,accepted,Accepted by operator.
firm,supported_by_both,"A term statistically associated with investment, dough, assets, report. Selected corpus use: support reply; alternative contexts: small project, learning plan.",Solid or stable; also a business organization.,writing_transformation,support_reply,mixedbread-ai/mxbai-embed-large-v1,improved,0.09595611691474915,0.14994239807128906,0.04196983575820923,-0.29567790031433105,2,6,sentence-transformers/all-MiniLM-L6-v2,improved,0.12731647491455078,0.11565631628036499,0.13897663354873657,-0.45655345916748047,4,7,accepted,Accepted by operator.
flexible,supported_by_both,"A term statistically associated with yoga, efficient, accommodate, allow. Selected corpus use: project update; alternative contexts: small project, learning plan.","Able to bend, adapt, or change without breaking.",summarization_synthesis,project_update,mixedbread-ai/mxbai-embed-large-v1,improved,0.0704893171787262,0.13308465480804443,0.007893979549407959,-0.3000316321849823,8,14,sentence-transformers/all-MiniLM-L6-v2,improved,0.2676251381635666,0.35205864906311035,0.18319162726402283,-0.44635698199272156,13,12,accepted,Accepted by operator.
flows,supported_by_both,"A term statistically associated with river, volcanic, cash, ash. Selected corpus use: project update; alternative contexts: learning plan, small project.","Moves continuously, especially as a liquid, current, or sequence.",writing_transformation,project_update,mixedbread-ai/mxbai-embed-large-v1,improved,0.09273526072502136,0.1565442681312561,0.02892625331878662,-0.2668531537055969,3,9,sentence-transformers/all-MiniLM-L6-v2,improved,0.15328409522771835,0.22616590559482574,0.08040228486061096,-0.5651737153530121,5,8,accepted,Accepted by operator.
focusing,supported_by_both,"A term statistically associated with promotes, breathing, meditation, attention. Selected corpus use: learning notes; alternative contexts: life science, learning plan.","Directing attention, effort, or optical clarity toward something.",summarization_synthesis,learning_notes,mixedbread-ai/mxbai-embed-large-v1,improved,0.14868217706680298,0.18933594226837158,0.10802841186523438,-0.19669902324676514,7,13,sentence-transformers/all-MiniLM-L6-v2,improved,0.2107703536748886,0.2391136884689331,0.18242701888084412,-0.2079288363456726,13,13,accepted,Accepted by operator.
functional,supported_by_both,"A term statistically associated with brain, imaging, patients, activities. Selected corpus use: feature ideas; alternative contexts: privacy security, purchase decision.",Working as intended or designed for a practical purpose.,brainstorming_creativity,feature_ideas,mixedbread-ai/mxbai-embed-large-v1,improved,0.12988236546516418,0.17060649394989014,0.08915823698043823,-0.2055525779724121,9,3,sentence-transformers/all-MiniLM-L6-v2,improved,0.17790836840867996,0.18676233291625977,0.16905440390110016,-0.40074601769447327,5,8,accepted,Accepted by operator.
gains,supported_by_both,"A term statistically associated with income, capital, tax, investment. Selected corpus use: support thread; alternative contexts: personal finance, learning plan.","Increases, advantages, or benefits obtained.",summarization_synthesis,support_thread,mixedbread-ai/mxbai-embed-large-v1,improved,0.08496177196502686,0.12325435876846313,0.046669185161590576,-0.23633074760437012,12,11,sentence-transformers/all-MiniLM-L6-v2,improved,0.150150865316391,0.19753563404083252,0.10276609659194946,-0.3292911946773529,13,13,accepted,Accepted by operator.
headphones,supported_by_both,"A term statistically associated with noise, ear, ears, pair. Selected corpus use: project update; alternative contexts: policy memo, research notes.",A pair of small speakers worn over or in the ears.,summarization_synthesis,project_update,mixedbread-ai/mxbai-embed-large-v1,improved,0.08605366945266724,0.1847923994064331,-0.012685060501098633,-0.3471505045890808,4,12,sentence-transformers/all-MiniLM-L6-v2,improved,0.1165359616279602,0.1497938632965088,0.08327805995941162,-0.4647771865129471,5,8,accepted,Accepted by operator.
iconic,supported_by_both,"A term statistically associated with flavored, tower, artists, characters. Selected corpus use: course enrolment; alternative contexts: data pipeline, network connection.",Widely recognized as a representative symbol.,practical_action,course_enrolment,mixedbread-ai/mxbai-embed-large-v1,improved,0.06923434138298035,0.10938113927841187,0.029087543487548828,-0.25884073972702026,8,3,sentence-transformers/all-MiniLM-L6-v2,improved,0.1438116580247879,0.20203045010566711,0.08559286594390869,-0.45808573067188263,10,5,accepted,Accepted by operator.
imaging,supported_by_both,"A term statistically associated with magnetic, medical, brain, tissue. Selected corpus use: low cost activity; alternative contexts: medical information, physical safety.","The creation or processing of visual representations, often for diagnosis.",brainstorming_creativity,low_cost_activity,mixedbread-ai/mxbai-embed-large-v1,improved,0.05930188298225403,0.08011090755462646,0.03849285840988159,-0.14905881881713867,6,6,sentence-transformers/all-MiniLM-L6-v2,improved,0.11752767860889435,0.15465569496154785,0.08039966225624084,-0.2909673601388931,4,6,accepted,Accepted by operator.
implementing,supported_by_both,"A term statistically associated with standards, strategies, ensuring, website. Selected corpus use: event registration; alternative contexts: life science, media literacy.","Putting a plan, decision, or system into effect.",practical_action,event_registration,mixedbread-ai/mxbai-embed-large-v1,improved,0.15551596879959106,0.20628565549850464,0.10474628210067749,-0.26575225591659546,12,5,sentence-transformers/all-MiniLM-L6-v2,improved,0.23999042436480522,0.2674623653292656,0.21251848340034485,-0.3532439172267914,8,8,accepted,Accepted by operator.
indeed,supported_by_both,"A term statistically associated with showed, samples, breakfast, qualities. Selected corpus use: web form; alternative contexts: research notes, incident log.",In fact; used to confirm or emphasize a statement.,troubleshooting,web_form,mixedbread-ai/mxbai-embed-large-v1,improved,0.1995209902524948,0.19453635811805725,0.20450562238693237,-0.19687598943710327,6,10,sentence-transformers/all-MiniLM-L6-v2,improved,0.1905147284269333,0.13818129897117615,0.24284815788269043,-0.3807811141014099,9,7,accepted,Accepted by operator.
instances,supported_by_both,"A term statistically associated with instance, scientific, numerous, earliest. Selected corpus use: research notes; alternative contexts: learning plan, web form.",Individual examples or occurrences of something.,summarization_synthesis,research_notes,mixedbread-ai/mxbai-embed-large-v1,improved,0.09791040420532227,0.13491618633270264,0.060904622077941895,-0.13603216409683228,7,3,sentence-transformers/all-MiniLM-L6-v2,improved,0.14856022596359253,0.18918490409851074,0.10793554782867432,-0.13808834552764893,11,2,accepted,Accepted by operator.
interviews,supported_by_both,"A term statistically associated with says, pitch, weeks, videos. Selected corpus use: account access; alternative contexts: learning plan, purchase decision.",Structured conversations in which questions are asked to obtain information.,practical_action,account_access,mixedbread-ai/mxbai-embed-large-v1,improved,0.16626742482185364,0.23568999767303467,0.09684485197067261,-0.24070847034454346,11,11,sentence-transformers/all-MiniLM-L6-v2,improved,0.1463465318083763,0.1925949901342392,0.10009807348251343,-0.4861413836479187,12,13,accepted,Accepted by operator.
issued,supported_by_both,"A term statistically associated with bonds, governments, bond, government. Selected corpus use: outreach; alternative contexts: privacy security, financial decision.","Officially supplied, published, or sent out.",brainstorming_creativity,outreach,mixedbread-ai/mxbai-embed-large-v1,improved,0.11927992105484009,0.16003239154815674,0.07852745056152344,-0.20265203714370728,9,8,sentence-transformers/all-MiniLM-L6-v2,improved,0.15389256179332733,0.24863901734352112,0.059146106243133545,-0.4496747553348541,9,11,accepted,Accepted by operator.
jelly,supported_by_both,"A term statistically associated with peanut, butter, sandwich, bread. Selected corpus use: small project; alternative contexts: support thread, event plan.",A soft gel-like food or substance.,planning_comparison,small_project,mixedbread-ai/mxbai-embed-large-v1,improved,0.09732547402381897,0.13121169805526733,0.0634392499923706,-0.2601786255836487,9,9,sentence-transformers/all-MiniLM-L6-v2,improved,0.11249904334545135,0.12814486026763916,0.09685322642326355,-0.39195995032787323,11,7,accepted,Accepted by operator.
knowledge,supported_by_both,"A term statistically associated with zero, texts, skills, scientific. Selected corpus use: research notes; alternative contexts: life science, data literacy.","Information, understanding, and skills gained through learning or experience.",summarization_synthesis,research_notes,mixedbread-ai/mxbai-embed-large-v1,improved,0.1515600085258484,0.17012202739715576,0.13299798965454102,-0.1764235496520996,6,7,sentence-transformers/all-MiniLM-L6-v2,improved,0.24309667199850082,0.29583840072155,0.19035494327545166,-0.2915707230567932,14,14,accepted,Accepted by operator.
leg,supported_by_both,"A term statistically associated with squat, press, knee, arm. Selected corpus use: scope boundary; alternative contexts: learning plan, small project.","A limb used for support and movement, or one stage of a journey.",context_clarification,scope_boundary,mixedbread-ai/mxbai-embed-large-v1,improved,0.0669533908367157,0.1112215518951416,0.022685229778289795,-0.2134554386138916,11,4,sentence-transformers/all-MiniLM-L6-v2,improved,0.0835418850183487,0.05356106162071228,0.11352270841598511,-0.28387153148651123,10,12,accepted,Accepted by operator.
lifetime,supported_by_both,"A term statistically associated with awards, award, novels, million. Selected corpus use: support thread; alternative contexts: purchase decision, learning plan.",The period during which a person or thing exists or functions.,summarization_synthesis,support_thread,mixedbread-ai/mxbai-embed-large-v1,improved,0.08723534643650055,0.10681208968162537,0.06765860319137573,-0.16621077060699463,11,10,sentence-transformers/all-MiniLM-L6-v2,improved,0.16381995379924774,0.13244494795799255,0.19519495964050293,-0.3866531252861023,11,12,accepted,Accepted by operator.
locations,supported_by_both,"A term statistically associated with parks, occurs, stores, visits. Selected corpus use: research notes; alternative contexts: purchase decision, learning plan.",Particular places or positions.,summarization_synthesis,research_notes,mixedbread-ai/mxbai-embed-large-v1,improved,0.14217722415924072,0.2272655963897705,0.05708885192871094,-0.27250003814697266,10,14,sentence-transformers/all-MiniLM-L6-v2,improved,0.24072076380252838,0.3411537706851959,0.14028775691986084,-0.39865821599960327,8,11,accepted,Accepted by operator.
lucky,supported_by_both,"A term statistically associated with girl, you're, realize, tooth. Selected corpus use: schedule entry; alternative contexts: small project, learning plan.",Having or bringing favorable outcomes by chance.,extraction_classification,schedule_entry,mixedbread-ai/mxbai-embed-large-v1,improved,0.17434200644493103,0.1840360164642334,0.16464799642562866,-0.2221267819404602,3,11,sentence-transformers/all-MiniLM-L6-v2,improved,0.21299685537815094,0.18995241820812225,0.23604129254817963,-0.1626378893852234,6,6,accepted,Accepted by operator.
lyrics,supported_by_both,"A term statistically associated with song, melody, tune, performances. Selected corpus use: subscriptions; alternative contexts: email, technical explanation.",The words written or sung in a song.,practical_action,subscriptions,mixedbread-ai/mxbai-embed-large-v1,improved,0.18670669198036194,0.2583966851234436,0.11501669883728027,-0.24103164672851562,7,12,sentence-transformers/all-MiniLM-L6-v2,improved,0.14937087893486023,0.20097041130065918,0.09777134656906128,-0.35305055975914,11,12,accepted,Accepted by operator.
major,supported_by_both,"A term statistically associated with baseball, championships, golf, cities. Selected corpus use: project update; alternative contexts: small project, purchase decision.",Important or large in scale; also a principal field of study.,summarization_synthesis,project_update,mixedbread-ai/mxbai-embed-large-v1,improved,0.16986829042434692,0.18240982294082642,0.15732675790786743,-0.16128027439117432,10,11,sentence-transformers/all-MiniLM-L6-v2,improved,0.16463401168584824,0.16155587136745453,0.16771215200424194,-0.31994912028312683,9,10,accepted,Accepted by operator.
maps,supported_by_both,"A term statistically associated with treasure, missions, search, spanning. Selected corpus use: project update; alternative contexts: file sync, network connection.","Representations showing places, relationships, or structured information.",summarization_synthesis,project_update,mixedbread-ai/mxbai-embed-large-v1,improved,0.11410596966743469,0.16145437955856323,0.06675755977630615,-0.15446525812149048,10,7,sentence-transformers/all-MiniLM-L6-v2,improved,0.10610103607177734,0.15752774477005005,0.05467432737350464,-0.277074933052063,9,11,accepted,Accepted by operator.
marks,supported_by_both,"A term statistically associated with departure, dozen, paint, oriented. Selected corpus use: explanation; alternative contexts: peripheral, data pipeline.","Visible signs, recorded scores, or indications left by something.",critique_revision,explanation,mixedbread-ai/mxbai-embed-large-v1,improved,0.07877328991889954,0.11675208806991577,0.0407944917678833,-0.21661067008972168,8,8,sentence-transformers/all-MiniLM-L6-v2,improved,0.2504425719380379,0.24595612287521362,0.2549290210008621,-0.39027172327041626,4,12,accepted,Accepted by operator.
maximum,supported_by_both,"A term statistically associated with speed, minimum, efficiency, mph. Selected corpus use: project update; alternative contexts: learning plan, purchase decision.","The greatest amount, value, or degree permitted or possible.",writing_transformation,project_update,mixedbread-ai/mxbai-embed-large-v1,improved,0.15369662642478943,0.17945992946624756,0.1279333233833313,-0.2762291431427002,7,12,sentence-transformers/all-MiniLM-L6-v2,improved,0.2538462057709694,0.28767235577106476,0.22002005577087402,-0.5379443764686584,9,10,accepted,Accepted by operator.
merge,supported_by_both,"A term statistically associated with sort, sorted, algorithm, returns. Selected corpus use: feature ideas; alternative contexts: purchase decision, file sync.",To combine separate things into one whole.,brainstorming_creativity,feature_ideas,mixedbread-ai/mxbai-embed-large-v1,improved,0.21714437007904053,0.26586753129959106,0.16842120885849,-0.2122737169265747,11,5,sentence-transformers/all-MiniLM-L6-v2,improved,0.2653864026069641,0.2863645553588867,0.2444082498550415,-0.48666054010391235,10,6,accepted,Accepted by operator.
minute,supported_by_both,"A term statistically associated with bar, minutes, hour, seconds. Selected corpus use: learning plan; alternative contexts: network connection, file sync.","A unit of sixty seconds, or extremely small in size.",planning_comparison,learning_plan,mixedbread-ai/mxbai-embed-large-v1,improved,0.024316787719726562,0.053539156913757324,-0.004905581474304199,-0.2996547818183899,10,5,sentence-transformers/all-MiniLM-L6-v2,improved,0.09293065965175629,0.0776432454586029,0.10821807384490967,-0.4807993173599243,11,12,accepted,Accepted by operator.
missions,supported_by_both,"A term statistically associated with lunar, moon, spacecraft, engineers. Selected corpus use: simple probability; alternative contexts: event plan, loss disappointment.",Organized tasks or journeys undertaken for a specific purpose.,reasoning_verification,simple_probability,mixedbread-ai/mxbai-embed-large-v1,improved,0.1437770426273346,0.20219510793685913,0.08535897731781006,-0.12262159585952759,2,9,sentence-transformers/all-MiniLM-L6-v2,improved,0.138856440782547,0.16704970598220825,0.11066317558288574,-0.26030147075653076,5,9,accepted,Accepted by operator.
mon,supported_by_both,"A term statistically associated with type, fire, ice, water. Selected corpus use: claim evidence; alternative contexts: interface copy, argument.",A colloquial form of man used in some dialects and accents.,critique_revision,claim_evidence,mixedbread-ai/mxbai-embed-large-v1,improved,0.044823646545410156,0.023566484451293945,0.06608080863952637,-0.12077999114990234,7,9,sentence-transformers/all-MiniLM-L6-v2,improved,0.1706823706626892,0.07724542915821075,0.26411931216716766,-0.3803958296775818,3,9,accepted,Accepted by operator.
mustard,supported_by_both,"A term statistically associated with seeds, onions, yellow, sauce. Selected corpus use: small project; alternative contexts: low cost activity, writing prompts.",A pungent condiment made from mustard seeds.,planning_comparison,small_project,mixedbread-ai/mxbai-embed-large-v1,improved,0.12195178866386414,0.17244720458984375,0.07145637273788452,-0.3649546205997467,8,10,sentence-transformers/all-MiniLM-L6-v2,improved,0.2703256458044052,0.3367362320423126,0.2039150595664978,-0.5347084179520607,8,8,accepted,Accepted by operator.
nearly,supported_by_both,"A term statistically associated with years, percent, half, widespread. Selected corpus use: project update; alternative contexts: small project, travel plan.","Almost, but not completely.",summarization_synthesis,project_update,mixedbread-ai/mxbai-embed-large-v1,improved,0.1806887686252594,0.2876070737838745,0.07377046346664429,-0.35420799255371094,11,12,sentence-transformers/all-MiniLM-L6-v2,improved,0.26254360377788544,0.40852707624435425,0.11656013131141663,-0.5566532462835312,11,1,accepted,Accepted by operator.
nominated,supported_by_both,"A term statistically associated with awards, award, picture, films. Selected corpus use: purchase decision; alternative contexts: file sync, network connection.","Formally proposed for a position, award, or selection.",planning_comparison,purchase_decision,mixedbread-ai/mxbai-embed-large-v1,improved,0.07774683833122253,0.11626803874969482,0.039225637912750244,-0.2847656011581421,7,8,sentence-transformers/all-MiniLM-L6-v2,improved,0.0718720555305481,0.068280428647995,0.0754636824131012,-0.420124888420105,6,4,accepted,Accepted by operator.
offset,supported_by_both,"A term statistically associated with alphabet, consumer, letters, net. Selected corpus use: outreach; alternative contexts: interface copy, email.","To counterbalance an effect, cost, amount, or position.",brainstorming_creativity,outreach,mixedbread-ai/mxbai-embed-large-v1,improved,0.055731236934661865,0.08706063032150269,0.024401843547821045,-0.21776676177978516,8,6,sentence-transformers/all-MiniLM-L6-v2,improved,0.19066468626260757,0.2086877077817917,0.17264166474342346,-0.3629119396209717,8,3,accepted,Accepted by operator.
owning,supported_by_both,"A term statistically associated with pet, cat, property, responsibility. Selected corpus use: table comparison; alternative contexts: email, meeting notes.",Having legal possession or control of something.,reasoning_verification,table_comparison,mixedbread-ai/mxbai-embed-large-v1,improved,0.19509628415107727,0.23879820108413696,0.15139436721801758,-0.27187222242355347,6,10,sentence-transformers/all-MiniLM-L6-v2,improved,0.2770617678761482,0.3044905811548233,0.24963295459747314,-0.507997915148735,7,12,accepted,Accepted by operator.
pairs,supported_by_both,"A term statistically associated with prompt, human, sentences, function. Selected corpus use: learning notes; alternative contexts: logical constraints, data literacy.",Sets consisting of two related or matching things.,summarization_synthesis,learning_notes,mixedbread-ai/mxbai-embed-large-v1,improved,0.18824125826358795,0.2530706226825714,0.12341189384460449,-0.2603585720062256,6,12,sentence-transformers/all-MiniLM-L6-v2,improved,0.37856870889663696,0.4139965772628784,0.3431408405303955,-0.4235832095146179,10,9,accepted,Accepted by operator.
picnic,supported_by_both,"A term statistically associated with lunch, sandwiches, beach, hike. Selected corpus use: physical safety; alternative contexts: low cost activity, home repair.","A meal eaten outdoors, often during a leisure outing.",safety_uncertainty,physical_safety,mixedbread-ai/mxbai-embed-large-v1,improved,0.07355192303657532,0.16266459226608276,-0.015560746192932129,-0.3285555839538574,1,12,sentence-transformers/all-MiniLM-L6-v2,improved,0.20186276733875275,0.2896653115749359,0.11406022310256958,-0.5275904983282089,2,14,accepted,Accepted by operator.
positive,supported_by_both,"A term statistically associated with negative, sentiment, charge, charges. Selected corpus use: survey response; alternative contexts: small project, learning plan.","Favorable, present rather than absent, or greater than zero.",extraction_classification,survey_response,mixedbread-ai/mxbai-embed-large-v1,improved,0.135644793510437,0.16291320323944092,0.1083763837814331,-0.22552567720413208,3,7,sentence-transformers/all-MiniLM-L6-v2,improved,0.08449102938175201,0.09230178594589233,0.0766802728176117,-0.3659023940563202,4,2,accepted,Accepted by operator.
primarily,supported_by_both,"A term statistically associated with fossil, agricultural, fuels, composed. Selected corpus use: technical explanation; alternative contexts: peripheral, data pipeline.",Mainly or for the most important part.,writing_transformation,technical_explanation,mixedbread-ai/mxbai-embed-large-v1,improved,0.22616121172904968,0.2958805561065674,0.15644186735153198,-0.22729802131652832,7,8,sentence-transformers/all-MiniLM-L6-v2,improved,0.3198346942663193,0.45663905143737793,0.18303033709526062,-0.4370899647474289,4,7,accepted,Accepted by operator.
prime,supported_by_both,"A term statistically associated with minister, numbers, number, serving. Selected corpus use: purchase decision; alternative contexts: network connection, sequence pattern.",Of greatest importance or quality; also divisible only by one and itself.,planning_comparison,purchase_decision,mixedbread-ai/mxbai-embed-large-v1,improved,0.05034193396568298,0.055905699729919434,0.04477816820144653,-0.2169843316078186,9,12,sentence-transformers/all-MiniLM-L6-v2,improved,0.08199916034936905,0.08076371252536774,0.08323460817337036,-0.3526386618614197,10,10,accepted,Accepted by operator.
province,supported_by_both,"A term statistically associated with population, district, capital, city. Selected corpus use: support thread; alternative contexts: purchase decision, small project.",A principal administrative region within a country.,summarization_synthesis,support_thread,mixedbread-ai/mxbai-embed-large-v1,improved,0.12321063876152039,0.17610281705856323,0.07031846046447754,-0.2885197401046753,10,10,sentence-transformers/all-MiniLM-L6-v2,improved,0.2082357555627823,0.22961702942848206,0.18685448169708252,-0.44087184965610504,11,11,accepted,Accepted by operator.
psychological,supported_by_both,"A term statistically associated with thriller, horror, child's, psychology. Selected corpus use: instructions; alternative contexts: physical safety, financial decision.","Relating to the mind, emotions, or behavior.",critique_revision,instructions,mixedbread-ai/mxbai-embed-large-v1,improved,0.0639553964138031,0.08406925201416016,0.043841540813446045,-0.15335649251937866,2,7,sentence-transformers/all-MiniLM-L6-v2,improved,0.15842276811599731,0.18096071481704712,0.1358848214149475,-0.1932629942893982,5,5,accepted,Accepted by operator.
purposes,supported_by_both,"A term statistically associated with used, serve, rank, religion. Selected corpus use: course enrolment; alternative contexts: learning plan, small project.","Intended goals, uses, or reasons for doing something.",practical_action,course_enrolment,mixedbread-ai/mxbai-embed-large-v1,improved,0.2355588674545288,0.2692772150039673,0.20184051990509033,-0.23160195350646973,8,5,sentence-transformers/all-MiniLM-L6-v2,improved,0.3548092618584633,0.36992214620113373,0.33969637751579285,-0.34301188588142395,8,12,accepted,Accepted by operator.
putting,supported_by_both,"A term statistically associated with involves, productivity, things, cars. Selected corpus use: research notes; alternative contexts: learning plan, small project.",Placing something somewhere or bringing it into a stated condition.,summarization_synthesis,research_notes,mixedbread-ai/mxbai-embed-large-v1,improved,0.20806364715099335,0.21755006909370422,0.19857722520828247,-0.2658562660217285,9,14,sentence-transformers/all-MiniLM-L6-v2,improved,0.2116502746939659,0.20151783525943756,0.22178271412849426,-0.5232995897531509,11,8,accepted,Accepted by operator.
qualities,supported_by_both,"A term statistically associated with distinctive, vegetable, soil, varying. Selected corpus use: table comparison; alternative contexts: peripheral, learning plan.",Distinctive attributes or degrees of excellence.,reasoning_verification,table_comparison,mixedbread-ai/mxbai-embed-large-v1,improved,0.18651333451271057,0.24388855695724487,0.12913811206817627,-0.18381118774414062,6,8,sentence-transformers/all-MiniLM-L6-v2,improved,0.42863935232162476,0.472272664308548,0.38500604033470154,-0.3840126395225525,8,7,accepted,Accepted by operator.
racial,supported_by_both,"A term statistically associated with rights, civil, laws, prejudice. Selected corpus use: argument; alternative contexts: social mistake, personal finance.",Relating to socially defined groups associated with ancestry or physical traits.,critique_revision,argument,mixedbread-ai/mxbai-embed-large-v1,improved,0.06997931003570557,0.10324490070343018,0.03671371936798096,-0.17459815740585327,9,12,sentence-transformers/all-MiniLM-L6-v2,improved,0.14000394940376282,0.11701738834381104,0.1629905104637146,-0.11481040716171265,6,4,accepted,Accepted by operator.
ranges,supported_by_both,"A term statistically associated with mountain, peaks, mountains, temperature. Selected corpus use: policy memo; alternative contexts: article excerpt, learning plan.",Spans between limits or groups of possible values.,summarization_synthesis,policy_memo,mixedbread-ai/mxbai-embed-large-v1,improved,0.1378999650478363,0.18034005165100098,0.09545987844467163,-0.20110762119293213,5,11,sentence-transformers/all-MiniLM-L6-v2,improved,0.2557552233338356,0.3127889186143875,0.1987215280532837,-0.4885188788175583,3,10,accepted,Accepted by operator.
reaching,supported_by_both,"A term statistically associated with speeds, increased, fastest, mph. Selected corpus use: mathematics; alternative contexts: event plan, small project.","Arriving at, extending to, or making contact with something.",explanation_learning,mathematics,mixedbread-ai/mxbai-embed-large-v1,improved,0.26972323656082153,0.290539026260376,0.2489074468612671,-0.1906672716140747,4,13,sentence-transformers/all-MiniLM-L6-v2,improved,0.3521811366081238,0.3851160705089569,0.31924620270729065,-0.3830931633710861,5,12,accepted,Accepted by operator.
recording,supported_by_both,"A term statistically associated with artist, music, awards, mixing. Selected corpus use: appointments; alternative contexts: network connection, web form.","Stored audio, video, data, or the act of capturing it.",practical_action,appointments,mixedbread-ai/mxbai-embed-large-v1,improved,0.21289849281311035,0.25119781494140625,0.17459917068481445,-0.24444621801376343,6,6,sentence-transformers/all-MiniLM-L6-v2,improved,0.2692602723836899,0.34298568964004517,0.1955348551273346,-0.3963124752044678,10,9,accepted,Accepted by operator.
replacement,supported_by_both,"A term statistically associated with lasts, usage, retirement, waiting. Selected corpus use: workflow; alternative contexts: purchase decision, small project.",A person or thing that takes the place of another.,brainstorming_creativity,workflow,mixedbread-ai/mxbai-embed-large-v1,improved,0.1601923406124115,0.1997206211090088,0.12066406011581421,-0.22322988510131836,9,8,sentence-transformers/all-MiniLM-L6-v2,improved,0.12205203622579575,0.10484553873538971,0.13925853371620178,-0.4360615909099579,4,8,accepted,Accepted by operator.
resident,supported_by_both,"A term statistically associated with evil, foreign, concern, spent. Selected corpus use: writing prompts; alternative contexts: email, support reply.",A person who lives in a particular place.,brainstorming_creativity,writing_prompts,mixedbread-ai/mxbai-embed-large-v1,improved,0.2403872013092041,0.353959858417511,0.12681454420089722,-0.29746508598327637,8,6,sentence-transformers/all-MiniLM-L6-v2,improved,0.4577924944460392,0.4780680313706398,0.4375169575214386,-0.4157480150461197,5,6,accepted,Accepted by operator.
responsible,supported_by_both,"A term statistically associated with maintaining, emissions, attacks, producing. Selected corpus use: feature ideas; alternative contexts: financial decision, privacy security.","Accountable for an action, duty, or outcome.",brainstorming_creativity,feature_ideas,mixedbread-ai/mxbai-embed-large-v1,improved,0.20010051131248474,0.26385074853897095,0.13635027408599854,-0.23591476678848267,11,6,sentence-transformers/all-MiniLM-L6-v2,improved,0.44563642889261246,0.4752758890390396,0.4159969687461853,-0.38364626467227936,9,6,accepted,Accepted by operator.
reveal,supported_by_both,"A term statistically associated with gender, pink, balloon, cake. Selected corpus use: research notes; alternative contexts: shopping arithmetic, logical constraints.",To make previously hidden information visible or known.,summarization_synthesis,research_notes,mixedbread-ai/mxbai-embed-large-v1,improved,0.19603529572486877,0.22100988030433655,0.171060711145401,-0.1954350471496582,10,6,sentence-transformers/all-MiniLM-L6-v2,improved,0.444409042596817,0.41295455396175385,0.4758635312318802,-0.38086605072021484,9,9,accepted,Accepted by operator.
ruler,supported_by_both,"A term statistically associated with measure, god, century, paper. Selected corpus use: project update; alternative contexts: home repair, data pipeline.",A measuring instrument or a person who governs.,writing_transformation,project_update,mixedbread-ai/mxbai-embed-large-v1,improved,0.14429715275764465,0.21393638849258423,0.07465791702270508,-0.305680513381958,1,11,sentence-transformers/all-MiniLM-L6-v2,improved,0.31869958341121674,0.28609707951545715,0.3513020873069763,-0.4453855901956558,1,10,accepted,Accepted by operator.
segment,supported_by_both,"A term statistically associated with horizontal, firm, business, car. Selected corpus use: technical explanation; alternative contexts: receipt, travel information.",A distinct part of a larger whole.,writing_transformation,technical_explanation,mixedbread-ai/mxbai-embed-large-v1,improved,0.044786661863327026,0.0741497278213501,0.015423595905303955,-0.21369755268096924,5,11,sentence-transformers/all-MiniLM-L6-v2,improved,0.1385347843170166,0.19781649112701416,0.07925307750701904,-0.49142125248908997,4,5,accepted,Accepted by operator.
sexual,supported_by_both,"A term statistically associated with conduct, selection, abuse, gender. Selected corpus use: account access; alternative contexts: financial decision, privacy security.","Relating to sex, sexuality, or sexual reproduction.",practical_action,account_access,mixedbread-ai/mxbai-embed-large-v1,improved,0.21456128358840942,0.22322189807891846,0.2059006690979004,-0.1957719922065735,5,7,sentence-transformers/all-MiniLM-L6-v2,improved,0.4728049859404564,0.43986278772354126,0.5057471841573715,-0.16862958669662476,3,10,accepted,Accepted by operator.
shift,supported_by_both,"A term statistically associated with gear, night, sons, cover. Selected corpus use: interface copy; alternative contexts: travel plan, purchase decision.","A change in position or emphasis, or a scheduled period of work.",critique_revision,interface_copy,mixedbread-ai/mxbai-embed-large-v1,improved,0.1469951570034027,0.14983421564102173,0.1441560983657837,-0.1773228645324707,8,6,sentence-transformers/all-MiniLM-L6-v2,improved,0.25445257127285004,0.19905564188957214,0.30984950065612793,-0.43383073806762695,5,8,accepted,Accepted by operator.
sides,supported_by_both,"A term statistically associated with triangle, equal, angles, square. Selected corpus use: format preference; alternative contexts: support reply, email.","Surfaces, positions, or groups opposed within a situation.",context_clarification,format_preference,mixedbread-ai/mxbai-embed-large-v1,improved,0.08294165134429932,0.1351293921470642,0.030753910541534424,-0.1873738169670105,8,3,sentence-transformers/all-MiniLM-L6-v2,improved,0.13136576116085052,0.17463192343711853,0.08809959888458252,-0.23211178183555603,4,5,accepted,Accepted by operator.
smart,supported_by_both,"A term statistically associated with devices, ring, loyal, iphone. Selected corpus use: learning notes; alternative contexts: purchase decision, learning plan.","Intelligent, stylish, or enabled by digital technology.",summarization_synthesis,learning_notes,mixedbread-ai/mxbai-embed-large-v1,improved,0.08182257413864136,0.09492826461791992,0.06871688365936279,-0.2595975399017334,11,14,sentence-transformers/all-MiniLM-L6-v2,improved,0.15056341886520386,0.14855265617370605,0.15257418155670166,-0.3474366217851639,13,14,accepted,Accepted by operator.
solar,supported_by_both,"A term statistically associated with panels, planets, energy, planet. Selected corpus use: peripheral; alternative contexts: small project, travel plan.",Relating to the Sun or energy obtained from sunlight.,troubleshooting,peripheral,mixedbread-ai/mxbai-embed-large-v1,improved,0.15498220920562744,0.18437862396240234,0.12558579444885254,-0.2497793436050415,7,6,sentence-transformers/all-MiniLM-L6-v2,improved,0.13161787390708923,0.12886255979537964,0.13437318801879883,-0.37946850061416626,2,2,accepted,Accepted by operator.
spots,supported_by_both,"A term statistically associated with tourist, evenly, parking, vacation. Selected corpus use: personal finance; alternative contexts: learning plan, small project.","Small marks, particular places, or brief areas of attention.",explanation_learning,personal_finance,mixedbread-ai/mxbai-embed-large-v1,improved,0.12464261054992676,0.18999040126800537,0.059294819831848145,-0.21834474802017212,7,11,sentence-transformers/all-MiniLM-L6-v2,improved,0.34507620707154274,0.36380452662706375,0.32634788751602173,-0.41636863350868225,4,14,accepted,Accepted by operator.
stages,supported_by_both,"A term statistically associated with three, increases, initial, cycle. Selected corpus use: civics; alternative contexts: purchase decision, small project.",Distinct phases of a process or platforms used for performance.,explanation_learning,civics,mixedbread-ai/mxbai-embed-large-v1,improved,0.12602457404136658,0.18563097715377808,0.06641817092895508,-0.25587499141693115,4,12,sentence-transformers/all-MiniLM-L6-v2,improved,0.1739017367362976,0.23442494869232178,0.11337852478027344,-0.48036500811576843,6,11,accepted,Accepted by operator.
standards,supported_by_both,"A term statistically associated with implementing, management, adopted, industry. Selected corpus use: feature ideas; alternative contexts: privacy security, financial decision.",Accepted rules or levels used to judge quality and consistency.,brainstorming_creativity,feature_ideas,mixedbread-ai/mxbai-embed-large-v1,improved,0.14169225096702576,0.2109646201133728,0.07241988182067871,-0.2420695424079895,8,7,sentence-transformers/all-MiniLM-L6-v2,improved,0.28895747661590576,0.32818835973739624,0.24972659349441528,-0.37194564938545227,8,13,accepted,Accepted by operator.
steady,supported_by_both,"A term statistically associated with slow, tortoise, pace, swim. Selected corpus use: course enrolment; alternative contexts: learning plan, small project.","Stable, regular, and not changing suddenly.",practical_action,course_enrolment,mixedbread-ai/mxbai-embed-large-v1,improved,0.14651831984519958,0.22567147016525269,0.06736516952514648,-0.272482693195343,12,2,sentence-transformers/all-MiniLM-L6-v2,improved,0.19925522804260254,0.269775927066803,0.1287345290184021,-0.38144952058792114,11,3,accepted,Accepted by operator.
storms,supported_by_both,"A term statistically associated with dust, melting, lightning, retreat. Selected corpus use: table comparison; alternative contexts: peripheral, network connection.","Severe atmospheric disturbances involving wind, rain, snow, or thunder.",reasoning_verification,table_comparison,mixedbread-ai/mxbai-embed-large-v1,improved,0.13429465889930725,0.22420883178710938,0.04438048601150513,-0.3435080647468567,7,12,sentence-transformers/all-MiniLM-L6-v2,improved,0.13197359442710876,0.2247655987739563,0.03918159008026123,-0.4267366826534271,12,10,accepted,Accepted by operator.
strength,supported_by_both,"A term statistically associated with muscle, endurance, muscular, training. Selected corpus use: web form; alternative contexts: peripheral, purchase decision.","The capacity to resist force, act effectively, or provide an advantage.",troubleshooting,web_form,mixedbread-ai/mxbai-embed-large-v1,improved,0.01794379949569702,0.04118841886520386,-0.0053008198738098145,-0.2593267560005188,2,12,sentence-transformers/all-MiniLM-L6-v2,improved,0.12900015711784363,0.1364516019821167,0.12154871225357056,-0.4315195232629776,1,11,accepted,Accepted by operator.
stretching,supported_by_both,"A term statistically associated with cardio, muscles, yoga, coral. Selected corpus use: policy memo; alternative contexts: learning plan, small project.","Extending length, range, muscles, or available resources.",summarization_synthesis,policy_memo,mixedbread-ai/mxbai-embed-large-v1,improved,0.07738608121871948,0.10872739553451538,0.046044766902923584,-0.2569240927696228,6,14,sentence-transformers/all-MiniLM-L6-v2,improved,0.18240444362163544,0.22696852684020996,0.1378403604030609,-0.4058486521244049,10,13,accepted,Accepted by operator.
strike,supported_by_both,"A term statistically associated with writers, lightning, strikes, ball. Selected corpus use: web form; alternative contexts: learning plan, peripheral.","To hit, to stop work collectively, or to occur suddenly.",troubleshooting,web_form,mixedbread-ai/mxbai-embed-large-v1,improved,0.10521659255027771,0.14351630210876465,0.06691688299179077,-0.20394986867904663,8,10,sentence-transformers/all-MiniLM-L6-v2,improved,0.12815174460411072,0.11373421549797058,0.14256927371025085,-0.4384884238243103,6,8,accepted,Accepted by operator.
stuck,supported_by_both,"A term statistically associated with traffic, get, broken, jar. Selected corpus use: instructions; alternative contexts: file sync, network connection.","Unable to move, progress, or escape a position.",critique_revision,instructions,mixedbread-ai/mxbai-embed-large-v1,improved,0.14240658283233643,0.22004151344299316,0.06477165222167969,-0.37642839550971985,7,6,sentence-transformers/all-MiniLM-L6-v2,improved,0.09208759665489197,0.10126563906669617,0.08290955424308777,-0.5092661380767822,9,8,accepted,Accepted by operator.
study,supported_by_both,"A term statistically associated with scientists, scientist, static, biological. Selected corpus use: research notes; alternative contexts: learning plan, purchase decision.",The act of learning or a systematic investigation of a subject.,summarization_synthesis,research_notes,mixedbread-ai/mxbai-embed-large-v1,improved,0.16773077845573425,0.19470161199569702,0.14075994491577148,-0.16457617282867432,10,7,sentence-transformers/all-MiniLM-L6-v2,improved,0.17966708540916443,0.20450317859649658,0.15483099222183228,-0.34703508019447327,12,7,accepted,Accepted by operator.
substantial,supported_by_both,"A term statistically associated with amount, since, influence, brand. Selected corpus use: policy memo; alternative contexts: project update, financial decision.","Large, important, solid, or strongly supported.",summarization_synthesis,policy_memo,mixedbread-ai/mxbai-embed-large-v1,improved,0.09935271739959717,0.1688665747642517,0.029838860034942627,-0.24457424879074097,7,13,sentence-transformers/all-MiniLM-L6-v2,improved,0.31992778182029724,0.30111488699913025,0.33874067664146423,-0.36966806650161743,10,8,accepted,Accepted by operator.
survived,supported_by_both,"A term statistically associated with inhabitants, destruction, landing, sons. Selected corpus use: event registration; alternative contexts: network connection, small project.","Remained alive, present, or functional despite danger or difficulty.",practical_action,event_registration,mixedbread-ai/mxbai-embed-large-v1,improved,0.21597248315811157,0.32578134536743164,0.1061636209487915,-0.29223835468292236,3,5,sentence-transformers/all-MiniLM-L6-v2,improved,0.2729932814836502,0.34123554825782776,0.20475101470947266,-0.43773868680000305,4,4,accepted,Accepted by operator.
taste,supported_by_both,"A term statistically associated with bitter, sweetness, sour, tongue. Selected corpus use: support thread; alternative contexts: small project, purchase decision.","The sense of flavor, a small sample, or a preference in style.",summarization_synthesis,support_thread,mixedbread-ai/mxbai-embed-large-v1,improved,0.03515082597732544,0.08904844522476196,-0.018746793270111084,-0.18889498710632324,7,13,sentence-transformers/all-MiniLM-L6-v2,improved,0.0764053463935852,0.12305974960327148,0.029750943183898926,-0.2043839693069458,12,13,accepted,Accepted by operator.
territory,supported_by_both,"A term statistically associated with islands, square, island, east. Selected corpus use: project update; alternative contexts: network connection, file sync.",An area of land or a defined field of activity or control.,summarization_synthesis,project_update,mixedbread-ai/mxbai-embed-large-v1,improved,0.13978111743927002,0.17438077926635742,0.10518145561218262,-0.20632433891296387,6,10,sentence-transformers/all-MiniLM-L6-v2,improved,0.1296321004629135,0.11581873893737793,0.1434454619884491,-0.32029420137405396,10,13,accepted,Accepted by operator.
threw,supported_by_both,"A term statistically associated with yards, cow, game, ball. Selected corpus use: claim evidence; alternative contexts: peripheral, data pipeline.","Past tense of throw: propelled, discarded, caused, or organized.",critique_revision,claim_evidence,mixedbread-ai/mxbai-embed-large-v1,improved,0.23647618293762207,0.22374093532562256,0.24921143054962158,-0.18512558937072754,9,7,sentence-transformers/all-MiniLM-L6-v2,improved,0.41287439316511154,0.3417856842279434,0.48396310210227966,-0.4581872820854187,4,6,accepted,Accepted by operator.
titled,supported_by_both,"A term statistically associated with album, self, artist, published. Selected corpus use: course enrolment; alternative contexts: email, meeting notes.","Given a name, heading, rank, or legal ownership.",practical_action,course_enrolment,mixedbread-ai/mxbai-embed-large-v1,improved,0.08526799082756042,0.07935011386871338,0.09118586778640747,-0.2063949704170227,11,4,sentence-transformers/all-MiniLM-L6-v2,improved,0.059957727789878845,0.038789302110672,0.0811261534690857,-0.3729100227355957,8,1,accepted,Accepted by operator.
tour,supported_by_both,"A term statistically associated with golf, world, grossing, museum. Selected corpus use: project update; alternative contexts: small project, travel plan.","A journey through several places, often for visits or performances.",summarization_synthesis,project_update,mixedbread-ai/mxbai-embed-large-v1,improved,0.11924231052398682,0.17213433980941772,0.06635028123855591,-0.29735249280929565,12,10,sentence-transformers/all-MiniLM-L6-v2,improved,0.2866009473800659,0.26770633459091187,0.30549556016921997,-0.35378456115722656,9,12,accepted,Accepted by operator.
triggered,supported_by_both,"A term statistically associated with damaged, loop, reactions, earthquake. Selected corpus use: historical note; alternative contexts: peripheral, work stress.","Caused an event, process, or reaction to begin.",grounded_qa,historical_note,mixedbread-ai/mxbai-embed-large-v1,improved,0.04868742823600769,0.07254171371459961,0.02483314275741577,-0.19477331638336182,4,9,sentence-transformers/all-MiniLM-L6-v2,improved,0.12303678691387177,0.09302732348442078,0.15304625034332275,-0.29835283756256104,6,9,accepted,Accepted by operator.
truth,supported_by_both,"A term statistically associated with moral, lie, tell, reality. Selected corpus use: writing prompts; alternative contexts: learning plan, purchase decision.",The quality or state of being consistent with fact or reality.,brainstorming_creativity,writing_prompts,mixedbread-ai/mxbai-embed-large-v1,improved,0.0631667971611023,0.09346866607666016,0.032864928245544434,-0.2307586669921875,6,13,sentence-transformers/all-MiniLM-L6-v2,improved,0.11508457362651825,0.1460021734237671,0.08416697382926941,-0.3886367380619049,3,13,accepted,Accepted by operator.
virtually,supported_by_both,"A term statistically associated with identical, expected, products, found. Selected corpus use: research notes; alternative contexts: small project, learning plan.","Almost entirely, or by means of a computer-generated environment.",summarization_synthesis,research_notes,mixedbread-ai/mxbai-embed-large-v1,improved,0.10677383840084076,0.15670856833457947,0.05683910846710205,-0.2815861105918884,9,11,sentence-transformers/all-MiniLM-L6-v2,improved,0.26992838829755783,0.2438860833644867,0.29597069323062897,-0.38002870976924896,8,10,accepted,Accepted by operator.
vocals,supported_by_both,"A term statistically associated with guitar, bass, rhythm, lead. Selected corpus use: subscriptions; alternative contexts: data pipeline, network connection.",Sung or spoken parts of a musical recording or performance.,practical_action,subscriptions,mixedbread-ai/mxbai-embed-large-v1,improved,0.06289646029472351,0.10371947288513184,0.022073447704315186,-0.2279534935951233,5,11,sentence-transformers/all-MiniLM-L6-v2,improved,0.16073592007160187,0.19213935732841492,0.12933248281478882,-0.37424805760383606,8,11,accepted,Accepted by operator.
wanted,supported_by_both,"A term statistically associated with knew, didn't, told, wasn't. Selected corpus use: travel information; alternative contexts: small project, learning plan.","Desired or sought, sometimes by legal authorities.",grounded_qa,travel_information,mixedbread-ai/mxbai-embed-large-v1,improved,0.2580018639564514,0.3037906885147095,0.21221303939819336,-0.25832676887512207,4,2,sentence-transformers/all-MiniLM-L6-v2,improved,0.34922581911087036,0.2383456826210022,0.4601059556007385,-0.24444949626922607,4,6,accepted,Accepted by operator.
wool,supported_by_both,"A term statistically associated with fabric, cotton, socks, leather. Selected corpus use: feature ideas; alternative contexts: purchase decision, small project.","The soft hair of sheep and similar animals, used as a textile fibre.",brainstorming_creativity,feature_ideas,mixedbread-ai/mxbai-embed-large-v1,improved,0.0859234631061554,0.1342448592185974,0.03760206699371338,-0.31730812788009644,7,8,sentence-transformers/all-MiniLM-L6-v2,improved,0.046902477741241455,0.05528742074966431,0.038517534732818604,-0.5396040230989456,9,12,accepted,Accepted by operator.
worth,supported_by_both,"A term statistically associated with net, billion, it's, dollars. Selected corpus use: research notes; alternative contexts: purchase decision, learning plan.","The value, usefulness, or importance of something.",summarization_synthesis,research_notes,mixedbread-ai/mxbai-embed-large-v1,improved,0.1748356819152832,0.18130826950073242,0.16836309432983398,-0.1812257170677185,12,14,sentence-transformers/all-MiniLM-L6-v2,improved,0.13985435664653778,0.14825758337974548,0.13145112991333008,-0.19771766662597656,13,14,accepted,Accepted by operator.
year's,supported_by_both,"A term statistically associated with holiday, album, cheer, albums. Selected corpus use: project update; alternative contexts: small project, travel plan.",Possessive form indicating that something belongs or relates to a year.,summarization_synthesis,project_update,mixedbread-ai/mxbai-embed-large-v1,improved,0.19806450605392456,0.20046383142471313,0.195665180683136,-0.1549660563468933,6,13,sentence-transformers/all-MiniLM-L6-v2,improved,0.2771574556827545,0.27186262607574463,0.2824522852897644,-0.4545251876115799,11,12,accepted,Accepted by operator.
youngest,supported_by_both,"A term statistically associated with assassination, president, age, award. Selected corpus use: peripheral; alternative contexts: achievement, loss disappointment.",The least old member of a group.,troubleshooting,peripheral,mixedbread-ai/mxbai-embed-large-v1,improved,0.15570342540740967,0.2452417016029358,0.06616514921188354,-0.27134233713150024,13,13,sentence-transformers/all-MiniLM-L6-v2,improved,0.26926474273204803,0.31424880027770996,0.2242806851863861,-0.41888370364904404,9,7,accepted,Accepted by operator.
