token,status,current_definition,family,domain,primary_model,primary_cosine,primary_family_rank,secondary_model,secondary_cosine,secondary_family_rank,proposed_definition,reviewer_decision,reviewer_notes
missions,likely_wrong,"A term statistically associated with lunar, moon, spacecraft, engineers. Selected corpus use: simple probability; alternative contexts: event plan, loss disappointment.",reasoning_verification,simple_probability,mixedbread-ai/mxbai-embed-large-v1,0.42995685338974,7,sentence-transformers/all-MiniLM-L6-v2,0.2997358441352844,7,Organized tasks or journeys undertaken for a specific purpose.,pending,
boring,likely_wrong,"A term statistically associated with coffee, bet, company, day. Selected corpus use: event registration; alternative contexts: email, technical explanation.",practical_action,event_registration,mixedbread-ai/mxbai-embed-large-v1,0.4328048527240753,7,sentence-transformers/all-MiniLM-L6-v2,0.08686459809541702,12,Not interesting or engaging; likely to cause weariness.,pending,
youngest,likely_wrong,"A term statistically associated with assassination, president, age, award. Selected corpus use: peripheral; alternative contexts: achievement, loss disappointment.",troubleshooting,peripheral,mixedbread-ai/mxbai-embed-large-v1,0.4376409649848938,12,sentence-transformers/all-MiniLM-L6-v2,0.22891771793365479,9,The least old member of a group.,pending,
wanted,likely_wrong,"A term statistically associated with knew, didn't, told, wasn't. Selected corpus use: travel information; alternative contexts: small project, learning plan.",grounded_qa,travel_information,mixedbread-ai/mxbai-embed-large-v1,0.4453282356262207,6,sentence-transformers/all-MiniLM-L6-v2,-0.009605040773749352,6,"Desired or sought, sometimes by legal authorities.",pending,
resident,likely_wrong,"A term statistically associated with evil, foreign, concern, spent. Selected corpus use: writing prompts; alternative contexts: email, support reply.",brainstorming_creativity,writing_prompts,mixedbread-ai/mxbai-embed-large-v1,0.45068246126174927,7,sentence-transformers/all-MiniLM-L6-v2,0.07600798457860947,6,A person who lives in a particular place.,pending,
reaching,likely_wrong,"A term statistically associated with speeds, increased, fastest, mph. Selected corpus use: mathematics; alternative contexts: event plan, small project.",explanation_learning,mathematics,mixedbread-ai/mxbai-embed-large-v1,0.4581109285354614,6,sentence-transformers/all-MiniLM-L6-v2,0.14548572897911072,10,"Arriving at, extending to, or making contact with something.",pending,
besides,likely_wrong,"A term statistically associated with argue, concern, lonely, lots. Selected corpus use: course enrolment; alternative contexts: small project, event plan.",practical_action,course_enrolment,mixedbread-ai/mxbai-embed-large-v1,0.4583779573440552,13,sentence-transformers/all-MiniLM-L6-v2,0.17744043469429016,13,"In addition to, or apart from, what was already mentioned.",pending,
pairs,likely_wrong,"A term statistically associated with prompt, human, sentences, function. Selected corpus use: learning notes; alternative contexts: logical constraints, data literacy.",summarization_synthesis,learning_notes,mixedbread-ai/mxbai-embed-large-v1,0.4596208333969116,7,sentence-transformers/all-MiniLM-L6-v2,0.052579477429389954,7,Sets consisting of two related or matching things.,pending,
constantly,likely_wrong,"A term statistically associated with grants, shoot, calculus, stir. Selected corpus use: technical explanation; alternative contexts: small project, life science.",writing_transformation,technical_explanation,mixedbread-ai/mxbai-embed-large-v1,0.4647260904312134,6,sentence-transformers/all-MiniLM-L6-v2,0.043037205934524536,6,Continuously or repeatedly over a period of time.,pending,
putting,likely_wrong,"A term statistically associated with involves, productivity, things, cars. Selected corpus use: research notes; alternative contexts: learning plan, small project.",summarization_synthesis,research_notes,mixedbread-ai/mxbai-embed-large-v1,0.4651990234851837,6,sentence-transformers/all-MiniLM-L6-v2,0.13316446542739868,11,Placing something somewhere or bringing it into a stated condition.,pending,
maps,likely_wrong,"A term statistically associated with treasure, missions, search, spanning. Selected corpus use: project update; alternative contexts: file sync, network connection.",summarization_synthesis,project_update,mixedbread-ai/mxbai-embed-large-v1,0.4667713940143585,7,sentence-transformers/all-MiniLM-L6-v2,0.22150525450706482,11,"Representations showing places, relationships, or structured information.",pending,
indeed,likely_wrong,"A term statistically associated with showed, samples, breakfast, qualities. Selected corpus use: web form; alternative contexts: research notes, incident log.",troubleshooting,web_form,mixedbread-ai/mxbai-embed-large-v1,0.4676191210746765,6,sentence-transformers/all-MiniLM-L6-v2,0.10331006348133087,6,In fact; used to confirm or emphasize a statement.,pending,
virtually,likely_wrong,"A term statistically associated with identical, expected, products, found. Selected corpus use: research notes; alternative contexts: small project, learning plan.",summarization_synthesis,research_notes,mixedbread-ai/mxbai-embed-large-v1,0.4680643379688263,9,sentence-transformers/all-MiniLM-L6-v2,0.1200343444943428,11,"Almost entirely, or by means of a computer-generated environment.",pending,
merge,likely_wrong,"A term statistically associated with sort, sorted, algorithm, returns. Selected corpus use: feature ideas; alternative contexts: purchase decision, file sync.",brainstorming_creativity,feature_ideas,mixedbread-ai/mxbai-embed-large-v1,0.4697624146938324,12,sentence-transformers/all-MiniLM-L6-v2,0.159964919090271,9,To combine separate things into one whole.,pending,
interviews,likely_wrong,"A term statistically associated with says, pitch, weeks, videos. Selected corpus use: account access; alternative contexts: learning plan, purchase decision.",practical_action,account_access,mixedbread-ai/mxbai-embed-large-v1,0.4699540436267853,8,sentence-transformers/all-MiniLM-L6-v2,0.24641616642475128,12,Structured conversations in which questions are asked to obtain information.,pending,
aid,likely_wrong,"A term statistically associated with kit, lemon, clothing, coffee. Selected corpus use: peripheral; alternative contexts: physical safety, privacy security.",troubleshooting,peripheral,mixedbread-ai/mxbai-embed-large-v1,0.4703885316848755,7,sentence-transformers/all-MiniLM-L6-v2,0.1147662103176117,7,"Help, support, or a resource that makes a task easier.",pending,
drew,likely_wrong,"A term statistically associated with students, inspiration, praise, ship. Selected corpus use: financial decision; alternative contexts: instructions, argument.",safety_uncertainty,financial_decision,mixedbread-ai/mxbai-embed-large-v1,0.47709065675735474,14,sentence-transformers/all-MiniLM-L6-v2,0.01342589408159256,12,"Past tense of draw: made, pulled, attracted, or selected.",pending,
lifetime,likely_wrong,"A term statistically associated with awards, award, novels, million. Selected corpus use: support thread; alternative contexts: purchase decision, learning plan.",summarization_synthesis,support_thread,mixedbread-ai/mxbai-embed-large-v1,0.47767624258995056,12,sentence-transformers/all-MiniLM-L6-v2,0.19762322306632996,11,The period during which a person or thing exists or functions.,pending,
failures,likely_wrong,"A term statistically associated with intervention, crisis, equipment, bank. Selected corpus use: personal finance; alternative contexts: peripheral, network connection.",explanation_learning,personal_finance,mixedbread-ai/mxbai-embed-large-v1,0.4804367423057556,7,sentence-transformers/all-MiniLM-L6-v2,0.20206984877586365,6,Instances in which an intended result is not achieved.,pending,
enters,likely_wrong,"A term statistically associated with cycle, rainbow, bottom, light. Selected corpus use: small project; alternative contexts: feature ideas, learning plan.",planning_comparison,small_project,mixedbread-ai/mxbai-embed-large-v1,0.48771315813064575,6,sentence-transformers/all-MiniLM-L6-v2,0.09626606851816177,11,"Goes or comes into a place, system, or state.",pending,
survived,likely_wrong,"A term statistically associated with inhabitants, destruction, landing, sons. Selected corpus use: event registration; alternative contexts: network connection, small project.",practical_action,event_registration,mixedbread-ai/mxbai-embed-large-v1,0.48842525482177734,6,sentence-transformers/all-MiniLM-L6-v2,0.2193411886692047,8,"Remained alive, present, or functional despite danger or difficulty.",pending,
reveal,likely_wrong,"A term statistically associated with gender, pink, balloon, cake. Selected corpus use: research notes; alternative contexts: shopping arithmetic, logical constraints.",summarization_synthesis,research_notes,mixedbread-ai/mxbai-embed-large-v1,0.4904352128505707,6,sentence-transformers/all-MiniLM-L6-v2,0.0702212005853653,7,To make previously hidden information visible or known.,pending,
eternal,likely_wrong,"A term statistically associated with punishment, soul, happiness, cycle. Selected corpus use: technical explanation; alternative contexts: uncertain change, learning plan.",writing_transformation,technical_explanation,mixedbread-ai/mxbai-embed-large-v1,0.5015881657600403,7,sentence-transformers/all-MiniLM-L6-v2,0.21229517459869385,6,"Continuing without an end, or seeming to last indefinitely.",pending,
responsible,likely_wrong,"A term statistically associated with maintaining, emissions, attacks, producing. Selected corpus use: feature ideas; alternative contexts: financial decision, privacy security.",brainstorming_creativity,feature_ideas,mixedbread-ai/mxbai-embed-large-v1,0.5050803422927856,8,sentence-transformers/all-MiniLM-L6-v2,0.09893903136253357,7,"Accountable for an action, duty, or outcome.",pending,
offset,likely_wrong,"A term statistically associated with alphabet, consumer, letters, net. Selected corpus use: outreach; alternative contexts: interface copy, email.",brainstorming_creativity,outreach,mixedbread-ai/mxbai-embed-large-v1,0.5069103240966797,9,sentence-transformers/all-MiniLM-L6-v2,0.1313117891550064,9,"To counterbalance an effect, cost, amount, or position.",pending,
major,likely_wrong,"A term statistically associated with baseball, championships, golf, cities. Selected corpus use: project update; alternative contexts: small project, purchase decision.",summarization_synthesis,project_update,mixedbread-ai/mxbai-embed-large-v1,0.5072313547134399,9,sentence-transformers/all-MiniLM-L6-v2,0.2471974641084671,7,Important or large in scale; also a principal field of study.,pending,
tour,likely_wrong,"A term statistically associated with golf, world, grossing, museum. Selected corpus use: project update; alternative contexts: small project, travel plan.",summarization_synthesis,project_update,mixedbread-ai/mxbai-embed-large-v1,0.5104004144668579,10,sentence-transformers/all-MiniLM-L6-v2,0.3283360004425049,12,"A journey through several places, often for visits or performances.",pending,
nearly,likely_wrong,"A term statistically associated with years, percent, half, widespread. Selected corpus use: project update; alternative contexts: small project, travel plan.",summarization_synthesis,project_update,mixedbread-ai/mxbai-embed-large-v1,0.5105545520782471,8,sentence-transformers/all-MiniLM-L6-v2,0.17643475532531738,8,"Almost, but not completely.",pending,
primarily,likely_wrong,"A term statistically associated with fossil, agricultural, fuels, composed. Selected corpus use: technical explanation; alternative contexts: peripheral, data pipeline.",writing_transformation,technical_explanation,mixedbread-ai/mxbai-embed-large-v1,0.5127462148666382,7,sentence-transformers/all-MiniLM-L6-v2,0.14091111719608307,8,Mainly or for the most important part.,pending,
owning,likely_wrong,"A term statistically associated with pet, cat, property, responsibility. Selected corpus use: table comparison; alternative contexts: email, meeting notes.",reasoning_verification,table_comparison,mixedbread-ai/mxbai-embed-large-v1,0.5142859816551208,7,sentence-transformers/all-MiniLM-L6-v2,0.20957051217556,12,Having legal possession or control of something.,pending,
eagle,likely_wrong,"A term statistically associated with lunar, rays, module, bird. Selected corpus use: appointments; alternative contexts: file sync, network connection.",practical_action,appointments,mixedbread-ai/mxbai-embed-large-v1,0.5149292945861816,6,sentence-transformers/all-MiniLM-L6-v2,0.2251928597688675,9,"A large bird of prey with strong wings, talons, and eyesight.",pending,
compound,likely_wrong,"A term statistically associated with eyes, exercises, muscle, interest. Selected corpus use: research notes; alternative contexts: life science, network connection.",summarization_synthesis,research_notes,mixedbread-ai/mxbai-embed-large-v1,0.5150338411331177,9,sentence-transformers/all-MiniLM-L6-v2,0.1198107898235321,10,"A combination of elements, parts, words, or enclosed buildings.",pending,
replacement,likely_wrong,"A term statistically associated with lasts, usage, retirement, waiting. Selected corpus use: workflow; alternative contexts: purchase decision, small project.",brainstorming_creativity,workflow,mixedbread-ai/mxbai-embed-large-v1,0.5162805914878845,11,sentence-transformers/all-MiniLM-L6-v2,0.13853663206100464,11,A person or thing that takes the place of another.,pending,
ends,likely_wrong,"A term statistically associated with summer, starts, late, month. Selected corpus use: civics; alternative contexts: small project, purchase decision.",explanation_learning,civics,mixedbread-ai/mxbai-embed-large-v1,0.5167112946510315,8,sentence-transformers/all-MiniLM-L6-v2,0.07597540318965912,6,"Finishes, final parts, or outermost points.",pending,
stages,likely_wrong,"A term statistically associated with three, increases, initial, cycle. Selected corpus use: civics; alternative contexts: purchase decision, small project.",explanation_learning,civics,mixedbread-ai/mxbai-embed-large-v1,0.5168095827102661,6,sentence-transformers/all-MiniLM-L6-v2,0.2257760763168335,7,Distinct phases of a process or platforms used for performance.,pending,
recording,likely_wrong,"A term statistically associated with artist, music, awards, mixing. Selected corpus use: appointments; alternative contexts: network connection, web form.",practical_action,appointments,mixedbread-ai/mxbai-embed-large-v1,0.5175970792770386,8,sentence-transformers/all-MiniLM-L6-v2,0.29327723383903503,7,"Stored audio, video, data, or the act of capturing it.",pending,
onto,likely_wrong,"A term statistically associated with sheet, dough, stepped, foot. Selected corpus use: social mistake; alternative contexts: small project, learning plan.",conversation_empathy,social_mistake,mixedbread-ai/mxbai-embed-large-v1,0.5178252458572388,13,sentence-transformers/all-MiniLM-L6-v2,0.1247096061706543,13,Expressing movement toward a position on a surface.,pending,
marks,likely_wrong,"A term statistically associated with departure, dozen, paint, oriented. Selected corpus use: explanation; alternative contexts: peripheral, data pipeline.",critique_revision,explanation,mixedbread-ai/mxbai-embed-large-v1,0.5186229348182678,8,sentence-transformers/all-MiniLM-L6-v2,0.1843743771314621,7,"Visible signs, recorded scores, or indications left by something.",pending,
standards,likely_wrong,"A term statistically associated with implementing, management, adopted, industry. Selected corpus use: feature ideas; alternative contexts: privacy security, financial decision.",brainstorming_creativity,feature_ideas,mixedbread-ai/mxbai-embed-large-v1,0.5186727046966553,10,sentence-transformers/all-MiniLM-L6-v2,0.24392569065093994,12,Accepted rules or levels used to judge quality and consistency.,pending,
sides,likely_wrong,"A term statistically associated with triangle, equal, angles, square. Selected corpus use: format preference; alternative contexts: support reply, email.",context_clarification,format_preference,mixedbread-ai/mxbai-embed-large-v1,0.5191512107849121,11,sentence-transformers/all-MiniLM-L6-v2,0.2677319049835205,6,"Surfaces, positions, or groups opposed within a situation.",pending,
ranges,likely_wrong,"A term statistically associated with mountain, peaks, mountains, temperature. Selected corpus use: policy memo; alternative contexts: article excerpt, learning plan.",summarization_synthesis,policy_memo,mixedbread-ai/mxbai-embed-large-v1,0.5212709903717041,7,sentence-transformers/all-MiniLM-L6-v2,0.18247383832931519,8,Spans between limits or groups of possible values.,pending,
branch,likely_wrong,"A term statistically associated with executive, laws, branches, mathematics. Selected corpus use: feature ideas; alternative contexts: purchase decision, network connection.",brainstorming_creativity,feature_ideas,mixedbread-ai/mxbai-embed-large-v1,0.5215717554092407,10,sentence-transformers/all-MiniLM-L6-v2,0.30219247937202454,6,"A division extending from a larger organization, structure, or tree.",pending,
prime,likely_wrong,"A term statistically associated with minister, numbers, number, serving. Selected corpus use: purchase decision; alternative contexts: network connection, sequence pattern.",planning_comparison,purchase_decision,mixedbread-ai/mxbai-embed-large-v1,0.5231425762176514,6,sentence-transformers/all-MiniLM-L6-v2,0.15133994817733765,9,Of greatest importance or quality; also divisible only by one and itself.,pending,
lyrics,likely_wrong,"A term statistically associated with song, melody, tune, performances. Selected corpus use: subscriptions; alternative contexts: email, technical explanation.",practical_action,subscriptions,mixedbread-ai/mxbai-embed-large-v1,0.5236501693725586,8,sentence-transformers/all-MiniLM-L6-v2,0.29268985986709595,10,The words written or sung in a song.,pending,
altitude,likely_wrong,"A term statistically associated with cloud, sea, plane, clouds. Selected corpus use: table comparison; alternative contexts: travel plan, learning plan.",reasoning_verification,table_comparison,mixedbread-ai/mxbai-embed-large-v1,0.5240641832351685,6,sentence-transformers/all-MiniLM-L6-v2,0.2595362663269043,6,Height above sea level or another reference surface.,pending,
stuck,likely_wrong,"A term statistically associated with traffic, get, broken, jar. Selected corpus use: instructions; alternative contexts: file sync, network connection.",critique_revision,instructions,mixedbread-ai/mxbai-embed-large-v1,0.5241978168487549,8,sentence-transformers/all-MiniLM-L6-v2,0.19369308650493622,10,"Unable to move, progress, or escape a position.",pending,
mon,likely_wrong,"A term statistically associated with type, fire, ice, water. Selected corpus use: claim evidence; alternative contexts: interface copy, argument.",critique_revision,claim_evidence,mixedbread-ai/mxbai-embed-large-v1,0.525553822517395,6,sentence-transformers/all-MiniLM-L6-v2,0.045140914618968964,6,A colloquial form of man used in some dialects and accents.,pending,
implementing,likely_wrong,"A term statistically associated with standards, strategies, ensuring, website. Selected corpus use: event registration; alternative contexts: life science, media literacy.",practical_action,event_registration,mixedbread-ai/mxbai-embed-large-v1,0.5262700319290161,8,sentence-transformers/all-MiniLM-L6-v2,0.1241602748632431,10,"Putting a plan, decision, or system into effect.",pending,
ruler,likely_wrong,"A term statistically associated with measure, god, century, paper. Selected corpus use: project update; alternative contexts: home repair, data pipeline.",writing_transformation,project_update,mixedbread-ai/mxbai-embed-large-v1,0.5266104936599731,8,sentence-transformers/all-MiniLM-L6-v2,0.24380454421043396,7,A measuring instrument or a person who governs.,pending,
controlled,likely_wrong,"A term statistically associated with humidity, zones, weapon, assigned. Selected corpus use: support reply; alternative contexts: purchase decision, learning plan.",writing_transformation,support_reply,mixedbread-ai/mxbai-embed-large-v1,0.5267832279205322,11,sentence-transformers/all-MiniLM-L6-v2,0.1308259665966034,11,"Regulated, directed, or kept within specified limits.",pending,
strike,likely_wrong,"A term statistically associated with writers, lightning, strikes, ball. Selected corpus use: web form; alternative contexts: learning plan, peripheral.",troubleshooting,web_form,mixedbread-ai/mxbai-embed-large-v1,0.5275673866271973,6,sentence-transformers/all-MiniLM-L6-v2,0.37786877155303955,9,"To hit, to stop work collectively, or to occur suddenly.",pending,
discovery,likely_wrong,"A term statistically associated with physics, led, theory, cell. Selected corpus use: project update; alternative contexts: learning notes, event plan.",summarization_synthesis,project_update,mixedbread-ai/mxbai-embed-large-v1,0.5283243060112,6,sentence-transformers/all-MiniLM-L6-v2,0.3380643129348755,9,The act or result of finding something previously unknown.,pending,
martial,likely_wrong,"A term statistically associated with arts, art, boxing, artist. Selected corpus use: web form; alternative contexts: survey response, data pipeline.",troubleshooting,web_form,mixedbread-ai/mxbai-embed-large-v1,0.5285788774490356,8,sentence-transformers/all-MiniLM-L6-v2,0.24812957644462585,10,"Relating to war, armed forces, or combat.",pending,
civilization,likely_wrong,"A term statistically associated with ancient, oldest, scholars, earliest. Selected corpus use: event registration; alternative contexts: life science, learning plan.",practical_action,event_registration,mixedbread-ai/mxbai-embed-large-v1,0.528754472732544,10,sentence-transformers/all-MiniLM-L6-v2,0.3543449640274048,12,An organized human society with developed institutions and culture.,pending,
spots,likely_wrong,"A term statistically associated with tourist, evenly, parking, vacation. Selected corpus use: personal finance; alternative contexts: learning plan, small project.",explanation_learning,personal_finance,mixedbread-ai/mxbai-embed-large-v1,0.5299681425094604,6,sentence-transformers/all-MiniLM-L6-v2,0.10910141468048096,10,"Small marks, particular places, or brief areas of attention.",pending,
maximum,likely_wrong,"A term statistically associated with speed, minimum, efficiency, mph. Selected corpus use: project update; alternative contexts: learning plan, purchase decision.",writing_transformation,project_update,mixedbread-ai/mxbai-embed-large-v1,0.5307085514068604,6,sentence-transformers/all-MiniLM-L6-v2,0.18482372164726257,9,"The greatest amount, value, or degree permitted or possible.",pending,
locations,likely_wrong,"A term statistically associated with parks, occurs, stores, visits. Selected corpus use: research notes; alternative contexts: purchase decision, learning plan.",summarization_synthesis,research_notes,mixedbread-ai/mxbai-embed-large-v1,0.5335043668746948,8,sentence-transformers/all-MiniLM-L6-v2,0.2904404401779175,8,Particular places or positions.,pending,
accordingly,likely_wrong,"A term statistically associated with adjust, dress, previous, ahead. Selected corpus use: research notes; alternative contexts: travel plan, small project.",summarization_synthesis,research_notes,mixedbread-ai/mxbai-embed-large-v1,0.5344691872596741,9,sentence-transformers/all-MiniLM-L6-v2,0.2881681025028229,10,In a way that follows from the stated facts; therefore.,pending,
lucky,likely_wrong,"A term statistically associated with girl, you're, realize, tooth. Selected corpus use: schedule entry; alternative contexts: small project, learning plan.",extraction_classification,schedule_entry,mixedbread-ai/mxbai-embed-large-v1,0.5353446006774902,6,sentence-transformers/all-MiniLM-L6-v2,0.05213390290737152,6,Having or bringing favorable outcomes by chance.,pending,
tactics,likely_wrong,"A term statistically associated with strategies, legends, marketing, awareness. Selected corpus use: course enrolment; alternative contexts: home repair, small project.",practical_action,course_enrolment,mixedbread-ai/mxbai-embed-large-v1,0.5368692874908447,8,sentence-transformers/all-MiniLM-L6-v2,0.2705802917480469,13,Specific methods used to achieve a short-term objective.,pending,
chat,likely_wrong,"A term statistically associated with platform, phone, grab, video. Selected corpus use: account access; alternative contexts: meeting notes, learning plan.",practical_action,account_access,mixedbread-ai/mxbai-embed-large-v1,0.5370609164237976,6,sentence-transformers/all-MiniLM-L6-v2,0.29212287068367004,9,An informal spoken or written conversation.,pending,
functional,likely_wrong,"A term statistically associated with brain, imaging, patients, activities. Selected corpus use: feature ideas; alternative contexts: privacy security, purchase decision.",brainstorming_creativity,feature_ideas,mixedbread-ai/mxbai-embed-large-v1,0.5387558937072754,9,sentence-transformers/all-MiniLM-L6-v2,0.16594651341438293,11,Working as intended or designed for a practical purpose.,pending,
bulk,likely_wrong,"A term statistically associated with buy, disease, single, goods. Selected corpus use: low cost activity; alternative contexts: privacy security, physical safety.",brainstorming_creativity,low_cost_activity,mixedbread-ai/mxbai-embed-large-v1,0.5401462912559509,6,sentence-transformers/all-MiniLM-L6-v2,0.18560537695884705,6,"A large mass, volume, or main part of something.",pending,
announcement,likely_wrong,"A term statistically associated with marketing, announced, reasons, nothing. Selected corpus use: web form; alternative contexts: subscriptions, learning plan.",troubleshooting,web_form,mixedbread-ai/mxbai-embed-large-v1,0.5403380393981934,7,sentence-transformers/all-MiniLM-L6-v2,0.26506713032722473,7,A public or formal statement that communicates news.,pending,
died,likely_wrong,"A term statistically associated with age, buried, illness, shortly. Selected corpus use: event registration; alternative contexts: peripheral, network connection.",practical_action,event_registration,mixedbread-ai/mxbai-embed-large-v1,0.5407322645187378,10,sentence-transformers/all-MiniLM-L6-v2,0.25307339429855347,10,"Stopped living, existing, operating, or producing activity.",pending,
territory,likely_wrong,"A term statistically associated with islands, square, island, east. Selected corpus use: project update; alternative contexts: network connection, file sync.",summarization_synthesis,project_update,mixedbread-ai/mxbai-embed-large-v1,0.5407812595367432,6,sentence-transformers/all-MiniLM-L6-v2,0.3721810579299927,12,An area of land or a defined field of activity or control.,pending,
province,likely_wrong,"A term statistically associated with population, district, capital, city. Selected corpus use: support thread; alternative contexts: purchase decision, small project.",summarization_synthesis,support_thread,mixedbread-ai/mxbai-embed-large-v1,0.543380856513977,11,sentence-transformers/all-MiniLM-L6-v2,0.26627638936042786,12,A principal administrative region within a country.,pending,
cons,likely_wrong,"A term statistically associated with pros, versus, owning, bigger. Selected corpus use: project update; alternative contexts: home repair, purchase decision.",writing_transformation,project_update,mixedbread-ai/mxbai-embed-large-v1,0.5444885492324829,11,sentence-transformers/all-MiniLM-L6-v2,0.15114781260490417,13,Disadvantages; also people who deceive or have been convicted.,pending,
adjacent,likely_wrong,"A term statistically associated with squares, canal, lake, located. Selected corpus use: research notes; alternative contexts: civics, media literacy.",summarization_synthesis,research_notes,mixedbread-ai/mxbai-embed-large-v1,0.5447493195533752,6,sentence-transformers/all-MiniLM-L6-v2,0.23727856576442719,9,Next to or very near something else.,pending,
qualities,likely_wrong,"A term statistically associated with distinctive, vegetable, soil, varying. Selected corpus use: table comparison; alternative contexts: peripheral, learning plan.",reasoning_verification,table_comparison,mixedbread-ai/mxbai-embed-large-v1,0.5460855960845947,7,sentence-transformers/all-MiniLM-L6-v2,0.12518468499183655,9,Distinctive attributes or degrees of excellence.,pending,
purposes,likely_wrong,"A term statistically associated with used, serve, rank, religion. Selected corpus use: course enrolment; alternative contexts: learning plan, small project.",practical_action,course_enrolment,mixedbread-ai/mxbai-embed-large-v1,0.5469176769256592,10,sentence-transformers/all-MiniLM-L6-v2,0.22460392117500305,12,"Intended goals, uses, or reasons for doing something.",pending,
facilities,likely_wrong,"A term statistically associated with accommodate, buildings, production, industrial. Selected corpus use: shopping arithmetic; alternative contexts: physical safety, privacy security.",reasoning_verification,shopping_arithmetic,mixedbread-ai/mxbai-embed-large-v1,0.5482953190803528,8,sentence-transformers/all-MiniLM-L6-v2,0.2997954487800598,6,"Buildings, equipment, or services provided for a particular activity.",pending,
threw,likely_wrong,"A term statistically associated with yards, cow, game, ball. Selected corpus use: claim evidence; alternative contexts: peripheral, data pipeline.",critique_revision,claim_evidence,mixedbread-ai/mxbai-embed-large-v1,0.5486936569213867,9,sentence-transformers/all-MiniLM-L6-v2,0.1515694260597229,6,"Past tense of throw: propelled, discarded, caused, or organized.",pending,
steady,likely_wrong,"A term statistically associated with slow, tortoise, pace, swim. Selected corpus use: course enrolment; alternative contexts: learning plan, small project.",practical_action,course_enrolment,mixedbread-ai/mxbai-embed-large-v1,0.5500165820121765,13,sentence-transformers/all-MiniLM-L6-v2,0.2027687281370163,13,"Stable, regular, and not changing suddenly.",pending,
expectations,likely_wrong,"A term statistically associated with realistic, inflation, meet, strategy. Selected corpus use: course enrolment; alternative contexts: learning plan, small project.",practical_action,course_enrolment,mixedbread-ai/mxbai-embed-large-v1,0.552505373954773,10,sentence-transformers/all-MiniLM-L6-v2,0.2764710783958435,11,Beliefs or standards concerning what is likely or required.,pending,
encounters,likely_wrong,"A term statistically associated with alien, travels, magical, returns. Selected corpus use: data pipeline; alternative contexts: purchase decision, learning plan.",troubleshooting,data_pipeline,mixedbread-ai/mxbai-embed-large-v1,0.5529412627220154,9,sentence-transformers/all-MiniLM-L6-v2,0.2899424135684967,7,Unexpected meetings or direct experiences with something.,pending,
year's,likely_wrong,"A term statistically associated with holiday, album, cheer, albums. Selected corpus use: project update; alternative contexts: small project, travel plan.",summarization_synthesis,project_update,mixedbread-ai/mxbai-embed-large-v1,0.5529459714889526,8,sentence-transformers/all-MiniLM-L6-v2,0.27696657180786133,10,Possessive form indicating that something belongs or relates to a year.,pending,
positive,likely_wrong,"A term statistically associated with negative, sentiment, charge, charges. Selected corpus use: survey response; alternative contexts: small project, learning plan.",extraction_classification,survey_response,mixedbread-ai/mxbai-embed-large-v1,0.5553677082061768,6,sentence-transformers/all-MiniLM-L6-v2,0.33089739084243774,7,"Favorable, present rather than absent, or greater than zero.",pending,
firm,likely_wrong,"A term statistically associated with investment, dough, assets, report. Selected corpus use: support reply; alternative contexts: small project, learning plan.",writing_transformation,support_reply,mixedbread-ai/mxbai-embed-large-v1,0.5560253262519836,6,sentence-transformers/all-MiniLM-L6-v2,0.2805933356285095,6,Solid or stable; also a business organization.,pending,
ease,likely_wrong,"A term statistically associated with comfort, abundant, crisis, greater. Selected corpus use: workflow; alternative contexts: small project, financial decision.",brainstorming_creativity,workflow,mixedbread-ai/mxbai-embed-large-v1,0.5605500936508179,8,sentence-transformers/all-MiniLM-L6-v2,0.17965267598628998,7,"Freedom from difficulty, or the act of making something less difficult.",pending,
eat,likely_wrong,"A term statistically associated with foods, food, vegetables, peas. Selected corpus use: achievement; alternative contexts: small project, purchase decision.",conversation_empathy,achievement,mixedbread-ai/mxbai-embed-large-v1,0.5612147450447083,10,sentence-transformers/all-MiniLM-L6-v2,0.28709664940834045,14,To take food into the body by chewing and swallowing it.,pending,
picnic,likely_wrong,"A term statistically associated with lunch, sandwiches, beach, hike. Selected corpus use: physical safety; alternative contexts: low cost activity, home repair.",safety_uncertainty,physical_safety,mixedbread-ai/mxbai-embed-large-v1,0.5629574656486511,7,sentence-transformers/all-MiniLM-L6-v2,0.24017378687858582,14,"A meal eaten outdoors, often during a leisure outing.",pending,
issued,likely_wrong,"A term statistically associated with bonds, governments, bond, government. Selected corpus use: outreach; alternative contexts: privacy security, financial decision.",brainstorming_creativity,outreach,mixedbread-ai/mxbai-embed-large-v1,0.5650261044502258,9,sentence-transformers/all-MiniLM-L6-v2,0.23204845190048218,9,"Officially supplied, published, or sent out.",pending,
documents,likely_wrong,"A term statistically associated with agents, classified, pages, denied. Selected corpus use: writing prompts; alternative contexts: financial decision, privacy security.",brainstorming_creativity,writing_prompts,mixedbread-ai/mxbai-embed-large-v1,0.565777063369751,7,sentence-transformers/all-MiniLM-L6-v2,0.3574610948562622,7,Written or digital records that preserve information or evidence.,pending,
storms,likely_wrong,"A term statistically associated with dust, melting, lightning, retreat. Selected corpus use: table comparison; alternative contexts: peripheral, network connection.",reasoning_verification,table_comparison,mixedbread-ai/mxbai-embed-large-v1,0.5666627883911133,7,sentence-transformers/all-MiniLM-L6-v2,0.44596177339553833,9,"Severe atmospheric disturbances involving wind, rain, snow, or thunder.",pending,
solar,likely_wrong,"A term statistically associated with panels, planets, energy, planet. Selected corpus use: peripheral; alternative contexts: small project, travel plan.",troubleshooting,peripheral,mixedbread-ai/mxbai-embed-large-v1,0.5677967071533203,7,sentence-transformers/all-MiniLM-L6-v2,0.5027306079864502,6,Relating to the Sun or energy obtained from sunlight.,pending,
extensive,likely_wrong,"A term statistically associated with infrastructure, land, projects, cafe. Selected corpus use: research notes; alternative contexts: travel plan, purchase decision.",summarization_synthesis,research_notes,mixedbread-ai/mxbai-embed-large-v1,0.5688060522079468,6,sentence-transformers/all-MiniLM-L6-v2,0.24313779175281525,11,"Covering a large area, amount, range, or degree.",pending,
achieving,likely_wrong,"A term statistically associated with towards, consistently, women, happiness. Selected corpus use: project brief; alternative contexts: small project, learning plan.",grounded_qa,project_brief,mixedbread-ai/mxbai-embed-large-v1,0.5688295364379883,11,sentence-transformers/all-MiniLM-L6-v2,0.3162394165992737,10,Successfully reaching a desired result through effort.,pending,
study,likely_wrong,"A term statistically associated with scientists, scientist, static, biological. Selected corpus use: research notes; alternative contexts: learning plan, purchase decision.",summarization_synthesis,research_notes,mixedbread-ai/mxbai-embed-large-v1,0.5697866678237915,7,sentence-transformers/all-MiniLM-L6-v2,0.40309906005859375,8,The act of learning or a systematic investigation of a subject.,pending,
employees,likely_wrong,"A term statistically associated with employers, employer, company, productivity. Selected corpus use: missing reference; alternative contexts: purchase decision, small project.",context_clarification,missing_reference,mixedbread-ai/mxbai-embed-large-v1,0.570589542388916,13,sentence-transformers/all-MiniLM-L6-v2,0.33773142099380493,6,People paid to work for an organization or employer.,pending,
bought,likely_wrong,"A term statistically associated with store, patent, company, sold. Selected corpus use: feature ideas; alternative contexts: home repair, purchase decision.",brainstorming_creativity,feature_ideas,mixedbread-ai/mxbai-embed-large-v1,0.5712907910346985,6,sentence-transformers/all-MiniLM-L6-v2,0.24416491389274597,8,Past tense of buy: obtained in exchange for payment.,pending,
flows,likely_wrong,"A term statistically associated with river, volcanic, cash, ash. Selected corpus use: project update; alternative contexts: learning plan, small project.",writing_transformation,project_update,mixedbread-ai/mxbai-embed-large-v1,0.5713455677032471,6,sentence-transformers/all-MiniLM-L6-v2,0.20992371439933777,10,"Moves continuously, especially as a liquid, current, or sequence.",pending,
distant,likely_wrong,"A term statistically associated with galaxies, lands, past, orbits. Selected corpus use: project update; alternative contexts: learning plan, travel plan.",summarization_synthesis,project_update,mixedbread-ai/mxbai-embed-large-v1,0.5724668502807617,12,sentence-transformers/all-MiniLM-L6-v2,0.3258904218673706,11,"Far away in space, time, relationship, or manner.",pending,
business,likely_wrong,"A term statistically associated with company, management, marketing, customers. Selected corpus use: feature ideas; alternative contexts: financial decision, privacy security.",brainstorming_creativity,feature_ideas,mixedbread-ai/mxbai-embed-large-v1,0.5725226402282715,8,sentence-transformers/all-MiniLM-L6-v2,0.3580225110054016,6,"Commercial activity, an organization, or a matter requiring attention.",pending,
trust,likely_wrong,"A term statistically associated with doubt, mutual, vulnerable, patient. Selected corpus use: lesson activity; alternative contexts: small project, learning plan.",brainstorming_creativity,lesson_activity,mixedbread-ai/mxbai-embed-large-v1,0.5730232000350952,6,sentence-transformers/all-MiniLM-L6-v2,0.27580052614212036,7,"Confidence in reliability, honesty, or ability.",pending,
camel,likely_wrong,"A term statistically associated with desert, beach, animals, wolf. Selected corpus use: peripheral; alternative contexts: relationship tension, loss disappointment.",troubleshooting,peripheral,mixedbread-ai/mxbai-embed-large-v1,0.5744088888168335,6,sentence-transformers/all-MiniLM-L6-v2,0.29049763083457947,6,A large desert-adapted mammal with one or two humps.,pending,
knowledge,likely_wrong,"A term statistically associated with zero, texts, skills, scientific. Selected corpus use: research notes; alternative contexts: life science, data literacy.",summarization_synthesis,research_notes,mixedbread-ai/mxbai-embed-large-v1,0.5745227336883545,9,sentence-transformers/all-MiniLM-L6-v2,0.24522261321544647,14,"Information, understanding, and skills gained through learning or experience.",pending,
shift,likely_wrong,"A term statistically associated with gear, night, sons, cover. Selected corpus use: interface copy; alternative contexts: travel plan, purchase decision.",critique_revision,interface_copy,mixedbread-ai/mxbai-embed-large-v1,0.5749384164810181,12,sentence-transformers/all-MiniLM-L6-v2,0.22439417243003845,10,"A change in position or emphasis, or a scheduled period of work.",pending,
gains,likely_wrong,"A term statistically associated with income, capital, tax, investment. Selected corpus use: support thread; alternative contexts: personal finance, learning plan.",summarization_synthesis,support_thread,mixedbread-ai/mxbai-embed-large-v1,0.5750122666358948,9,sentence-transformers/all-MiniLM-L6-v2,0.2594621181488037,13,"Increases, advantages, or benefits obtained.",pending,
achieve,likely_wrong,"A term statistically associated with competitive, goal, performance, flow. Selected corpus use: personal finance; alternative contexts: learning plan, purchase decision.",explanation_learning,personal_finance,mixedbread-ai/mxbai-embed-large-v1,0.5766977071762085,6,sentence-transformers/all-MiniLM-L6-v2,0.19383397698402405,8,To successfully reach a goal or desired result.,pending,
triggered,likely_wrong,"A term statistically associated with damaged, loop, reactions, earthquake. Selected corpus use: historical note; alternative contexts: peripheral, work stress.",grounded_qa,historical_note,mixedbread-ai/mxbai-embed-large-v1,0.5768123865127563,6,sentence-transformers/all-MiniLM-L6-v2,0.14242687821388245,9,"Caused an event, process, or reaction to begin.",pending,
worth,likely_wrong,"A term statistically associated with net, billion, it's, dollars. Selected corpus use: research notes; alternative contexts: purchase decision, learning plan.",summarization_synthesis,research_notes,mixedbread-ai/mxbai-embed-large-v1,0.5776549577713013,12,sentence-transformers/all-MiniLM-L6-v2,0.1913767158985138,12,"The value, usefulness, or importance of something.",pending,
titled,likely_wrong,"A term statistically associated with album, self, artist, published. Selected corpus use: course enrolment; alternative contexts: email, meeting notes.",practical_action,course_enrolment,mixedbread-ai/mxbai-embed-large-v1,0.5777283906936646,11,sentence-transformers/all-MiniLM-L6-v2,0.35796430706977844,7,"Given a name, heading, rank, or legal ownership.",pending,
segment,likely_wrong,"A term statistically associated with horizontal, firm, business, car. Selected corpus use: technical explanation; alternative contexts: receipt, travel information.",writing_transformation,technical_explanation,mixedbread-ai/mxbai-embed-large-v1,0.5781369209289551,7,sentence-transformers/all-MiniLM-L6-v2,0.16652190685272217,7,A distinct part of a larger whole.,pending,
rainforest,likely_wrong,"A term statistically associated with tropical, jungle, indigenous, half. Selected corpus use: achievement; alternative contexts: event plan, feature ideas.",conversation_empathy,achievement,mixedbread-ai/mxbai-embed-large-v1,0.5783414244651794,12,sentence-transformers/all-MiniLM-L6-v2,0.6076852083206177,13,A dense forest in a region with high annual rainfall.,pending,
inflammation,likely_wrong,"A term statistically associated with fatty, acute, immune, chronic. Selected corpus use: workflow; alternative contexts: physical safety, web form.",brainstorming_creativity,workflow,mixedbread-ai/mxbai-embed-large-v1,0.5788019895553589,10,sentence-transformers/all-MiniLM-L6-v2,0.4230560064315796,10,"A bodily response marked by swelling, heat, pain, or redness.",pending,
truth,likely_wrong,"A term statistically associated with moral, lie, tell, reality. Selected corpus use: writing prompts; alternative contexts: learning plan, purchase decision.",brainstorming_creativity,writing_prompts,mixedbread-ai/mxbai-embed-large-v1,0.5805732011795044,7,sentence-transformers/all-MiniLM-L6-v2,0.1999819129705429,9,The quality or state of being consistent with fact or reality.,pending,
acute,likely_wrong,"A term statistically associated with syndrome, inflammation, respiratory, virus. Selected corpus use: computing; alternative contexts: web form, financial decision.",explanation_learning,computing,mixedbread-ai/mxbai-embed-large-v1,0.5807474851608276,8,sentence-transformers/all-MiniLM-L6-v2,0.30232250690460205,11,"Severe and sudden, highly perceptive, or forming a sharp angle.",pending,
phrases,likely_wrong,"A term statistically associated with changed, speaking, sentences, dialogue. Selected corpus use: computing; alternative contexts: life science, personal finance.",explanation_learning,computing,mixedbread-ai/mxbai-embed-large-v1,0.5815113186836243,6,sentence-transformers/all-MiniLM-L6-v2,0.4217582046985626,6,Groups of words that function together as meaningful units.,pending,
smart,likely_wrong,"A term statistically associated with devices, ring, loyal, iphone. Selected corpus use: learning notes; alternative contexts: purchase decision, learning plan.",summarization_synthesis,learning_notes,mixedbread-ai/mxbai-embed-large-v1,0.5825748443603516,12,sentence-transformers/all-MiniLM-L6-v2,0.27205148339271545,14,"Intelligent, stylish, or enabled by digital technology.",pending,
vocals,likely_wrong,"A term statistically associated with guitar, bass, rhythm, lead. Selected corpus use: subscriptions; alternative contexts: data pipeline, network connection.",practical_action,subscriptions,mixedbread-ai/mxbai-embed-large-v1,0.5868855118751526,8,sentence-transformers/all-MiniLM-L6-v2,0.42248451709747314,6,Sung or spoken parts of a musical recording or performance.,pending,
headphones,likely_wrong,"A term statistically associated with noise, ear, ears, pair. Selected corpus use: project update; alternative contexts: policy memo, research notes.",summarization_synthesis,project_update,mixedbread-ai/mxbai-embed-large-v1,0.5883156061172485,6,sentence-transformers/all-MiniLM-L6-v2,0.39310452342033386,8,A pair of small speakers worn over or in the ears.,pending,
nominated,likely_wrong,"A term statistically associated with awards, award, picture, films. Selected corpus use: purchase decision; alternative contexts: file sync, network connection.",planning_comparison,purchase_decision,mixedbread-ai/mxbai-embed-large-v1,0.5887064337730408,8,sentence-transformers/all-MiniLM-L6-v2,0.23512788116931915,11,"Formally proposed for a position, award, or selection.",pending,
imaging,likely_wrong,"A term statistically associated with magnetic, medical, brain, tissue. Selected corpus use: low cost activity; alternative contexts: medical information, physical safety.",brainstorming_creativity,low_cost_activity,mixedbread-ai/mxbai-embed-large-v1,0.5892747640609741,6,sentence-transformers/all-MiniLM-L6-v2,0.34828442335128784,7,"The creation or processing of visual representations, often for diagnosis.",pending,
iconic,likely_wrong,"A term statistically associated with flavored, tower, artists, characters. Selected corpus use: course enrolment; alternative contexts: data pipeline, network connection.",practical_action,course_enrolment,mixedbread-ai/mxbai-embed-large-v1,0.5941243171691895,9,sentence-transformers/all-MiniLM-L6-v2,0.16640350222587585,9,Widely recognized as a representative symbol.,pending,
paintings,likely_wrong,"A term statistically associated with gallery, artwork, van, art. Selected corpus use: project update; alternative contexts: small project, learning plan.",summarization_synthesis,project_update,mixedbread-ai/mxbai-embed-large-v1,0.5941888093948364,11,sentence-transformers/all-MiniLM-L6-v2,0.5043495893478394,12,Pictures created by applying paint to a surface.,pending,
counter,likely_wrong,"A term statistically associated with kitchen, arguments, strike, counting. Selected corpus use: names; alternative contexts: contact record, small project.",brainstorming_creativity,names,mixedbread-ai/mxbai-embed-large-v1,0.5945062637329102,9,sentence-transformers/all-MiniLM-L6-v2,0.25571584701538086,7,"A work surface, counting device, or force that opposes an effect.",pending,
racial,likely_wrong,"A term statistically associated with rights, civil, laws, prejudice. Selected corpus use: argument; alternative contexts: social mistake, personal finance.",critique_revision,argument,mixedbread-ai/mxbai-embed-large-v1,0.595089852809906,10,sentence-transformers/all-MiniLM-L6-v2,0.3494391441345215,8,Relating to socially defined groups associated with ancestry or physical traits.,pending,
substantial,likely_wrong,"A term statistically associated with amount, since, influence, brand. Selected corpus use: policy memo; alternative contexts: project update, financial decision.",summarization_synthesis,policy_memo,mixedbread-ai/mxbai-embed-large-v1,0.5985260009765625,10,sentence-transformers/all-MiniLM-L6-v2,0.21781274676322937,8,"Large, important, solid, or strongly supported.",pending,
jelly,likely_wrong,"A term statistically associated with peanut, butter, sandwich, bread. Selected corpus use: small project; alternative contexts: support thread, event plan.",planning_comparison,small_project,mixedbread-ai/mxbai-embed-large-v1,0.5986123085021973,8,sentence-transformers/all-MiniLM-L6-v2,0.3138884902000427,8,A soft gel-like food or substance.,pending,
blockchain,likely_wrong,"A term statistically associated with transactions, blocks, digital, applications. Selected corpus use: project update; alternative contexts: logical constraints, event plan.",summarization_synthesis,project_update,mixedbread-ai/mxbai-embed-large-v1,0.6028075218200684,12,sentence-transformers/all-MiniLM-L6-v2,0.25274404883384705,6,A distributed ledger whose records are linked in cryptographically secured blocks.,pending,
sexual,likely_wrong,"A term statistically associated with conduct, selection, abuse, gender. Selected corpus use: account access; alternative contexts: financial decision, privacy security.",practical_action,account_access,mixedbread-ai/mxbai-embed-large-v1,0.6041667461395264,7,sentence-transformers/all-MiniLM-L6-v2,0.23424971103668213,12,"Relating to sex, sexuality, or sexual reproduction.",pending,
cameras,likely_wrong,"A term statistically associated with camera, digital, quest, lens. Selected corpus use: project update; alternative contexts: network connection, small project.",summarization_synthesis,project_update,mixedbread-ai/mxbai-embed-large-v1,0.6044245958328247,9,sentence-transformers/all-MiniLM-L6-v2,0.4861564338207245,12,Devices used to capture photographs or video.,pending,
dose,likely_wrong,"A term statistically associated with daily, vitamin, healthy, soul. Selected corpus use: peripheral; alternative contexts: physical safety, project plan.",troubleshooting,peripheral,mixedbread-ai/mxbai-embed-large-v1,0.6048704385757446,7,sentence-transformers/all-MiniLM-L6-v2,0.09765726327896118,8,"A measured amount of medicine, radiation, or another substance.",pending,
stretching,likely_wrong,"A term statistically associated with cardio, muscles, yoga, coral. Selected corpus use: policy memo; alternative contexts: learning plan, small project.",summarization_synthesis,policy_memo,mixedbread-ai/mxbai-embed-large-v1,0.6051987409591675,8,sentence-transformers/all-MiniLM-L6-v2,0.2929028570652008,7,"Extending length, range, muscles, or available resources.",pending,
speeds,likely_wrong,"A term statistically associated with mph, fastest, hour, animal. Selected corpus use: financial decision; alternative contexts: learning plan, peripheral.",safety_uncertainty,financial_decision,mixedbread-ai/mxbai-embed-large-v1,0.6059019565582275,10,sentence-transformers/all-MiniLM-L6-v2,0.37946584820747375,6,"Rates at which movement, action, or change occurs.",pending,
beneath,likely_wrong,"A term statistically associated with lies, ocean, deep, underground. Selected corpus use: article excerpt; alternative contexts: small project, purchase decision.",summarization_synthesis,article_excerpt,mixedbread-ai/mxbai-embed-large-v1,0.6060508489608765,6,sentence-transformers/all-MiniLM-L6-v2,0.35211753845214844,6,In or to a lower position than something else.,pending,
games,likely_wrong,"A term statistically associated with video, play, game, playing. Selected corpus use: learning notes; alternative contexts: learning plan, purchase decision.",summarization_synthesis,learning_notes,mixedbread-ai/mxbai-embed-large-v1,0.6068338751792908,10,sentence-transformers/all-MiniLM-L6-v2,0.41362911462783813,10,"Rule-based activities played for competition, skill, or amusement.",pending,
calculated,likely_wrong,"A term statistically associated with sum, velocity, height, per. Selected corpus use: format preference; alternative contexts: survey response, receipt.",context_clarification,format_preference,mixedbread-ai/mxbai-embed-large-v1,0.6068978309631348,6,sentence-transformers/all-MiniLM-L6-v2,0.2438986450433731,8,Determined by mathematics or deliberately planned.,pending,
focusing,likely_wrong,"A term statistically associated with promotes, breathing, meditation, attention. Selected corpus use: learning notes; alternative contexts: life science, learning plan.",summarization_synthesis,learning_notes,mixedbread-ai/mxbai-embed-large-v1,0.6070324182510376,6,sentence-transformers/all-MiniLM-L6-v2,0.3725475072860718,13,"Directing attention, effort, or optical clarity toward something.",pending,
proteins,likely_wrong,"A term statistically associated with protein, molecules, cell, structures. Selected corpus use: policy memo; alternative contexts: purchase decision, support thread.",summarization_synthesis,policy_memo,mixedbread-ai/mxbai-embed-large-v1,0.6108640432357788,7,sentence-transformers/all-MiniLM-L6-v2,0.5077190399169922,10,Large biological molecules made of amino-acid chains.,pending,
era,likely_wrong,"A term statistically associated with medieval, modern, classical, age. Selected corpus use: article excerpt; alternative contexts: purchase decision, learning plan.",summarization_synthesis,article_excerpt,mixedbread-ai/mxbai-embed-large-v1,0.6119221448898315,12,sentence-transformers/all-MiniLM-L6-v2,0.29663482308387756,11,A distinct and extended period of history.,pending,
instances,likely_wrong,"A term statistically associated with instance, scientific, numerous, earliest. Selected corpus use: research notes; alternative contexts: learning plan, web form.",summarization_synthesis,research_notes,mixedbread-ai/mxbai-embed-large-v1,0.6147000789642334,9,sentence-transformers/all-MiniLM-L6-v2,0.3103366494178772,10,Individual examples or occurrences of something.,pending,
yogurt,likely_wrong,"A term statistically associated with milk, dairy, protein, tofu. Selected corpus use: survey response; alternative contexts: article excerpt, research notes.",extraction_classification,survey_response,mixedbread-ai/mxbai-embed-large-v1,0.615494966506958,7,sentence-transformers/all-MiniLM-L6-v2,0.3369215130805969,6,A fermented milk food produced using bacterial cultures.,pending,
fries,likely_wrong,"A term statistically associated with potatoes, chips, potato, steak. Selected corpus use: receipt; alternative contexts: case note, media literacy.",extraction_classification,receipt,mixedbread-ai/mxbai-embed-large-v1,0.6158155798912048,6,sentence-transformers/all-MiniLM-L6-v2,0.35806652903556824,7,Thin pieces of potato or other food cooked in hot oil.,pending,
apples,likely_wrong,"A term statistically associated with oranges, fruits, strawberries, fruit. Selected corpus use: project update; alternative contexts: receipt, subscriptions.",summarization_synthesis,project_update,mixedbread-ai/mxbai-embed-large-v1,0.6161467432975769,10,sentence-transformers/all-MiniLM-L6-v2,0.47280019521713257,6,Round fruits produced by apple trees.,pending,
holidays,likely_wrong,"A term statistically associated with holiday, school, day, weekend. Selected corpus use: project update; alternative contexts: travel plan, small project.",summarization_synthesis,project_update,mixedbread-ai/mxbai-embed-large-v1,0.6167698502540588,9,sentence-transformers/all-MiniLM-L6-v2,0.5333231091499329,10,"Days or periods set aside for celebration, rest, or travel.",pending,
layers,likely_wrong,"A term statistically associated with layer, neural, rocks, scientists. Selected corpus use: survey response; alternative contexts: travel plan, learning plan.",extraction_classification,survey_response,mixedbread-ai/mxbai-embed-large-v1,0.6183462142944336,7,sentence-transformers/all-MiniLM-L6-v2,0.412479430437088,6,"Sheets, levels, or structures arranged one over another.",pending,
curiosity,likely_wrong,"A term statistically associated with turned, discovered, exploring, little. Selected corpus use: table comparison; alternative contexts: learning plan, uncertain change.",reasoning_verification,table_comparison,mixedbread-ai/mxbai-embed-large-v1,0.6206721663475037,9,sentence-transformers/all-MiniLM-L6-v2,0.2513245642185211,9,"A desire to know, learn, or investigate.",pending,
train,likely_wrong,"A term statistically associated with passenger, station, transportation, training. Selected corpus use: data literacy; alternative contexts: network connection, travel plan.",explanation_learning,data_literacy,mixedbread-ai/mxbai-embed-large-v1,0.6217968463897705,9,sentence-transformers/all-MiniLM-L6-v2,0.3328171372413635,9,"A connected series of rail vehicles, or the act of teaching through practice.",pending,
tourist,likely_wrong,"A term statistically associated with attractions, destinations, million, international. Selected corpus use: data pipeline; alternative contexts: learning plan, travel plan.",troubleshooting,data_pipeline,mixedbread-ai/mxbai-embed-large-v1,0.6236856579780579,6,sentence-transformers/all-MiniLM-L6-v2,0.4892176687717438,11,A person travelling for leisure or to visit places.,pending,
bomb,likely_wrong,"A term statistically associated with atomic, nuclear, explosion, injured. Selected corpus use: unit conversion; alternative contexts: small project, network connection.",reasoning_verification,unit_conversion,mixedbread-ai/mxbai-embed-large-v1,0.6240015029907227,8,sentence-transformers/all-MiniLM-L6-v2,0.33480507135391235,7,An explosive weapon or device.,pending,
amount,likely_wrong,"A term statistically associated with money, garlic, monthly, tax. Selected corpus use: data pipeline; alternative contexts: small project, purchase decision.",troubleshooting,data_pipeline,mixedbread-ai/mxbai-embed-large-v1,0.6244803667068481,6,sentence-transformers/all-MiniLM-L6-v2,0.2642107605934143,6,A quantity or total of something.,pending,
flexible,likely_wrong,"A term statistically associated with yoga, efficient, accommodate, allow. Selected corpus use: project update; alternative contexts: small project, learning plan.",summarization_synthesis,project_update,mixedbread-ai/mxbai-embed-large-v1,0.6265326142311096,12,sentence-transformers/all-MiniLM-L6-v2,0.28722694516181946,11,"Able to bend, adapt, or change without breaking.",pending,
school,likely_wrong,"A term statistically associated with elementary, attended, middle, schools. Selected corpus use: financial decision; alternative contexts: learning plan, small project.",safety_uncertainty,financial_decision,mixedbread-ai/mxbai-embed-large-v1,0.6288608908653259,12,sentence-transformers/all-MiniLM-L6-v2,0.43825581669807434,8,An institution for education or a group sharing a field or style.,pending,
broccoli,likely_wrong,"A term statistically associated with cabbage, vegetables, spinach, carrots. Selected corpus use: survey response; alternative contexts: financial decision, media literacy.",extraction_classification,survey_response,mixedbread-ai/mxbai-embed-large-v1,0.6291922330856323,6,sentence-transformers/all-MiniLM-L6-v2,0.41753658652305603,9,A green vegetable with a thick stalk and clustered flower buds.,pending,
far,likely_wrong,"A term statistically associated with near, distance, apart, right. Selected corpus use: research notes; alternative contexts: small project, travel plan.",summarization_synthesis,research_notes,mixedbread-ai/mxbai-embed-large-v1,0.6298743486404419,6,sentence-transformers/all-MiniLM-L6-v2,0.274385929107666,8,At or to a great distance or degree.,pending,
lens,likely_wrong,"A term statistically associated with camera, photo, cameras, eye. Selected corpus use: contact record; alternative contexts: learning plan, peripheral.",extraction_classification,contact_record,mixedbread-ai/mxbai-embed-large-v1,0.632323145866394,6,sentence-transformers/all-MiniLM-L6-v2,0.37018418312072754,8,"A curved transparent element that focuses light, or a viewpoint for interpretation.",pending,
leg,likely_wrong,"A term statistically associated with squat, press, knee, arm. Selected corpus use: scope boundary; alternative contexts: learning plan, small project.",context_clarification,scope_boundary,mixedbread-ai/mxbai-embed-large-v1,0.6332434415817261,11,sentence-transformers/all-MiniLM-L6-v2,0.43412408232688904,12,"A limb used for support and movement, or one stage of a journey.",pending,
couch,likely_wrong,"A term statistically associated with desk, bed, kitchen, dog. Selected corpus use: table comparison; alternative contexts: home repair, email.",reasoning_verification,table_comparison,mixedbread-ai/mxbai-embed-large-v1,0.6338934898376465,9,sentence-transformers/all-MiniLM-L6-v2,0.4041593074798584,10,"A long upholstered seat, or the act of expressing something in particular terms.",pending,
throws,likely_wrong,"A term statistically associated with pitcher, ball, player, balls. Selected corpus use: uncertain change; alternative contexts: life science, peripheral.",conversation_empathy,uncertain_change,mixedbread-ai/mxbai-embed-large-v1,0.6349078416824341,9,sentence-transformers/all-MiniLM-L6-v2,0.2957453727722168,7,Propels something through the air or causes a sudden state or event.,pending,
movements,likely_wrong,"A term statistically associated with dance, spreading, body, visual. Selected corpus use: survey response; alternative contexts: life science, civics.",extraction_classification,survey_response,mixedbread-ai/mxbai-embed-large-v1,0.6367363929748535,6,sentence-transformers/all-MiniLM-L6-v2,0.4748647212982178,11,"Changes of position, organized campaigns, or sections of music.",pending,
wool,likely_wrong,"A term statistically associated with fabric, cotton, socks, leather. Selected corpus use: feature ideas; alternative contexts: purchase decision, small project.",brainstorming_creativity,feature_ideas,mixedbread-ai/mxbai-embed-large-v1,0.6378849148750305,7,sentence-transformers/all-MiniLM-L6-v2,0.48602432012557983,9,"The soft hair of sheep and similar animals, used as a textile fibre.",pending,
butterflies,likely_wrong,"A term statistically associated with bees, adult, butterfly, insects. Selected corpus use: uncertain change; alternative contexts: file sync, network connection.",conversation_empathy,uncertain_change,mixedbread-ai/mxbai-embed-large-v1,0.6403603553771973,7,sentence-transformers/all-MiniLM-L6-v2,0.4883074164390564,6,"Insects with broad, often colorful wings and a complete metamorphic life cycle.",pending,
strength,likely_wrong,"A term statistically associated with muscle, endurance, muscular, training. Selected corpus use: web form; alternative contexts: peripheral, purchase decision.",troubleshooting,web_form,mixedbread-ai/mxbai-embed-large-v1,0.6419459581375122,8,sentence-transformers/all-MiniLM-L6-v2,0.34031379222869873,6,"The capacity to resist force, act effectively, or provide an advantage.",pending,
rides,likely_wrong,"A term statistically associated with attractions, roller, riding, park. Selected corpus use: project update; alternative contexts: learning plan, small project.",summarization_synthesis,project_update,mixedbread-ai/mxbai-embed-large-v1,0.6428409814834595,10,sentence-transformers/all-MiniLM-L6-v2,0.5185650587081909,11,"Travels on or in a vehicle, animal, or moving attraction.",pending,
circle,likely_wrong,"A term statistically associated with easiest, circular, lines, moon. Selected corpus use: survey response; alternative contexts: network connection, web form.",extraction_classification,survey_response,mixedbread-ai/mxbai-embed-large-v1,0.6429250240325928,9,sentence-transformers/all-MiniLM-L6-v2,0.3911118507385254,9,A round shape whose boundary is equally distant from its center.,pending,
frequency,likely_wrong,"A term statistically associated with pitch, intensity, waves, audio. Selected corpus use: outreach; alternative contexts: peripheral, workflow.",brainstorming_creativity,outreach,mixedbread-ai/mxbai-embed-large-v1,0.6492154598236084,7,sentence-transformers/all-MiniLM-L6-v2,0.3367336690425873,9,How often something occurs within a given interval.,pending,
mustard,likely_wrong,"A term statistically associated with seeds, onions, yellow, sauce. Selected corpus use: small project; alternative contexts: low cost activity, writing prompts.",planning_comparison,small_project,mixedbread-ai/mxbai-embed-large-v1,0.6504107713699341,6,sentence-transformers/all-MiniLM-L6-v2,0.35260841250419617,11,A pungent condiment made from mustard seeds.,pending,
goose,likely_wrong,"A term statistically associated with duck, bird, birds, flying. Selected corpus use: meeting transcript; alternative contexts: media literacy, personal finance.",summarization_synthesis,meeting_transcript,mixedbread-ai/mxbai-embed-large-v1,0.653261125087738,9,sentence-transformers/all-MiniLM-L6-v2,0.3649904131889343,8,A large waterbird related to ducks and swans.,pending,
electronic,likely_wrong,"A term statistically associated with devices, music, electronics, rock. Selected corpus use: case note; alternative contexts: learning plan, small project.",extraction_classification,case_note,mixedbread-ai/mxbai-embed-large-v1,0.6586592197418213,6,sentence-transformers/all-MiniLM-L6-v2,0.3477991223335266,7,Relating to devices or systems that control electric signals.,pending,
particles,likely_wrong,"A term statistically associated with particle, charged, quantum, physics. Selected corpus use: technical explanation; alternative contexts: travel plan, purchase decision.",writing_transformation,technical_explanation,mixedbread-ai/mxbai-embed-large-v1,0.6599181890487671,6,sentence-transformers/all-MiniLM-L6-v2,0.46389397978782654,6,Very small pieces of matter or discrete physical entities.,pending,
credit,likely_wrong,"A term statistically associated with card, cards, loans, payment. Selected corpus use: interface copy; alternative contexts: privacy security, financial decision.",critique_revision,interface_copy,mixedbread-ai/mxbai-embed-large-v1,0.6722716093063354,9,sentence-transformers/all-MiniLM-L6-v2,0.3648143410682678,9,"Recognition, borrowed funds, or an accounting entry of value.",pending,
gun,likely_wrong,"A term statistically associated with weapon, guns, violence, laws. Selected corpus use: feature ideas; alternative contexts: privacy security, financial decision.",brainstorming_creativity,feature_ideas,mixedbread-ai/mxbai-embed-large-v1,0.6729288101196289,6,sentence-transformers/all-MiniLM-L6-v2,0.3380330204963684,8,A weapon or device that fires a projectile or pressurized material.,pending,
dairy,likely_wrong,"A term statistically associated with milk, yogurt, products, meat. Selected corpus use: survey response; alternative contexts: purchase decision, feature ideas.",extraction_classification,survey_response,mixedbread-ai/mxbai-embed-large-v1,0.6730201244354248,7,sentence-transformers/all-MiniLM-L6-v2,0.553929328918457,7,Relating to milk products or the industry that produces them.,pending,
psychological,likely_wrong,"A term statistically associated with thriller, horror, child's, psychology. Selected corpus use: instructions; alternative contexts: physical safety, financial decision.",critique_revision,instructions,mixedbread-ai/mxbai-embed-large-v1,0.6750822067260742,7,sentence-transformers/all-MiniLM-L6-v2,0.47388824820518494,9,"Relating to the mind, emotions, or behavior.",pending,
summers,likely_wrong,"A term statistically associated with hot, warm, winter, springs. Selected corpus use: achievement; alternative contexts: small project, learning plan.",conversation_empathy,achievement,mixedbread-ai/mxbai-embed-large-v1,0.675640881061554,6,sentence-transformers/all-MiniLM-L6-v2,0.4658087491989136,13,Warm seasons between spring and autumn.,pending,
anger,likely_wrong,"A term statistically associated with emotions, fear, pain, angry. Selected corpus use: case note; alternative contexts: work stress, uncertain change.",extraction_classification,case_note,mixedbread-ai/mxbai-embed-large-v1,0.6782127022743225,7,sentence-transformers/all-MiniLM-L6-v2,0.47606125473976135,10,A strong feeling of displeasure or hostility.,pending,
minute,likely_wrong,"A term statistically associated with bar, minutes, hour, seconds. Selected corpus use: learning plan; alternative contexts: network connection, file sync.",planning_comparison,learning_plan,mixedbread-ai/mxbai-embed-large-v1,0.6800957918167114,7,sentence-transformers/all-MiniLM-L6-v2,0.40748918056488037,11,"A unit of sixty seconds, or extremely small in size.",pending,
vacation,likely_wrong,"A term statistically associated with destinations, beach, summer, relaxing. Selected corpus use: support reply; alternative contexts: travel plan, learning plan.",writing_transformation,support_reply,mixedbread-ai/mxbai-embed-large-v1,0.6808394193649292,6,sentence-transformers/all-MiniLM-L6-v2,0.5074537992477417,8,A period away from work or study used for rest or travel.,pending,
particle,likely_wrong,"A term statistically associated with particles, physics, quantum, speed. Selected corpus use: relationship tension; alternative contexts: uncertain change, media literacy.",conversation_empathy,relationship_tension,mixedbread-ai/mxbai-embed-large-v1,0.6828237771987915,11,sentence-transformers/all-MiniLM-L6-v2,0.36248475313186646,10,A very small piece of matter or a discrete physical entity.,pending,
taste,likely_wrong,"A term statistically associated with bitter, sweetness, sour, tongue. Selected corpus use: support thread; alternative contexts: small project, purchase decision.",summarization_synthesis,support_thread,mixedbread-ai/mxbai-embed-large-v1,0.686496376991272,8,sentence-transformers/all-MiniLM-L6-v2,0.40939033031463623,13,"The sense of flavor, a small sample, or a preference in style.",pending,
alphabetical,likely_wrong,"A term statistically associated with list, sorted, below, television. Selected corpus use: instructions; alternative contexts: contact record, names.",critique_revision,instructions,mixedbread-ai/mxbai-embed-large-v1,0.6959531307220459,6,sentence-transformers/all-MiniLM-L6-v2,0.40760737657546997,7,Arranged according to the conventional order of letters.,pending,
trail,likely_wrong,"A term statistically associated with hike, hiking, mile, trails. Selected corpus use: mathematics; alternative contexts: learning plan, travel plan.",explanation_learning,mathematics,mixedbread-ai/mxbai-embed-large-v1,0.6968598365783691,9,sentence-transformers/all-MiniLM-L6-v2,0.45851701498031616,8,"A path, track, or sequence of evidence left behind.",pending,
seas,likely_wrong,"A term statistically associated with oceans, sea, lakes, ships. Selected corpus use: financial decision; alternative contexts: event plan, life science.",safety_uncertainty,financial_decision,mixedbread-ai/mxbai-embed-large-v1,0.7003062963485718,7,sentence-transformers/all-MiniLM-L6-v2,0.5427138805389404,7,Large bodies of salt water smaller than oceans.,pending,
nut,likely_wrong,"A term statistically associated with nuts, peanut, fruit, butter. Selected corpus use: survey response; alternative contexts: event plan, names.",extraction_classification,survey_response,mixedbread-ai/mxbai-embed-large-v1,0.705348014831543,6,sentence-transformers/all-MiniLM-L6-v2,0.45288461446762085,7,"A hard-shelled edible seed, or a threaded metal fastener.",pending,
ale,likely_wrong,"A term statistically associated with pale, beer, alcohol, might. Selected corpus use: small project; alternative contexts: data pipeline, file sync.",planning_comparison,small_project,mixedbread-ai/mxbai-embed-large-v1,0.7073106169700623,10,sentence-transformers/all-MiniLM-L6-v2,0.22765925526618958,12,A type of beer brewed using warm fermentation.,pending,
climbing,likely_wrong,"A term statistically associated with rope, rock, hiking, climb. Selected corpus use: survey response; alternative contexts: public transit, learning plan.",extraction_classification,survey_response,mixedbread-ai/mxbai-embed-large-v1,0.7077372074127197,9,sentence-transformers/all-MiniLM-L6-v2,0.5702192187309265,10,"Moving upward using hands, feet, equipment, or gradual progress.",pending,
habits,likely_wrong,"A term statistically associated with habit, atomic, eating, healthy. Selected corpus use: peripheral; alternative contexts: web form, learning plan.",troubleshooting,peripheral,mixedbread-ai/mxbai-embed-large-v1,0.714603066444397,10,sentence-transformers/all-MiniLM-L6-v2,0.5497223734855652,10,Regular behaviors or practices acquired through repetition.,pending,
wearing,likely_wrong,"A term statistically associated with dress, socks, mask, shirt. Selected corpus use: writing prompts; alternative contexts: work stress, uncertain change.",brainstorming_creativity,writing_prompts,mixedbread-ai/mxbai-embed-large-v1,0.7231829166412354,6,sentence-transformers/all-MiniLM-L6-v2,0.449099600315094,10,"Having clothing or equipment on the body, or causing gradual damage through use.",pending,
dental,likely_wrong,"A term statistically associated with tooth, teeth, oral, disease. Selected corpus use: feature ideas; alternative contexts: financial decision, medical information.",brainstorming_creativity,feature_ideas,mixedbread-ai/mxbai-embed-large-v1,0.7262930870056152,8,sentence-transformers/all-MiniLM-L6-v2,0.5854441523551941,7,Relating to teeth or their care and treatment.,pending,
admitted,uncertain,"A term statistically associated with bar, percent, law, report. Selected corpus use: inventory record; alternative contexts: file sync, network connection.",extraction_classification,inventory_record,mixedbread-ai/mxbai-embed-large-v1,0.37077048420906067,1,sentence-transformers/all-MiniLM-L6-v2,0.04916250705718994,1,,pending,
principal,uncertain,"A term statistically associated with loan, interest, mortgage, bond. Selected corpus use: low cost activity; alternative contexts: web form, network connection.",brainstorming_creativity,low_cost_activity,mixedbread-ai/mxbai-embed-large-v1,0.3981984257698059,3,sentence-transformers/all-MiniLM-L6-v2,0.06472291052341461,3,,pending,
really,uncertain,"A term statistically associated with don't, it's, didn't, can't. Selected corpus use: lesson activity; alternative contexts: learning plan, small project.",brainstorming_creativity,lesson_activity,mixedbread-ai/mxbai-embed-large-v1,0.4096963405609131,3,sentence-transformers/all-MiniLM-L6-v2,0.08584441244602203,2,,pending,
arise,uncertain,"A term statistically associated with thoughts, competing, involving, situations. Selected corpus use: project plan; alternative contexts: learning plan, purchase decision.",critique_revision,project_plan,mixedbread-ai/mxbai-embed-large-v1,0.41790783405303955,1,sentence-transformers/all-MiniLM-L6-v2,0.21195946633815765,1,,pending,
neither,uncertain,"A term statistically associated with argue, expect, pride, zero. Selected corpus use: incident log; alternative contexts: web form, network connection.",summarization_synthesis,incident_log,mixedbread-ai/mxbai-embed-large-v1,0.42137616872787476,1,sentence-transformers/all-MiniLM-L6-v2,0.023973647505044937,1,,pending,
fallen,uncertain,"A term statistically associated with fruit, dry, tree, profits. Selected corpus use: meeting notes; alternative contexts: travel plan, learning plan.",writing_transformation,meeting_notes,mixedbread-ai/mxbai-embed-large-v1,0.423691987991333,5,sentence-transformers/all-MiniLM-L6-v2,0.15178513526916504,9,,pending,
sure,uncertain,"A term statistically associated with you're, get, it's, don't. Selected corpus use: lesson activity; alternative contexts: learning plan, small project.",brainstorming_creativity,lesson_activity,mixedbread-ai/mxbai-embed-large-v1,0.4250766336917877,3,sentence-transformers/all-MiniLM-L6-v2,0.0017937440425157547,2,,pending,
wouldn't,uncertain,"A term statistically associated with told, knew, think, till. Selected corpus use: timeline ambiguity; alternative contexts: learning plan, purchase decision.",context_clarification,timeline_ambiguity,mixedbread-ai/mxbai-embed-large-v1,0.42559462785720825,1,sentence-transformers/all-MiniLM-L6-v2,0.08693121373653412,1,,pending,
allowing,uncertain,"A term statistically associated with cell, tissue, users, score. Selected corpus use: lesson activity; alternative contexts: learning plan, network connection.",brainstorming_creativity,lesson_activity,mixedbread-ai/mxbai-embed-large-v1,0.42678800225257874,1,sentence-transformers/all-MiniLM-L6-v2,0.09256657212972641,5,,pending,
alone,uncertain,"A term statistically associated with sing, stand, left, singing. Selected corpus use: achievement; alternative contexts: small project, learning plan.",conversation_empathy,achievement,mixedbread-ai/mxbai-embed-large-v1,0.4270065724849701,2,sentence-transformers/all-MiniLM-L6-v2,0.06631353497505188,4,,pending,
simply,uncertain,"A term statistically associated with usually, called, often, perhaps. Selected corpus use: proportions; alternative contexts: peripheral, network connection.",reasoning_verification,proportions,mixedbread-ai/mxbai-embed-large-v1,0.4284175932407379,1,sentence-transformers/all-MiniLM-L6-v2,0.09463641792535782,2,,pending,
ups,uncertain,"A term statistically associated with push, exercises, pull, sit. Selected corpus use: mathematics; alternative contexts: purchase decision, learning plan.",explanation_learning,mathematics,mixedbread-ai/mxbai-embed-large-v1,0.43316733837127686,6,sentence-transformers/all-MiniLM-L6-v2,,,,pending,
added,uncertain,"A term statistically associated with sugars, milk, sugar, cheese. Selected corpus use: simple probability; alternative contexts: network connection, file sync.",reasoning_verification,simple_probability,mixedbread-ai/mxbai-embed-large-v1,0.4341040849685669,1,sentence-transformers/all-MiniLM-L6-v2,0.059185564517974854,1,,pending,
never,uncertain,"A term statistically associated with seen, forget, knew, always. Selected corpus use: incident log; alternative contexts: small project, learning plan.",summarization_synthesis,incident_log,mixedbread-ai/mxbai-embed-large-v1,0.4356154799461365,2,sentence-transformers/all-MiniLM-L6-v2,0.07558250427246094,1,,pending,
almost,uncertain,"A term statistically associated with always, entirely, identical, heating. Selected corpus use: schedule math; alternative contexts: small project, purchase decision.",reasoning_verification,schedule_math,mixedbread-ai/mxbai-embed-large-v1,0.43669188022613525,1,sentence-transformers/all-MiniLM-L6-v2,0.12658876180648804,1,,pending,
history,uncertain,"A term statistically associated with museum, greatest, culture, rich. Selected corpus use: project update; alternative contexts: learning plan, small project.",writing_transformation,project_update,mixedbread-ai/mxbai-embed-large-v1,0.43685922026634216,5,sentence-transformers/all-MiniLM-L6-v2,0.3153155446052551,9,,pending,
broke,uncertain,"A term statistically associated with hero, anti, directed, threatened. Selected corpus use: incident log; alternative contexts: learning plan, purchase decision.",summarization_synthesis,incident_log,mixedbread-ai/mxbai-embed-large-v1,0.4373326301574707,1,sentence-transformers/all-MiniLM-L6-v2,0.062478192150592804,1,,pending,
always,uncertain,"A term statistically associated with it's, almost, never, love. Selected corpus use: shopping arithmetic; alternative contexts: learning plan, small project.",reasoning_verification,shopping_arithmetic,mixedbread-ai/mxbai-embed-large-v1,0.4379006624221802,1,sentence-transformers/all-MiniLM-L6-v2,0.096245676279068,1,,pending,
career,uncertain,"A term statistically associated with pursue, solo, won, scoring. Selected corpus use: incident log; alternative contexts: network connection, peripheral.",summarization_synthesis,incident_log,mixedbread-ai/mxbai-embed-large-v1,0.43828821182250977,1,sentence-transformers/all-MiniLM-L6-v2,0.2133091688156128,1,,pending,
today's,uncertain,"A term statistically associated with chess, strategies, culture, world. Selected corpus use: inventory record; alternative contexts: software install, network connection.",extraction_classification,inventory_record,mixedbread-ai/mxbai-embed-large-v1,0.43889278173446655,1,sentence-transformers/all-MiniLM-L6-v2,0.12369807064533234,1,,pending,
picture,uncertain,"A term statistically associated with motion, nominated, director, awards. Selected corpus use: case note; alternative contexts: data literacy, peripheral.",extraction_classification,case_note,mixedbread-ai/mxbai-embed-large-v1,0.4391360878944397,4,sentence-transformers/all-MiniLM-L6-v2,0.1469329297542572,9,,pending,
regulate,uncertain,"A term statistically associated with immune, insulin, blood, skin. Selected corpus use: instructions; alternative contexts: medical information, physical safety.",critique_revision,instructions,mixedbread-ai/mxbai-embed-large-v1,0.441143274307251,7,sentence-transformers/all-MiniLM-L6-v2,,,,pending,
continued,uncertain,"A term statistically associated with war, political, campaigns, fall. Selected corpus use: incident log; alternative contexts: small project, learning plan.",summarization_synthesis,incident_log,mixedbread-ai/mxbai-embed-large-v1,0.4412962794303894,1,sentence-transformers/all-MiniLM-L6-v2,0.17602775990962982,1,,pending,
alliance,uncertain,"A term statistically associated with television, war, member, strategic. Selected corpus use: timeline ambiguity; alternative contexts: file sync, peripheral.",context_clarification,timeline_ambiguity,mixedbread-ai/mxbai-embed-large-v1,0.44148316979408264,1,sentence-transformers/all-MiniLM-L6-v2,0.1903550922870636,1,,pending,
allow,uncertain,"A term statistically associated with minutes, flexible, headphones, dry. Selected corpus use: inventory record; alternative contexts: learning plan, small project.",extraction_classification,inventory_record,mixedbread-ai/mxbai-embed-large-v1,0.4420792758464813,1,sentence-transformers/all-MiniLM-L6-v2,0.013492986559867859,1,,pending,
led,uncertain,"A term statistically associated with discovery, coach, leadership, invasion. Selected corpus use: low cost activity; alternative contexts: small project, learning plan.",brainstorming_creativity,low_cost_activity,mixedbread-ai/mxbai-embed-large-v1,0.4425247311592102,1,sentence-transformers/all-MiniLM-L6-v2,0.17754241824150085,1,,pending,
incorporate,uncertain,"A term statistically associated with daily, detection, approaches, everyday. Selected corpus use: peripheral; alternative contexts: learning plan, life science.",troubleshooting,peripheral,mixedbread-ai/mxbai-embed-large-v1,0.4433227777481079,6,sentence-transformers/all-MiniLM-L6-v2,,,,pending,
pictures,uncertain,"A term statistically associated with film, worldwide, grossing, motion. Selected corpus use: writing prompts; alternative contexts: purchase decision, small project.",brainstorming_creativity,writing_prompts,mixedbread-ai/mxbai-embed-large-v1,0.4433349668979645,3,sentence-transformers/all-MiniLM-L6-v2,0.11972548067569733,6,,pending,
though,uncertain,"A term statistically associated with didn't, models, it's, formal. Selected corpus use: project plan; alternative contexts: learning plan, small project.",critique_revision,project_plan,mixedbread-ai/mxbai-embed-large-v1,0.44355151057243347,1,sentence-transformers/all-MiniLM-L6-v2,-0.0005867239087820053,1,,pending,
impossible,uncertain,"A term statistically associated with mission, cruise, it's, observe. Selected corpus use: schedule math; alternative contexts: purchase decision, learning plan.",reasoning_verification,schedule_math,mixedbread-ai/mxbai-embed-large-v1,0.4440934658050537,2,sentence-transformers/all-MiniLM-L6-v2,-0.012322582304477692,1,,pending,
leaving,uncertain,"A term statistically associated with tries, ball, returned, trace. Selected corpus use: inventory record; alternative contexts: small project, learning plan.",extraction_classification,inventory_record,mixedbread-ai/mxbai-embed-large-v1,0.4444291591644287,1,sentence-transformers/all-MiniLM-L6-v2,0.09107227623462677,1,,pending,
faced,uncertain,"A term statistically associated with challenges, difficulties, winds, losing. Selected corpus use: incident log; alternative contexts: network connection, web form.",summarization_synthesis,incident_log,mixedbread-ai/mxbai-embed-large-v1,0.4450920820236206,1,sentence-transformers/all-MiniLM-L6-v2,0.213579922914505,1,,pending,
completely,uncertain,"A term statistically associated with cool, tire, shut, freezing. Selected corpus use: lesson activity; alternative contexts: web form, network connection.",brainstorming_creativity,lesson_activity,mixedbread-ai/mxbai-embed-large-v1,0.4464762806892395,5,sentence-transformers/all-MiniLM-L6-v2,0.07851392030715942,3,,pending,
can't,uncertain,"A term statistically associated with get, believe, it's, see. Selected corpus use: uncertain change; alternative contexts: learning plan, small project.",conversation_empathy,uncertain_change,mixedbread-ai/mxbai-embed-large-v1,0.44720807671546936,1,sentence-transformers/all-MiniLM-L6-v2,0.03297083079814911,1,,pending,
quotes,uncertain,"A term statistically associated with horror, literature, double, projects. Selected corpus use: simple probability; alternative contexts: life science, personal finance.",reasoning_verification,simple_probability,mixedbread-ai/mxbai-embed-large-v1,0.44897931814193726,1,sentence-transformers/all-MiniLM-L6-v2,0.20898845791816711,6,,pending,
retire,uncertain,"A term statistically associated with age, chose, years, hoping. Selected corpus use: schedule entry; alternative contexts: file sync, peripheral.",extraction_classification,schedule_entry,mixedbread-ai/mxbai-embed-large-v1,0.44916874170303345,1,sentence-transformers/all-MiniLM-L6-v2,0.19067808985710144,1,,pending,
looking,uncertain,"A term statistically associated with you're, something, it's, perfect. Selected corpus use: social mistake; alternative contexts: small project, learning plan.",conversation_empathy,social_mistake,mixedbread-ai/mxbai-embed-large-v1,0.45074889063835144,1,sentence-transformers/all-MiniLM-L6-v2,0.06155635789036751,1,,pending,
perfectly,uncertain,"A term statistically associated with sheet, partially, fluffy, cooked. Selected corpus use: timeline ambiguity; alternative contexts: web form, software install.",context_clarification,timeline_ambiguity,mixedbread-ai/mxbai-embed-large-v1,0.4518699645996094,1,sentence-transformers/all-MiniLM-L6-v2,0.10811981558799744,1,,pending,
expand,uncertain,"A term statistically associated with markets, cultures, opportunities, industries. Selected corpus use: low cost activity; alternative contexts: network connection, peripheral.",brainstorming_creativity,low_cost_activity,mixedbread-ai/mxbai-embed-large-v1,0.4539049565792084,1,sentence-transformers/all-MiniLM-L6-v2,0.06869091838598251,1,,pending,
allows,uncertain,"A term statistically associated with random, hydrogen, users, library. Selected corpus use: schedule entry; alternative contexts: learning plan, small project.",extraction_classification,schedule_entry,mixedbread-ai/mxbai-embed-large-v1,0.45529669523239136,2,sentence-transformers/all-MiniLM-L6-v2,0.07438957691192627,1,,pending,
lazy,uncertain,"A term statistically associated with watching, brown, night, dog. Selected corpus use: privacy security; alternative contexts: financial decision, physical safety.",safety_uncertainty,privacy_security,mixedbread-ai/mxbai-embed-large-v1,0.45531368255615234,6,sentence-transformers/all-MiniLM-L6-v2,,,,pending,
world,uncertain,"A term statistically associated with war, largest, championship, series. Selected corpus use: proportions; alternative contexts: small project, learning plan.",reasoning_verification,proportions,mixedbread-ai/mxbai-embed-large-v1,0.46087774634361267,1,sentence-transformers/all-MiniLM-L6-v2,0.16579242050647736,1,,pending,
get,uncertain,"A term statistically associated with don't, it's, can't, started. Selected corpus use: schedule math; alternative contexts: small project, learning plan.",reasoning_verification,schedule_math,mixedbread-ai/mxbai-embed-large-v1,0.4616912603378296,1,sentence-transformers/all-MiniLM-L6-v2,0.03910372033715248,1,,pending,
turns,uncertain,"A term statistically associated with hitting, runs, bat, takes. Selected corpus use: lesson activity; alternative contexts: peripheral, small project.",brainstorming_creativity,lesson_activity,mixedbread-ai/mxbai-embed-large-v1,0.46193015575408936,2,sentence-transformers/all-MiniLM-L6-v2,0.1988368183374405,1,,pending,
join,uncertain,"A term statistically associated with group, agent, celebrate, asked. Selected corpus use: incident log; alternative contexts: file sync, network connection.",summarization_synthesis,incident_log,mixedbread-ai/mxbai-embed-large-v1,0.46234211325645447,1,sentence-transformers/all-MiniLM-L6-v2,0.15274012088775635,1,,pending,
realize,uncertain,"A term statistically associated with didn't, don't, lucky, feel. Selected corpus use: timeline ambiguity; alternative contexts: learning plan, purchase decision.",context_clarification,timeline_ambiguity,mixedbread-ai/mxbai-embed-large-v1,0.4627332091331482,1,sentence-transformers/all-MiniLM-L6-v2,0.14683544635772705,2,,pending,
seems,uncertain,"A term statistically associated with parameter, capable, amount, function. Selected corpus use: peripheral; alternative contexts: learning plan, purchase decision.",troubleshooting,peripheral,mixedbread-ai/mxbai-embed-large-v1,0.46431833505630493,6,sentence-transformers/all-MiniLM-L6-v2,,,,pending,
greatest,uncertain,"A term statistically associated with rolling, regarded, widely, artists. Selected corpus use: inventory record; alternative contexts: learning plan, travel plan.",extraction_classification,inventory_record,mixedbread-ai/mxbai-embed-large-v1,0.46439531445503235,1,sentence-transformers/all-MiniLM-L6-v2,0.12456727027893066,1,,pending,
rolling,uncertain,"A term statistically associated with stones, stone, greatest, artists. Selected corpus use: inventory record; alternative contexts: event plan, file sync.",extraction_classification,inventory_record,mixedbread-ai/mxbai-embed-large-v1,0.46540820598602295,1,sentence-transformers/all-MiniLM-L6-v2,0.16034571826457977,1,,pending,
century,uncertain,"A term statistically associated with late, mid, coffee, chess. Selected corpus use: lesson activity; alternative contexts: learning plan, small project.",brainstorming_creativity,lesson_activity,mixedbread-ai/mxbai-embed-large-v1,0.4657345414161682,1,sentence-transformers/all-MiniLM-L6-v2,0.23712629079818726,3,,pending,
see,uncertain,"A term statistically associated with blind, don't, can't, it's. Selected corpus use: incident log; alternative contexts: small project, learning plan.",summarization_synthesis,incident_log,mixedbread-ai/mxbai-embed-large-v1,0.46619606018066406,1,sentence-transformers/all-MiniLM-L6-v2,0.1902012825012207,1,,pending,
civil,uncertain,"A term statistically associated with rights, war, activist, movement. Selected corpus use: proportions; alternative contexts: small project, network connection.",reasoning_verification,proportions,mixedbread-ai/mxbai-embed-large-v1,0.46634984016418457,8,sentence-transformers/all-MiniLM-L6-v2,,,,pending,
top,uncertain,"A term statistically associated with bottom, ranked, ten, list. Selected corpus use: shopping arithmetic; alternative contexts: small project, learning plan.",reasoning_verification,shopping_arithmetic,mixedbread-ai/mxbai-embed-large-v1,0.46660077571868896,1,sentence-transformers/all-MiniLM-L6-v2,0.23666507005691528,1,,pending,
overhead,uncertain,"A term statistically associated with press, bench, lights, push. Selected corpus use: workflow; alternative contexts: learning plan, schedule entry.",brainstorming_creativity,workflow,mixedbread-ai/mxbai-embed-large-v1,0.4682036340236664,7,sentence-transformers/all-MiniLM-L6-v2,,,,pending,
gradually,uncertain,"A term statistically associated with increase, intensity, years, sessions. Selected corpus use: incident log; alternative contexts: small project, learning plan.",summarization_synthesis,incident_log,mixedbread-ai/mxbai-embed-large-v1,0.4689902663230896,1,sentence-transformers/all-MiniLM-L6-v2,0.15589852631092072,1,,pending,
definitely,uncertain,"A term statistically associated with bowling, something, probably, going. Selected corpus use: inventory record; alternative contexts: small project, learning plan.",extraction_classification,inventory_record,mixedbread-ai/mxbai-embed-large-v1,0.469058096408844,1,sentence-transformers/all-MiniLM-L6-v2,0.05899200588464737,1,,pending,
used,uncertain,"A term statistically associated with commonly, widely, technique, often. Selected corpus use: sequence pattern; alternative contexts: peripheral, network connection.",reasoning_verification,sequence_pattern,mixedbread-ai/mxbai-embed-large-v1,0.47050273418426514,2,sentence-transformers/all-MiniLM-L6-v2,0.229798823595047,3,,pending,
arriving,uncertain,"A term statistically associated with musicians, police, saw, finding. Selected corpus use: missing reference; alternative contexts: learning plan, travel plan.",context_clarification,missing_reference,mixedbread-ai/mxbai-embed-large-v1,0.47053882479667664,1,sentence-transformers/all-MiniLM-L6-v2,0.1215113028883934,3,,pending,
great,uncertain,"A term statistically associated with lakes, pyramid, depression, barrier. Selected corpus use: incident log; alternative contexts: small project, learning plan.",summarization_synthesis,incident_log,mixedbread-ai/mxbai-embed-large-v1,0.4719841480255127,1,sentence-transformers/all-MiniLM-L6-v2,0.05864579603075981,1,,pending,
lead,uncertain,"A term statistically associated with vocals, guitar, bass, rhythm. Selected corpus use: low cost activity; alternative contexts: event plan, small project.",brainstorming_creativity,low_cost_activity,mixedbread-ai/mxbai-embed-large-v1,0.47219717502593994,1,sentence-transformers/all-MiniLM-L6-v2,0.20420707762241364,1,,pending,
decided,uncertain,"A term statistically associated with day, pursue, wanted, didn't. Selected corpus use: schedule math; alternative contexts: small project, network connection.",reasoning_verification,schedule_math,mixedbread-ai/mxbai-embed-large-v1,0.47230273485183716,1,sentence-transformers/all-MiniLM-L6-v2,0.09946628659963608,3,,pending,
denied,uncertain,"A term statistically associated with ninth, appeal, circuit, court. Selected corpus use: project update; alternative contexts: small project, purchase decision.",summarization_synthesis,project_update,mixedbread-ai/mxbai-embed-large-v1,0.47273507714271545,9,sentence-transformers/all-MiniLM-L6-v2,,,,pending,
didn't,uncertain,"A term statistically associated with knew, realize, told, really. Selected corpus use: relationship tension; alternative contexts: purchase decision, small project.",conversation_empathy,relationship_tension,mixedbread-ai/mxbai-embed-large-v1,0.4730142056941986,1,sentence-transformers/all-MiniLM-L6-v2,0.10105434060096741,1,,pending,
stayed,uncertain,"A term statistically associated with weeks, visited, arrested, van. Selected corpus use: schedule entry; alternative contexts: purchase decision, small project.",extraction_classification,schedule_entry,mixedbread-ai/mxbai-embed-large-v1,0.47384801506996155,1,sentence-transformers/all-MiniLM-L6-v2,0.14186596870422363,2,,pending,
inexpensive,uncertain,"A term statistically associated with relatively, hobbies, fairly, nice. Selected corpus use: workflow; alternative contexts: data pipeline, file sync.",brainstorming_creativity,workflow,mixedbread-ai/mxbai-embed-large-v1,0.4740716814994812,1,sentence-transformers/all-MiniLM-L6-v2,0.15663741528987885,3,,pending,
documentary,uncertain,"A term statistically associated with film, lover, folk, albums. Selected corpus use: sequence pattern; alternative contexts: email, meeting notes.",reasoning_verification,sequence_pattern,mixedbread-ai/mxbai-embed-large-v1,0.474075049161911,8,sentence-transformers/all-MiniLM-L6-v2,,,,pending,
changed,uncertain,"A term statistically associated with forever, fishing, agriculture, years. Selected corpus use: schedule entry; alternative contexts: learning plan, network connection.",extraction_classification,schedule_entry,mixedbread-ai/mxbai-embed-large-v1,0.47416001558303833,2,sentence-transformers/all-MiniLM-L6-v2,0.09963466227054596,1,,pending,
impacted,uncertain,"A term statistically associated with fires, legislation, projects, area. Selected corpus use: email draft; alternative contexts: small project, learning plan.",critique_revision,email_draft,mixedbread-ai/mxbai-embed-large-v1,0.4742223620414734,1,sentence-transformers/all-MiniLM-L6-v2,0.20781132578849792,2,,pending,
keeps,uncertain,"A term statistically associated with gravity, substances, engaged, heat. Selected corpus use: comparison table; alternative contexts: learning plan, small project.",grounded_qa,comparison_table,mixedbread-ai/mxbai-embed-large-v1,0.4745446741580963,5,sentence-transformers/all-MiniLM-L6-v2,0.04233868420124054,2,,pending,
goes,uncertain,"A term statistically associated with story, saying, tunnel, bad. Selected corpus use: schedule entry; alternative contexts: small project, learning plan.",extraction_classification,schedule_entry,mixedbread-ai/mxbai-embed-large-v1,0.4746490716934204,4,sentence-transformers/all-MiniLM-L6-v2,0.13742288947105408,4,,pending,
coming,uncertain,"A term statistically associated with noise, heard, age, thriller. Selected corpus use: writing prompts; alternative contexts: learning plan, small project.",brainstorming_creativity,writing_prompts,mixedbread-ai/mxbai-embed-large-v1,0.47482216358184814,2,sentence-transformers/all-MiniLM-L6-v2,0.13580937683582306,1,,pending,
going,uncertain,"A term statistically associated with you're, we're, get, it's. Selected corpus use: timeline ambiguity; alternative contexts: learning plan, small project.",context_clarification,timeline_ambiguity,mixedbread-ai/mxbai-embed-large-v1,0.47555702924728394,1,sentence-transformers/all-MiniLM-L6-v2,0.0608462393283844,1,,pending,
committed,uncertain,"A term statistically associated with crime, suicide, enemy, ensuring. Selected corpus use: inventory record; alternative contexts: peripheral, network connection.",extraction_classification,inventory_record,mixedbread-ai/mxbai-embed-large-v1,0.4770755171775818,1,sentence-transformers/all-MiniLM-L6-v2,0.27895402908325195,3,,pending,
worse,uncertain,"A term statistically associated with much, secret, anger, higher. Selected corpus use: schedule entry; alternative contexts: travel plan, small project.",extraction_classification,schedule_entry,mixedbread-ai/mxbai-embed-large-v1,0.4772082567214966,3,sentence-transformers/all-MiniLM-L6-v2,0.11860240995883942,5,,pending,
anti,uncertain,"A term statistically associated with colonial, hero, broke, videos. Selected corpus use: proportions; alternative contexts: software install, financial decision.",reasoning_verification,proportions,mixedbread-ai/mxbai-embed-large-v1,0.4774314761161804,1,sentence-transformers/all-MiniLM-L6-v2,0.13477934896945953,1,,pending,
extremely,uncertain,"A term statistically associated with proper, popular, powerful, ash. Selected corpus use: social mistake; alternative contexts: learning plan, small project.",conversation_empathy,social_mistake,mixedbread-ai/mxbai-embed-large-v1,0.4774996340274811,1,sentence-transformers/all-MiniLM-L6-v2,0.17058229446411133,1,,pending,
lesser,uncertain,"A term statistically associated with lasts, islands, explained, coast. Selected corpus use: proportions; alternative contexts: file sync, network connection.",reasoning_verification,proportions,mixedbread-ai/mxbai-embed-large-v1,0.4776831865310669,1,sentence-transformers/all-MiniLM-L6-v2,0.11039206385612488,1,,pending,
breaking,uncertain,"A term statistically associated with bad, ceiling, wave, races. Selected corpus use: schedule math; alternative contexts: small project, learning plan.",reasoning_verification,schedule_math,mixedbread-ai/mxbai-embed-large-v1,0.4778328537940979,1,sentence-transformers/all-MiniLM-L6-v2,0.19389502704143524,1,,pending,
gallery,uncertain,"A term statistically associated with art, contemporary, museum, artwork. Selected corpus use: simple probability; alternative contexts: event plan, small project.",reasoning_verification,simple_probability,mixedbread-ai/mxbai-embed-large-v1,0.47811052203178406,6,sentence-transformers/all-MiniLM-L6-v2,0.41467219591140747,2,,pending,
heaven,uncertain,"A term statistically associated with gates, god, eye, led. Selected corpus use: comparison table; alternative contexts: small project, network connection.",grounded_qa,comparison_table,mixedbread-ai/mxbai-embed-large-v1,0.47814875841140747,1,sentence-transformers/all-MiniLM-L6-v2,0.15122416615486145,1,,pending,
site,uncertain,"A term statistically associated with heritage, historic, landing, ruins. Selected corpus use: low cost activity; alternative contexts: small project, purchase decision.",brainstorming_creativity,low_cost_activity,mixedbread-ai/mxbai-embed-large-v1,0.4788394570350647,1,sentence-transformers/all-MiniLM-L6-v2,0.13128140568733215,1,,pending,
whereas,uncertain,"A term statistically associated with typically, neural, tend, networks. Selected corpus use: mathematics; alternative contexts: learning plan, purchase decision.",explanation_learning,mathematics,mixedbread-ai/mxbai-embed-large-v1,0.4794151782989502,4,sentence-transformers/all-MiniLM-L6-v2,0.05577578395605087,6,,pending,
previous,uncertain,"A term statistically associated with models, layer, climate, fossil. Selected corpus use: sequence pattern; alternative contexts: purchase decision, small project.",reasoning_verification,sequence_pattern,mixedbread-ai/mxbai-embed-large-v1,0.47985854744911194,1,sentence-transformers/all-MiniLM-L6-v2,0.2305203080177307,1,,pending,
considered,uncertain,"A term statistically associated with greatest, widely, dwarf, generally. Selected corpus use: inventory record; alternative contexts: purchase decision, small project.",extraction_classification,inventory_record,mixedbread-ai/mxbai-embed-large-v1,0.47996217012405396,1,sentence-transformers/all-MiniLM-L6-v2,0.19448260962963104,1,,pending,
waiting,uncertain,"A term statistically associated with bus, child, replacement, we're. Selected corpus use: timeline ambiguity; alternative contexts: small project, peripheral.",context_clarification,timeline_ambiguity,mixedbread-ai/mxbai-embed-large-v1,0.48062464594841003,1,sentence-transformers/all-MiniLM-L6-v2,0.029949523508548737,1,,pending,
intent,uncertain,"A term statistically associated with searching, volume, legal, anyone. Selected corpus use: format preference; alternative contexts: missing reference, scope boundary.",context_clarification,format_preference,mixedbread-ai/mxbai-embed-large-v1,0.4812444746494293,8,sentence-transformers/all-MiniLM-L6-v2,,,,pending,
entirely,uncertain,"A term statistically associated with almost, film, shot, it's. Selected corpus use: technical explanation; alternative contexts: purchase decision, learning plan.",writing_transformation,technical_explanation,mixedbread-ai/mxbai-embed-large-v1,0.4813900589942932,2,sentence-transformers/all-MiniLM-L6-v2,0.09833543747663498,2,,pending,
dwarf,uncertain,"A term statistically associated with planet, planets, solar, ninth. Selected corpus use: writing prompts; alternative contexts: event plan, small project.",brainstorming_creativity,writing_prompts,mixedbread-ai/mxbai-embed-large-v1,0.48177361488342285,1,sentence-transformers/all-MiniLM-L6-v2,0.23374709486961365,2,,pending,
whenever,uncertain,"A term statistically associated with chronic, feel, laundry, pick. Selected corpus use: logical constraints; alternative contexts: file sync, network connection.",reasoning_verification,logical_constraints,mixedbread-ai/mxbai-embed-large-v1,0.4819772243499756,3,sentence-transformers/all-MiniLM-L6-v2,0.09930537641048431,7,,pending,
print,uncertain,"A term statistically associated with code, range, color, library. Selected corpus use: missing reference; alternative contexts: purchase decision, learning plan.",context_clarification,missing_reference,mixedbread-ai/mxbai-embed-large-v1,0.482475221157074,7,sentence-transformers/all-MiniLM-L6-v2,,,,pending,
seen,uncertain,"A term statistically associated with never, haven't, ever, rapid. Selected corpus use: project plan; alternative contexts: small project, travel plan.",critique_revision,project_plan,mixedbread-ai/mxbai-embed-large-v1,0.48275065422058105,1,sentence-transformers/all-MiniLM-L6-v2,0.0290177371352911,1,,pending,
convinced,uncertain,"A term statistically associated with suffering, song, street, initially. Selected corpus use: workflow; alternative contexts: small project, purchase decision.",brainstorming_creativity,workflow,mixedbread-ai/mxbai-embed-large-v1,0.48317450284957886,11,sentence-transformers/all-MiniLM-L6-v2,0.12069959938526154,5,,pending,
pretty,uncertain,"A term statistically associated with it's, much, sight, wasn't. Selected corpus use: inventory record; alternative contexts: peripheral, file sync.",extraction_classification,inventory_record,mixedbread-ai/mxbai-embed-large-v1,0.48337456583976746,1,sentence-transformers/all-MiniLM-L6-v2,0.025551168248057365,2,,pending,
easily,uncertain,"A term statistically associated with accessible, poison, potatoes, light. Selected corpus use: feature ideas; alternative contexts: small project, travel plan.",brainstorming_creativity,feature_ideas,mixedbread-ai/mxbai-embed-large-v1,0.48349347710609436,2,sentence-transformers/all-MiniLM-L6-v2,0.18004241585731506,2,,pending,
operate,uncertain,"A term statistically associated with natural, companies, profits, legally. Selected corpus use: project plan; alternative contexts: purchase decision, small project.",critique_revision,project_plan,mixedbread-ai/mxbai-embed-large-v1,0.48357895016670227,1,sentence-transformers/all-MiniLM-L6-v2,0.14768722653388977,1,,pending,
dedicated,uncertain,"A term statistically associated with museum, translation, nation, statue. Selected corpus use: project plan; alternative contexts: small project, home repair.",critique_revision,project_plan,mixedbread-ai/mxbai-embed-large-v1,0.483796626329422,1,sentence-transformers/all-MiniLM-L6-v2,0.1389642357826233,1,,pending,
excellent,uncertain,"A term statistically associated with resume, offers, bananas, vision. Selected corpus use: project plan; alternative contexts: small project, learning plan.",critique_revision,project_plan,mixedbread-ai/mxbai-embed-large-v1,0.4838142693042755,1,sentence-transformers/all-MiniLM-L6-v2,0.15679103136062622,1,,pending,
restricted,uncertain,"A term statistically associated with behaviors, interaction, interests, unusual. Selected corpus use: inventory record; alternative contexts: learning plan, small project.",extraction_classification,inventory_record,mixedbread-ai/mxbai-embed-large-v1,0.48381465673446655,1,sentence-transformers/all-MiniLM-L6-v2,0.14394424855709076,1,,pending,
able,uncertain,"A term statistically associated with won't, get, might, you'll. Selected corpus use: timeline ambiguity; alternative contexts: small project, learning plan.",context_clarification,timeline_ambiguity,mixedbread-ai/mxbai-embed-large-v1,0.48400723934173584,1,sentence-transformers/all-MiniLM-L6-v2,0.01934659294784069,1,,pending,
former,uncertain,"A term statistically associated with president, founded, executive, vice. Selected corpus use: proportions; alternative contexts: small project, event plan.",reasoning_verification,proportions,mixedbread-ai/mxbai-embed-large-v1,0.48456957936286926,1,sentence-transformers/all-MiniLM-L6-v2,0.166165292263031,7,,pending,
specifically,uncertain,"A term statistically associated with charged, designed, tube, infection. Selected corpus use: inventory record; alternative contexts: network connection, peripheral.",extraction_classification,inventory_record,mixedbread-ai/mxbai-embed-large-v1,0.4866752326488495,1,sentence-transformers/all-MiniLM-L6-v2,0.10888254642486572,2,,pending,
well,uncertain,"A term statistically associated with hope, finds, suited, fruits. Selected corpus use: proportions; alternative contexts: network connection, small project.",reasoning_verification,proportions,mixedbread-ai/mxbai-embed-large-v1,0.4873749017715454,1,sentence-transformers/all-MiniLM-L6-v2,0.10947484523057938,2,,pending,
notably,uncertain,"A term statistically associated with greenhouse, fossil, gases, absorb. Selected corpus use: project update; alternative contexts: purchase decision, small project.",summarization_synthesis,project_update,mixedbread-ai/mxbai-embed-large-v1,0.4877912998199463,3,sentence-transformers/all-MiniLM-L6-v2,0.21468262374401093,3,,pending,
stopping,uncertain,"A term statistically associated with catching, suddenly, attack, opponent. Selected corpus use: support thread; alternative contexts: peripheral, data pipeline.",summarization_synthesis,support_thread,mixedbread-ai/mxbai-embed-large-v1,0.4881376028060913,1,sentence-transformers/all-MiniLM-L6-v2,0.1978921890258789,2,,pending,
producing,uncertain,"A term statistically associated with countries, wine, oil, oxygen. Selected corpus use: proportions; alternative contexts: network connection, software install.",reasoning_verification,proportions,mixedbread-ai/mxbai-embed-large-v1,0.48818719387054443,3,sentence-transformers/all-MiniLM-L6-v2,0.16215009987354279,2,,pending,
arrived,uncertain,"A term statistically associated with century, shortly, train, rocket. Selected corpus use: simple probability; alternative contexts: network connection, learning plan.",reasoning_verification,simple_probability,mixedbread-ai/mxbai-embed-large-v1,0.4882456064224243,4,sentence-transformers/all-MiniLM-L6-v2,0.1305437684059143,7,,pending,
necessarily,uncertain,"A term statistically associated with mean, aren't, attractive, don't. Selected corpus use: schedule math; alternative contexts: file sync, peripheral.",reasoning_verification,schedule_math,mixedbread-ai/mxbai-embed-large-v1,0.4889059066772461,1,sentence-transformers/all-MiniLM-L6-v2,0.08099445700645447,2,,pending,
aren't,uncertain,"A term statistically associated with things, don't, necessarily, people. Selected corpus use: project plan; alternative contexts: peripheral, small project.",critique_revision,project_plan,mixedbread-ai/mxbai-embed-large-v1,0.48894956707954407,1,sentence-transformers/all-MiniLM-L6-v2,0.12035059183835983,1,,pending,
van,uncertain,"A term statistically associated with museum, paintings, piano, artwork. Selected corpus use: proportions; alternative contexts: travel plan, small project.",reasoning_verification,proportions,mixedbread-ai/mxbai-embed-large-v1,0.48919880390167236,4,sentence-transformers/all-MiniLM-L6-v2,0.17962677776813507,4,,pending,
gone,uncertain,"A term statistically associated with wind, protagonist, you're, money. Selected corpus use: timeline ambiguity; alternative contexts: peripheral, network connection.",context_clarification,timeline_ambiguity,mixedbread-ai/mxbai-embed-large-v1,0.4894319176673889,1,sentence-transformers/all-MiniLM-L6-v2,0.027619440108537674,1,,pending,
forced,uncertain,"A term statistically associated with retreat, decades, existence, enormous. Selected corpus use: missing reference; alternative contexts: purchase decision, peripheral.",context_clarification,missing_reference,mixedbread-ai/mxbai-embed-large-v1,0.4904491603374481,1,sentence-transformers/all-MiniLM-L6-v2,0.14913895726203918,2,,pending,
highly,uncertain,"A term statistically associated with unlikely, intelligent, rated, regarded. Selected corpus use: interface copy; alternative contexts: learning plan, small project.",critique_revision,interface_copy,mixedbread-ai/mxbai-embed-large-v1,0.49067363142967224,1,sentence-transformers/all-MiniLM-L6-v2,0.16930808126926422,1,,pending,
normally,uncertain,"A term statistically associated with eaten, flavored, cells, hammer. Selected corpus use: low cost activity; alternative contexts: network connection, small project.",brainstorming_creativity,low_cost_activity,mixedbread-ai/mxbai-embed-large-v1,0.49077072739601135,1,sentence-transformers/all-MiniLM-L6-v2,0.08867157250642776,1,,pending,
anyone,uncertain,"A term statistically associated with else, ballet, never, don't. Selected corpus use: network connection; alternative contexts: learning plan, small project.",troubleshooting,network_connection,mixedbread-ai/mxbai-embed-large-v1,0.4908542037010193,6,sentence-transformers/all-MiniLM-L6-v2,,,,pending,
posted,uncertain,"A term statistically associated with website, videos, quarter, websites. Selected corpus use: account access; alternative contexts: purchase decision, web form.",practical_action,account_access,mixedbread-ai/mxbai-embed-large-v1,0.49119555950164795,8,sentence-transformers/all-MiniLM-L6-v2,,,,pending,
worst,uncertain,"A term statistically associated with disaster, habit, algorithm, ever. Selected corpus use: case note; alternative contexts: web form, network connection.",extraction_classification,case_note,mixedbread-ai/mxbai-embed-large-v1,0.4913543462753296,3,sentence-transformers/all-MiniLM-L6-v2,0.06636034697294235,10,,pending,
member,uncertain,"A term statistically associated with committee, cast, family, served. Selected corpus use: low cost activity; alternative contexts: event plan, peripheral.",brainstorming_creativity,low_cost_activity,mixedbread-ai/mxbai-embed-large-v1,0.4918886423110962,1,sentence-transformers/all-MiniLM-L6-v2,0.23439928889274597,1,,pending,
contributed,uncertain,"A term statistically associated with retreat, melting, warming, intense. Selected corpus use: low cost activity; alternative contexts: learning plan, small project.",brainstorming_creativity,low_cost_activity,mixedbread-ai/mxbai-embed-large-v1,0.49195048213005066,1,sentence-transformers/all-MiniLM-L6-v2,0.15363633632659912,1,,pending,
raised,uncertain,"A term statistically associated with born, funding, garden, million. Selected corpus use: interface copy; alternative contexts: file sync, small project.",critique_revision,interface_copy,mixedbread-ai/mxbai-embed-large-v1,0.4926829934120178,1,sentence-transformers/all-MiniLM-L6-v2,0.20360778272151947,2,,pending,
staff,uncertain,"A term statistically associated with chief, members, managers, school. Selected corpus use: project plan; alternative contexts: privacy security, financial decision.",critique_revision,project_plan,mixedbread-ai/mxbai-embed-large-v1,0.4928944706916809,1,sentence-transformers/all-MiniLM-L6-v2,0.3024330139160156,1,,pending,
posts,uncertain,"A term statistically associated with blog, installed, fence, marketing. Selected corpus use: media literacy; alternative contexts: small project, purchase decision.",explanation_learning,media_literacy,mixedbread-ai/mxbai-embed-large-v1,0.4931064546108246,11,sentence-transformers/all-MiniLM-L6-v2,,,,pending,
passing,uncertain,"A term statistically associated with yards, offensive, ball, tries. Selected corpus use: inventory record; alternative contexts: network connection, file sync.",extraction_classification,inventory_record,mixedbread-ai/mxbai-embed-large-v1,0.49471044540405273,1,sentence-transformers/all-MiniLM-L6-v2,0.136572003364563,1,,pending,
legislation,uncertain,"A term statistically associated with passed, affordable, housing, signed. Selected corpus use: public transit; alternative contexts: web form, financial decision.",practical_action,public_transit,mixedbread-ai/mxbai-embed-large-v1,0.49516838788986206,1,sentence-transformers/all-MiniLM-L6-v2,0.26675137877464294,1,,pending,
towards,uncertain,"A term statistically associated with attitude, achieving, stance, door. Selected corpus use: incident log; alternative contexts: small project, learning plan.",summarization_synthesis,incident_log,mixedbread-ai/mxbai-embed-large-v1,0.4951968789100647,2,sentence-transformers/all-MiniLM-L6-v2,0.3323192000389099,1,,pending,
right,uncertain,"A term statistically associated with left, handed, side, hand. Selected corpus use: schedule math; alternative contexts: small project, learning plan.",reasoning_verification,schedule_math,mixedbread-ai/mxbai-embed-large-v1,0.49520739912986755,1,sentence-transformers/all-MiniLM-L6-v2,0.17091591656208038,1,,pending,
adapted,uncertain,"A term statistically associated with novels, film, series, novel. Selected corpus use: workflow; alternative contexts: purchase decision, small project.",brainstorming_creativity,workflow,mixedbread-ai/mxbai-embed-large-v1,0.4958643317222595,4,sentence-transformers/all-MiniLM-L6-v2,0.14833688735961914,3,,pending,
daylight,uncertain,"A term statistically associated with savings, hours, energy, sleeping. Selected corpus use: schedule entry; alternative contexts: event plan, incident log.",extraction_classification,schedule_entry,mixedbread-ai/mxbai-embed-large-v1,0.4963020384311676,1,sentence-transformers/all-MiniLM-L6-v2,0.3140767812728882,2,,pending,
hate,uncertain,"A term statistically associated with absolutely, love, diary, apartment. Selected corpus use: achievement; alternative contexts: web form, learning plan.",conversation_empathy,achievement,mixedbread-ai/mxbai-embed-large-v1,0.49654343724250793,1,sentence-transformers/all-MiniLM-L6-v2,0.1686905026435852,1,,pending,
capabilities,uncertain,"A term statistically associated with engineers, automated, processes, graphics. Selected corpus use: schedule entry; alternative contexts: small project, learning plan.",extraction_classification,schedule_entry,mixedbread-ai/mxbai-embed-large-v1,0.49658095836639404,2,sentence-transformers/all-MiniLM-L6-v2,0.21542896330356598,2,,pending,
pulse,uncertain,"A term statistically associated with sounds, classic, industry, water. Selected corpus use: format preference; alternative contexts: email, meeting notes.",context_clarification,format_preference,mixedbread-ai/mxbai-embed-large-v1,0.49707746505737305,8,sentence-transformers/all-MiniLM-L6-v2,,,,pending,
rush,uncertain,"A term statistically associated with gold, nickname, door, stepped. Selected corpus use: inventory record; alternative contexts: learning plan, small project.",extraction_classification,inventory_record,mixedbread-ai/mxbai-embed-large-v1,0.49756160378456116,1,sentence-transformers/all-MiniLM-L6-v2,0.02949667163193226,2,,pending,
declared,uncertain,"A term statistically associated with war, winner, assassination, crisis. Selected corpus use: schedule entry; alternative contexts: peripheral, network connection.",extraction_classification,schedule_entry,mixedbread-ai/mxbai-embed-large-v1,0.4976021647453308,1,sentence-transformers/all-MiniLM-L6-v2,0.13650263845920563,1,,pending,
you're,uncertain,"A term statistically associated with looking, going, it's, don't. Selected corpus use: relationship tension; alternative contexts: small project, learning plan.",conversation_empathy,relationship_tension,mixedbread-ai/mxbai-embed-large-v1,0.49774670600891113,1,sentence-transformers/all-MiniLM-L6-v2,0.053219765424728394,1,,pending,
leaders,uncertain,"A term statistically associated with industry, business, leader, activist. Selected corpus use: incident log; alternative contexts: web form, peripheral.",summarization_synthesis,incident_log,mixedbread-ai/mxbai-embed-large-v1,0.49835896492004395,1,sentence-transformers/all-MiniLM-L6-v2,0.24561399221420288,1,,pending,
proven,uncertain,"A term statistically associated with productivity, sleep, emissions, believe. Selected corpus use: schedule math; alternative contexts: physical safety, purchase decision.",reasoning_verification,schedule_math,mixedbread-ai/mxbai-embed-large-v1,0.49837058782577515,1,sentence-transformers/all-MiniLM-L6-v2,0.05807922035455704,1,,pending,
allowed,uncertain,"A term statistically associated with players, alcohol, grounds, smoking. Selected corpus use: inventory record; alternative contexts: purchase decision, learning plan.",extraction_classification,inventory_record,mixedbread-ai/mxbai-embed-large-v1,0.4985422194004059,1,sentence-transformers/all-MiniLM-L6-v2,0.06189735233783722,2,,pending,
especially,uncertain,"A term statistically associated with among, injuries, people, often. Selected corpus use: low cost activity; alternative contexts: small project, learning plan.",brainstorming_creativity,low_cost_activity,mixedbread-ai/mxbai-embed-large-v1,0.4986940622329712,1,sentence-transformers/all-MiniLM-L6-v2,0.07733172178268433,2,,pending,
brothers,uncertain,"A term statistically associated with sisters, older, legend, fought. Selected corpus use: support thread; alternative contexts: network connection, purchase decision.",summarization_synthesis,support_thread,mixedbread-ai/mxbai-embed-large-v1,0.4986971318721771,3,sentence-transformers/all-MiniLM-L6-v2,0.30720800161361694,6,,pending,
due,uncertain,"A term statistically associated with lack, incorrect, climate, magnetic. Selected corpus use: incident log; alternative contexts: small project, learning plan.",summarization_synthesis,incident_log,mixedbread-ai/mxbai-embed-large-v1,0.49891024827957153,1,sentence-transformers/all-MiniLM-L6-v2,0.27423033118247986,1,,pending,
standing,uncertain,"A term statistically associated with chair, tallest, squat, desk. Selected corpus use: policy memo; alternative contexts: incident log, data pipeline.",summarization_synthesis,policy_memo,mixedbread-ai/mxbai-embed-large-v1,0.49914759397506714,4,sentence-transformers/all-MiniLM-L6-v2,0.2703894376754761,1,,pending,
believed,uncertain,"A term statistically associated with minerals, people, environmental, civilization. Selected corpus use: proportions; alternative contexts: small project, purchase decision.",reasoning_verification,proportions,mixedbread-ai/mxbai-embed-large-v1,0.4992220401763916,1,sentence-transformers/all-MiniLM-L6-v2,0.0854744017124176,4,,pending,
legacy,uncertain,"A term statistically associated with cultural, significantly, decade, history. Selected corpus use: outreach; alternative contexts: purchase decision, learning plan.",brainstorming_creativity,outreach,mixedbread-ai/mxbai-embed-large-v1,0.49954721331596375,4,sentence-transformers/all-MiniLM-L6-v2,0.22294136881828308,3,,pending,
things,uncertain,"A term statistically associated with don't, people, get, happen. Selected corpus use: instructions; alternative contexts: learning plan, small project.",critique_revision,instructions,mixedbread-ai/mxbai-embed-large-v1,0.5010607242584229,1,sentence-transformers/all-MiniLM-L6-v2,0.2023247480392456,2,,pending,
miss,uncertain,"A term statistically associated with lover, folk, documentary, don't. Selected corpus use: civics; alternative contexts: life science, purchase decision.",explanation_learning,civics,mixedbread-ai/mxbai-embed-large-v1,0.50142502784729,1,sentence-transformers/all-MiniLM-L6-v2,0.0762556791305542,2,,pending,
mother,uncertain,"A term statistically associated with father, sister, brother, child. Selected corpus use: project update; alternative contexts: uncertain change, small project.",writing_transformation,project_update,mixedbread-ai/mxbai-embed-large-v1,0.5014959573745728,2,sentence-transformers/all-MiniLM-L6-v2,0.30805331468582153,1,,pending,
descent,uncertain,"A term statistically associated with lunar, landing, function, mother. Selected corpus use: schedule entry; alternative contexts: network connection, file sync.",extraction_classification,schedule_entry,mixedbread-ai/mxbai-embed-large-v1,0.5017159581184387,3,sentence-transformers/all-MiniLM-L6-v2,0.20041626691818237,3,,pending,
notable,uncertain,"A term statistically associated with hollow, historians, solo, authors. Selected corpus use: mathematics; alternative contexts: physical science, learning plan.",explanation_learning,mathematics,mixedbread-ai/mxbai-embed-large-v1,0.5018121004104614,1,sentence-transformers/all-MiniLM-L6-v2,0.28178179264068604,3,,pending,
try,uncertain,"A term statistically associated with get, don't, you're, things. Selected corpus use: relationship tension; alternative contexts: small project, learning plan.",conversation_empathy,relationship_tension,mixedbread-ai/mxbai-embed-large-v1,0.5018333196640015,1,sentence-transformers/all-MiniLM-L6-v2,0.07236035913228989,2,,pending,
magazine,uncertain,"A term statistically associated with chapters, published, collected, featured. Selected corpus use: incident log; alternative contexts: small project, event plan.",summarization_synthesis,incident_log,mixedbread-ai/mxbai-embed-large-v1,0.5024356842041016,1,sentence-transformers/all-MiniLM-L6-v2,0.31974536180496216,1,,pending,
launching,uncertain,"A term statistically associated with campaigns, solo, career, roll. Selected corpus use: project update; alternative contexts: financial decision, web form.",writing_transformation,project_update,mixedbread-ai/mxbai-embed-large-v1,0.5024828314781189,3,sentence-transformers/all-MiniLM-L6-v2,0.13286398351192474,8,,pending,
released,uncertain,"A term statistically associated with album, studio, albums, band. Selected corpus use: timeline ambiguity; alternative contexts: software install, network connection.",context_clarification,timeline_ambiguity,mixedbread-ai/mxbai-embed-large-v1,0.5027110576629639,1,sentence-transformers/all-MiniLM-L6-v2,0.2085067331790924,1,,pending,
operations,uncertain,"A term statistically associated with calculus, algebra, billion, mining. Selected corpus use: low cost activity; alternative contexts: web form, small project.",brainstorming_creativity,low_cost_activity,mixedbread-ai/mxbai-embed-large-v1,0.5027133226394653,5,sentence-transformers/all-MiniLM-L6-v2,0.2992372512817383,4,,pending,
approved,uncertain,"A term statistically associated with voters, drug, paid, treatments. Selected corpus use: healthcare admin; alternative contexts: small project, physical safety.",practical_action,healthcare_admin,mixedbread-ai/mxbai-embed-large-v1,0.5027682781219482,2,sentence-transformers/all-MiniLM-L6-v2,0.12935520708560944,2,,pending,
think,uncertain,"A term statistically associated with don't, might, it's, you're. Selected corpus use: relationship tension; alternative contexts: learning plan, small project.",conversation_empathy,relationship_tension,mixedbread-ai/mxbai-embed-large-v1,0.50294029712677,1,sentence-transformers/all-MiniLM-L6-v2,0.18279311060905457,1,,pending,
ranked,uncertain,"A term statistically associated with top, greatest, number, world. Selected corpus use: incident log; alternative contexts: purchase decision, peripheral.",summarization_synthesis,incident_log,mixedbread-ai/mxbai-embed-large-v1,0.5033462047576904,1,sentence-transformers/all-MiniLM-L6-v2,0.2849322557449341,1,,pending,
ran,uncertain,"A term statistically associated with wolf, episodes, house, saw. Selected corpus use: incident log; alternative contexts: network connection, small project.",summarization_synthesis,incident_log,mixedbread-ai/mxbai-embed-large-v1,0.5037854909896851,1,sentence-transformers/all-MiniLM-L6-v2,0.13242951035499573,1,,pending,
getting,uncertain,"A term statistically associated with sleep, married, you're, started. Selected corpus use: relationship tension; alternative contexts: learning plan, small project.",conversation_empathy,relationship_tension,mixedbread-ai/mxbai-embed-large-v1,0.5039144158363342,1,sentence-transformers/all-MiniLM-L6-v2,0.13295131921768188,1,,pending,
trouble,uncertain,"A term statistically associated with getting, often, causing, sleeping. Selected corpus use: writing prompts; alternative contexts: peripheral, network connection.",brainstorming_creativity,writing_prompts,mixedbread-ai/mxbai-embed-large-v1,0.5042847990989685,9,sentence-transformers/all-MiniLM-L6-v2,0.11389098316431046,4,,pending,
plenty,uncertain,"A term statistically associated with cooked, there's, food, dried. Selected corpus use: interface copy; alternative contexts: learning plan, small project.",critique_revision,interface_copy,mixedbread-ai/mxbai-embed-large-v1,0.5045082569122314,1,sentence-transformers/all-MiniLM-L6-v2,0.09244421124458313,1,,pending,
famous,uncertain,"A term statistically associated with quote, poem, painting, world. Selected corpus use: historical note; alternative contexts: learning plan, small project.",grounded_qa,historical_note,mixedbread-ai/mxbai-embed-large-v1,0.5045802593231201,1,sentence-transformers/all-MiniLM-L6-v2,0.19102813303470612,1,,pending,
break,uncertain,"A term statistically associated with summer, spring, almost, lunch. Selected corpus use: incident log; alternative contexts: learning plan, small project.",summarization_synthesis,incident_log,mixedbread-ai/mxbai-embed-large-v1,0.505200982093811,1,sentence-transformers/all-MiniLM-L6-v2,0.19342419505119324,1,,pending,
dramatically,uncertain,"A term statistically associated with pandemic, grows, scales, increase. Selected corpus use: timeline ambiguity; alternative contexts: small project, data pipeline.",context_clarification,timeline_ambiguity,mixedbread-ai/mxbai-embed-large-v1,0.5054881572723389,1,sentence-transformers/all-MiniLM-L6-v2,0.20064616203308105,1,,pending,
eastern,uncertain,"A term statistically associated with region, middle, border, conference. Selected corpus use: technical explanation; alternative contexts: network connection, file sync.",writing_transformation,technical_explanation,mixedbread-ai/mxbai-embed-large-v1,0.5056972503662109,2,sentence-transformers/all-MiniLM-L6-v2,0.23846420645713806,2,,pending,
walked,uncertain,"A term statistically associated with door, looked, moon, slowly. Selected corpus use: meeting notes; alternative contexts: purchase decision, small project.",writing_transformation,meeting_notes,mixedbread-ai/mxbai-embed-large-v1,0.5059775114059448,3,sentence-transformers/all-MiniLM-L6-v2,0.1961354911327362,2,,pending,
actual,uncertain,"A term statistically associated with burger, broadcast, period, credit. Selected corpus use: sequence pattern; alternative contexts: data literacy, personal finance.",reasoning_verification,sequence_pattern,mixedbread-ai/mxbai-embed-large-v1,0.5061019659042358,1,sentence-transformers/all-MiniLM-L6-v2,0.058780111372470856,1,,pending,
takes,uncertain,"A term statistically associated with returns, hours, function, forth. Selected corpus use: incident log; alternative contexts: learning plan, travel plan.",summarization_synthesis,incident_log,mixedbread-ai/mxbai-embed-large-v1,0.5063278675079346,1,sentence-transformers/all-MiniLM-L6-v2,0.08730991184711456,2,,pending,
accompanied,uncertain,"A term statistically associated with passenger, often, cousin, walls. Selected corpus use: inventory record; alternative contexts: file sync, peripheral.",extraction_classification,inventory_record,mixedbread-ai/mxbai-embed-large-v1,0.506595253944397,1,sentence-transformers/all-MiniLM-L6-v2,0.25133854150772095,3,,pending,
sun,uncertain,"A term statistically associated with horizon, orbit, moon, planet. Selected corpus use: timeline ambiguity; alternative contexts: small project, travel plan.",context_clarification,timeline_ambiguity,mixedbread-ai/mxbai-embed-large-v1,0.5067220330238342,1,sentence-transformers/all-MiniLM-L6-v2,0.22653546929359436,1,,pending,
worker,uncertain,"A term statistically associated with drone, bees, employers, amount. Selected corpus use: names; alternative contexts: small project, financial decision.",brainstorming_creativity,names,mixedbread-ai/mxbai-embed-large-v1,0.5067240595817566,1,sentence-transformers/all-MiniLM-L6-v2,0.23464637994766235,5,,pending,
depression,uncertain,"A term statistically associated with anxiety, great, disorder, stock. Selected corpus use: project plan; alternative contexts: small project, learning plan.",critique_revision,project_plan,mixedbread-ai/mxbai-embed-large-v1,0.5067915916442871,2,sentence-transformers/all-MiniLM-L6-v2,0.4204584062099457,2,,pending,
deliver,uncertain,"A term statistically associated with mail, business, sell, base. Selected corpus use: format preference; alternative contexts: learning plan, purchase decision.",context_clarification,format_preference,mixedbread-ai/mxbai-embed-large-v1,0.5070013999938965,12,sentence-transformers/all-MiniLM-L6-v2,,,,pending,
hoping,uncertain,"A term statistically associated with retire, waves, joining, flat. Selected corpus use: shopping arithmetic; alternative contexts: network connection, software install.",reasoning_verification,shopping_arithmetic,mixedbread-ai/mxbai-embed-large-v1,0.507513165473938,2,sentence-transformers/all-MiniLM-L6-v2,0.045861613005399704,2,,pending,
went,uncertain,"A term statistically associated with boy, school, didn't, day. Selected corpus use: schedule entry; alternative contexts: learning plan, network connection.",extraction_classification,schedule_entry,mixedbread-ai/mxbai-embed-large-v1,0.5079115629196167,2,sentence-transformers/all-MiniLM-L6-v2,0.17123928666114807,1,,pending,
introduced,uncertain,"A term statistically associated with iphone, camera, models, video. Selected corpus use: sequence pattern; alternative contexts: learning plan, purchase decision.",reasoning_verification,sequence_pattern,mixedbread-ai/mxbai-embed-large-v1,0.5084882974624634,5,sentence-transformers/all-MiniLM-L6-v2,0.2204088568687439,2,,pending,
artists,uncertain,"A term statistically associated with rolling, decade, artist, greatest. Selected corpus use: schedule entry; alternative contexts: learning plan, small project.",extraction_classification,schedule_entry,mixedbread-ai/mxbai-embed-large-v1,0.5086658000946045,4,sentence-transformers/all-MiniLM-L6-v2,0.39640742540359497,1,,pending,
closer,uncertain,"A term statistically associated with sun, doors, noise, noticed. Selected corpus use: timeline ambiguity; alternative contexts: small project, learning plan.",context_clarification,timeline_ambiguity,mixedbread-ai/mxbai-embed-large-v1,0.5088152885437012,1,sentence-transformers/all-MiniLM-L6-v2,0.22774803638458252,1,,pending,
wife,uncertain,"A term statistically associated with husband, farmer, son, children. Selected corpus use: proportions; alternative contexts: learning plan, small project.",reasoning_verification,proportions,mixedbread-ai/mxbai-embed-large-v1,0.5089422464370728,1,sentence-transformers/all-MiniLM-L6-v2,0.3185955286026001,1,,pending,
introduction,uncertain,"A term statistically associated with algebra, description, spiritual, containing. Selected corpus use: mathematics; alternative contexts: email, support reply.",explanation_learning,mathematics,mixedbread-ai/mxbai-embed-large-v1,0.5090997219085693,2,sentence-transformers/all-MiniLM-L6-v2,0.211234450340271,3,,pending,
one's,uncertain,"A term statistically associated with permanent, throws, consciousness, positive. Selected corpus use: low cost activity; alternative contexts: peripheral, uncertain change.",brainstorming_creativity,low_cost_activity,mixedbread-ai/mxbai-embed-large-v1,0.5091830492019653,1,sentence-transformers/all-MiniLM-L6-v2,0.1541854441165924,4,,pending,
eye,uncertain,"A term statistically associated with coordination, catching, hand, invisible. Selected corpus use: feature ideas; alternative contexts: learning plan, small project.",brainstorming_creativity,feature_ideas,mixedbread-ai/mxbai-embed-large-v1,0.509208083152771,1,sentence-transformers/all-MiniLM-L6-v2,0.24592842161655426,5,,pending,
solo,uncertain,"A term statistically associated with artist, album, band, albums. Selected corpus use: air travel; alternative contexts: network connection, file sync.",practical_action,air_travel,mixedbread-ai/mxbai-embed-large-v1,0.5094553828239441,2,sentence-transformers/all-MiniLM-L6-v2,0.15577563643455505,2,,pending,
estimated,uncertain,"A term statistically associated with billion, million, population, deaths. Selected corpus use: air travel; alternative contexts: purchase decision, small project.",practical_action,air_travel,mixedbread-ai/mxbai-embed-large-v1,0.5096695423126221,1,sentence-transformers/all-MiniLM-L6-v2,0.1826297640800476,1,,pending,
saw,uncertain,"A term statistically associated with looked, heard, thought, wasn't. Selected corpus use: air travel; alternative contexts: peripheral, network connection.",practical_action,air_travel,mixedbread-ai/mxbai-embed-large-v1,0.5097101330757141,3,sentence-transformers/all-MiniLM-L6-v2,0.1402290165424347,2,,pending,
maximize,uncertain,"A term statistically associated with word, productivity, potential, respond. Selected corpus use: privacy security; alternative contexts: learning plan, small project.",safety_uncertainty,privacy_security,mixedbread-ai/mxbai-embed-large-v1,0.5097163915634155,9,sentence-transformers/all-MiniLM-L6-v2,,,,pending,
watch,uncertain,"A term statistically associated with movies, videos, movie, sunset. Selected corpus use: incident log; alternative contexts: small project, learning plan.",summarization_synthesis,incident_log,mixedbread-ai/mxbai-embed-large-v1,0.5099691152572632,1,sentence-transformers/all-MiniLM-L6-v2,0.21842151880264282,1,,pending,
appeared,uncertain,"A term statistically associated with series, films, television, ago. Selected corpus use: schedule math; alternative contexts: network connection, peripheral.",reasoning_verification,schedule_math,mixedbread-ai/mxbai-embed-large-v1,0.5103751420974731,1,sentence-transformers/all-MiniLM-L6-v2,0.11188873648643494,1,,pending,
credited,uncertain,"A term statistically associated with telephone, invention, artists, spiritual. Selected corpus use: instructions; alternative contexts: learning plan, purchase decision.",critique_revision,instructions,mixedbread-ai/mxbai-embed-large-v1,0.5106143355369568,1,sentence-transformers/all-MiniLM-L6-v2,0.19844898581504822,1,,pending,
late,uncertain,"A term statistically associated with century, holiday, mid, ends. Selected corpus use: incident log; alternative contexts: small project, purchase decision.",summarization_synthesis,incident_log,mixedbread-ai/mxbai-embed-large-v1,0.5106544494628906,1,sentence-transformers/all-MiniLM-L6-v2,0.1499437391757965,1,,pending,
ended,uncertain,"A term statistically associated with war, prison, season, expedition. Selected corpus use: support thread; alternative contexts: network connection, peripheral.",summarization_synthesis,support_thread,mixedbread-ai/mxbai-embed-large-v1,0.5107938051223755,1,sentence-transformers/all-MiniLM-L6-v2,0.09468958526849747,2,,pending,
perhaps,uncertain,"A term statistically associated with importantly, simply, wanted, wish. Selected corpus use: incident log; alternative contexts: small project, travel plan.",summarization_synthesis,incident_log,mixedbread-ai/mxbai-embed-large-v1,0.5113087892532349,1,sentence-transformers/all-MiniLM-L6-v2,0.15469366312026978,1,,pending,
members,uncertain,"A term statistically associated with band, family, group, cast. Selected corpus use: incident log; alternative contexts: small project, purchase decision.",summarization_synthesis,incident_log,mixedbread-ai/mxbai-embed-large-v1,0.5113847851753235,1,sentence-transformers/all-MiniLM-L6-v2,0.1982743740081787,1,,pending,
typically,uncertain,"A term statistically associated with parameters, used, billions, large. Selected corpus use: data literacy; alternative contexts: learning plan, small project.",explanation_learning,data_literacy,mixedbread-ai/mxbai-embed-large-v1,0.5118811130523682,5,sentence-transformers/all-MiniLM-L6-v2,0.16290055215358734,2,,pending,
exactly,uncertain,"A term statistically associated with that's, divided, definitely, gave. Selected corpus use: schedule entry; alternative contexts: travel plan, purchase decision.",extraction_classification,schedule_entry,mixedbread-ai/mxbai-embed-large-v1,0.5119035243988037,2,sentence-transformers/all-MiniLM-L6-v2,0.12871362268924713,1,,pending,
variations,uncertain,"A term statistically associated with ingredients, avocado, salmon, dish. Selected corpus use: project plan; alternative contexts: travel plan, learning plan.",critique_revision,project_plan,mixedbread-ai/mxbai-embed-large-v1,0.5121554136276245,1,sentence-transformers/all-MiniLM-L6-v2,0.21633386611938477,1,,pending,
isn't,uncertain,"A term statistically associated with it's, doesn't, nice, fair. Selected corpus use: shopping arithmetic; alternative contexts: network connection, learning plan.",reasoning_verification,shopping_arithmetic,mixedbread-ai/mxbai-embed-large-v1,0.5121855735778809,1,sentence-transformers/all-MiniLM-L6-v2,0.10776932537555695,1,,pending,
vast,uncertain,"A term statistically associated with majority, users, countries, explored. Selected corpus use: simple probability; alternative contexts: learning plan, purchase decision.",reasoning_verification,simple_probability,mixedbread-ai/mxbai-embed-large-v1,0.5122696161270142,2,sentence-transformers/all-MiniLM-L6-v2,0.19026128947734833,3,,pending,
artist,uncertain,"A term statistically associated with awards, recording, album, music. Selected corpus use: schedule entry; alternative contexts: web form, small project.",extraction_classification,schedule_entry,mixedbread-ai/mxbai-embed-large-v1,0.5123785138130188,1,sentence-transformers/all-MiniLM-L6-v2,0.2360326498746872,2,,pending,
classic,uncertain,"A term statistically associated with rock, mustard, baseball, films. Selected corpus use: workflow; alternative contexts: event plan, purchase decision.",brainstorming_creativity,workflow,mixedbread-ai/mxbai-embed-large-v1,0.5124260187149048,5,sentence-transformers/all-MiniLM-L6-v2,0.16498112678527832,4,,pending,
willing,uncertain,"A term statistically associated with pay, money, others, partner. Selected corpus use: schedule entry; alternative contexts: learning plan, travel plan.",extraction_classification,schedule_entry,mixedbread-ai/mxbai-embed-large-v1,0.5125454664230347,5,sentence-transformers/all-MiniLM-L6-v2,0.12405305355787277,2,,pending,
recently,uncertain,"A term statistically associated with brand, bought, authorities, joined. Selected corpus use: schedule math; alternative contexts: network connection, peripheral.",reasoning_verification,schedule_math,mixedbread-ai/mxbai-embed-large-v1,0.5127227306365967,1,sentence-transformers/all-MiniLM-L6-v2,0.13120222091674805,1,,pending,
thus,uncertain,"A term statistically associated with charge, net, increase, gravity. Selected corpus use: low cost activity; alternative contexts: purchase decision, learning plan.",brainstorming_creativity,low_cost_activity,mixedbread-ai/mxbai-embed-large-v1,0.5127763748168945,2,sentence-transformers/all-MiniLM-L6-v2,0.12649834156036377,2,,pending,
less,uncertain,"A term statistically associated with expensive, likely, significantly, much. Selected corpus use: technical explanation; alternative contexts: learning plan, small project.",writing_transformation,technical_explanation,mixedbread-ai/mxbai-embed-large-v1,0.5128924250602722,5,sentence-transformers/all-MiniLM-L6-v2,0.2800779938697815,5,,pending,
seeking,uncertain,"A term statistically associated with lawsuit, revenge, actively, rights. Selected corpus use: outreach; alternative contexts: network connection, web form.",brainstorming_creativity,outreach,mixedbread-ai/mxbai-embed-large-v1,0.5129501223564148,4,sentence-transformers/all-MiniLM-L6-v2,0.29513752460479736,8,,pending,
buzz,uncertain,"A term statistically associated with lunar, module, pilot, landed. Selected corpus use: schedule math; alternative contexts: social mistake, work stress.",reasoning_verification,schedule_math,mixedbread-ai/mxbai-embed-large-v1,0.5133088827133179,3,sentence-transformers/all-MiniLM-L6-v2,0.195549875497818,9,,pending,
attempting,uncertain,"A term statistically associated with run, skill, ball, team's. Selected corpus use: timeline ambiguity; alternative contexts: learning plan, travel plan.",context_clarification,timeline_ambiguity,mixedbread-ai/mxbai-embed-large-v1,0.5134842395782471,1,sentence-transformers/all-MiniLM-L6-v2,0.1237126886844635,1,,pending,
won't,uncertain,"A term statistically associated with worry, able, don't, it's. Selected corpus use: schedule math; alternative contexts: learning plan, purchase decision.",reasoning_verification,schedule_math,mixedbread-ai/mxbai-embed-large-v1,0.5135689377784729,2,sentence-transformers/all-MiniLM-L6-v2,0.001524079591035843,2,,pending,
remained,uncertain,"A term statistically associated with largely, slow, since, theory. Selected corpus use: timeline ambiguity; alternative contexts: peripheral, network connection.",context_clarification,timeline_ambiguity,mixedbread-ai/mxbai-embed-large-v1,0.5135916471481323,1,sentence-transformers/all-MiniLM-L6-v2,0.08913582563400269,1,,pending,
grew,uncertain,"A term statistically associated with rapidly, rich, older, hometown. Selected corpus use: project plan; alternative contexts: learning plan, small project.",critique_revision,project_plan,mixedbread-ai/mxbai-embed-large-v1,0.5136573910713196,2,sentence-transformers/all-MiniLM-L6-v2,0.26952892541885376,1,,pending,
big,uncertain,"A term statistically associated with bird, deal, bite, little. Selected corpus use: inventory record; alternative contexts: network connection, peripheral.",extraction_classification,inventory_record,mixedbread-ai/mxbai-embed-large-v1,0.5138241648674011,2,sentence-transformers/all-MiniLM-L6-v2,0.10269924253225327,1,,pending,
producers,uncertain,"A term statistically associated with television, contemporary, told, production. Selected corpus use: simple probability; alternative contexts: small project, web form.",reasoning_verification,simple_probability,mixedbread-ai/mxbai-embed-large-v1,0.5139037370681763,1,sentence-transformers/all-MiniLM-L6-v2,0.3319172263145447,1,,pending,
returned,uncertain,"A term statistically associated with retired, season, returning, stolen. Selected corpus use: incident log; alternative contexts: home repair, peripheral.",summarization_synthesis,incident_log,mixedbread-ai/mxbai-embed-large-v1,0.5140007734298706,1,sentence-transformers/all-MiniLM-L6-v2,0.2284824550151825,1,,pending,
dropped,uncertain,"A term statistically associated with crying, calling, possession, atomic. Selected corpus use: support thread; alternative contexts: small project, travel plan.",summarization_synthesis,support_thread,mixedbread-ai/mxbai-embed-large-v1,0.5140409469604492,1,sentence-transformers/all-MiniLM-L6-v2,0.13331235945224762,2,,pending,
views,uncertain,"A term statistically associated with stunning, mountains, hike, offers. Selected corpus use: incident log; alternative contexts: learning plan, small project.",summarization_synthesis,incident_log,mixedbread-ai/mxbai-embed-large-v1,0.5146690607070923,2,sentence-transformers/all-MiniLM-L6-v2,0.28155282139778137,1,,pending,
side,uncertain,"A term statistically associated with ball, box, bat, flip. Selected corpus use: policy excerpt; alternative contexts: small project, learning plan.",grounded_qa,policy_excerpt,mixedbread-ai/mxbai-embed-large-v1,0.5151298642158508,1,sentence-transformers/all-MiniLM-L6-v2,0.1186123862862587,1,,pending,
rapidly,uncertain,"A term statistically associated with signals, storage, household, growing. Selected corpus use: low cost activity; alternative contexts: small project, financial decision.",brainstorming_creativity,low_cost_activity,mixedbread-ai/mxbai-embed-large-v1,0.515178918838501,1,sentence-transformers/all-MiniLM-L6-v2,0.15671634674072266,1,,pending,
forget,uncertain,"A term statistically associated with don't, never, bring, you'll. Selected corpus use: schedule entry; alternative contexts: learning plan, small project.",extraction_classification,schedule_entry,mixedbread-ai/mxbai-embed-large-v1,0.5152043104171753,5,sentence-transformers/all-MiniLM-L6-v2,0.20376740396022797,1,,pending,
privately,uncertain,"A term statistically associated with owned, publicly, held, company. Selected corpus use: simple probability; alternative contexts: public transit, web form.",reasoning_verification,simple_probability,mixedbread-ai/mxbai-embed-large-v1,0.515426754951477,3,sentence-transformers/all-MiniLM-L6-v2,0.32910674810409546,4,,pending,
stood,uncertain,"A term statistically associated with tall, looked, man, voice. Selected corpus use: simple probability; alternative contexts: travel plan, small project.",reasoning_verification,simple_probability,mixedbread-ai/mxbai-embed-large-v1,0.5156525373458862,1,sentence-transformers/all-MiniLM-L6-v2,0.2760217785835266,1,,pending,
kill,uncertain,"A term statistically associated with volume, prey, enemies, opponent. Selected corpus use: inventory record; alternative contexts: peripheral, learning plan.",extraction_classification,inventory_record,mixedbread-ai/mxbai-embed-large-v1,0.5158860683441162,1,sentence-transformers/all-MiniLM-L6-v2,0.14560233056545258,2,,pending,
development,uncertain,"A term statistically associated with human, sustainable, systems, nations. Selected corpus use: feature ideas; alternative contexts: small project, software install.",brainstorming_creativity,feature_ideas,mixedbread-ai/mxbai-embed-large-v1,0.515922486782074,3,sentence-transformers/all-MiniLM-L6-v2,0.2474176585674286,2,,pending,
interested,uncertain,"A term statistically associated with you're, hobbies, ads, purchasing. Selected corpus use: lesson activity; alternative contexts: learning plan, work stress.",brainstorming_creativity,lesson_activity,mixedbread-ai/mxbai-embed-large-v1,0.5159285068511963,1,sentence-transformers/all-MiniLM-L6-v2,0.15396519005298615,1,,pending,
chose,uncertain,"A term statistically associated with retire, moved, pig, extensive. Selected corpus use: course enrolment; alternative contexts: small project, learning plan.",practical_action,course_enrolment,mixedbread-ai/mxbai-embed-large-v1,0.5160630941390991,7,sentence-transformers/all-MiniLM-L6-v2,,,,pending,
departure,uncertain,"A term statistically associated with marks, moon, airport, lead. Selected corpus use: schedule entry; alternative contexts: travel plan, web form.",extraction_classification,schedule_entry,mixedbread-ai/mxbai-embed-large-v1,0.5161105990409851,1,sentence-transformers/all-MiniLM-L6-v2,0.406842976808548,2,,pending,
twenty,uncertain,"A term statistically associated with five, years, four, eight. Selected corpus use: schedule entry; alternative contexts: network connection, file sync.",extraction_classification,schedule_entry,mixedbread-ai/mxbai-embed-large-v1,0.5165456533432007,1,sentence-transformers/all-MiniLM-L6-v2,0.1730811595916748,2,,pending,
lets,uncertain,"A term statistically associated with run, dealing, app, familiar. Selected corpus use: interface copy; alternative contexts: learning plan, purchase decision.",critique_revision,interface_copy,mixedbread-ai/mxbai-embed-large-v1,0.5167078971862793,2,sentence-transformers/all-MiniLM-L6-v2,0.043352603912353516,1,,pending,
retirement,uncertain,"A term statistically associated with years, monthly, receives, benefits. Selected corpus use: low cost activity; alternative contexts: physical safety, travel plan.",brainstorming_creativity,low_cost_activity,mixedbread-ai/mxbai-embed-large-v1,0.5167758464813232,4,sentence-transformers/all-MiniLM-L6-v2,0.3068334758281708,10,,pending,
quickly,uncertain,"A term statistically associated with drying, efficiently, realized, desert. Selected corpus use: support thread; alternative contexts: small project, learning plan.",summarization_synthesis,support_thread,mixedbread-ai/mxbai-embed-large-v1,0.5168530941009521,6,sentence-transformers/all-MiniLM-L6-v2,0.19727689027786255,3,,pending,
ever,uncertain,"A term statistically associated with greatest, seen, since, lived. Selected corpus use: inventory record; alternative contexts: small project, learning plan.",extraction_classification,inventory_record,mixedbread-ai/mxbai-embed-large-v1,0.5169861316680908,1,sentence-transformers/all-MiniLM-L6-v2,0.11426027119159698,1,,pending,
consistently,uncertain,"A term statistically associated with ranked, partnership, achieving, athletic. Selected corpus use: civics; alternative contexts: purchase decision, learning plan.",explanation_learning,civics,mixedbread-ai/mxbai-embed-large-v1,0.5172545313835144,3,sentence-transformers/all-MiniLM-L6-v2,0.1624026596546173,5,,pending,
waters,uncertain,"A term statistically associated with whales, lake, sea, canal. Selected corpus use: low cost activity; alternative contexts: incident log, event plan.",brainstorming_creativity,low_cost_activity,mixedbread-ai/mxbai-embed-large-v1,0.5173476934432983,1,sentence-transformers/all-MiniLM-L6-v2,0.3296157717704773,1,,pending,
dying,uncertain,"A term statistically associated with ghost, injuries, happen, ended. Selected corpus use: schedule entry; alternative contexts: network connection, file sync.",extraction_classification,schedule_entry,mixedbread-ai/mxbai-embed-large-v1,0.5175067782402039,2,sentence-transformers/all-MiniLM-L6-v2,0.2553431987762451,4,,pending,
whatever,uncertain,"A term statistically associated with happened, happen, think, beans. Selected corpus use: project plan; alternative contexts: small project, peripheral.",critique_revision,project_plan,mixedbread-ai/mxbai-embed-large-v1,0.5175226926803589,1,sentence-transformers/all-MiniLM-L6-v2,0.07289634644985199,1,,pending,
certain,uncertain,"A term statistically associated with objects, cultures, fur, medications. Selected corpus use: low cost activity; alternative contexts: small project, purchase decision.",brainstorming_creativity,low_cost_activity,mixedbread-ai/mxbai-embed-large-v1,0.5180461406707764,5,sentence-transformers/all-MiniLM-L6-v2,0.12436071038246155,2,,pending,
street,uncertain,"A term statistically associated with wall, mall, fighter, crash. Selected corpus use: product specs; alternative contexts: small project, learning plan.",grounded_qa,product_specs,mixedbread-ai/mxbai-embed-large-v1,0.5187212228775024,3,sentence-transformers/all-MiniLM-L6-v2,0.20298540592193604,6,,pending,
honored,uncertain,"A term statistically associated with decade, artist, titles, awards. Selected corpus use: schedule entry; alternative contexts: data pipeline, web form.",extraction_classification,schedule_entry,mixedbread-ai/mxbai-embed-large-v1,0.5191668272018433,1,sentence-transformers/all-MiniLM-L6-v2,0.14864122867584229,1,,pending,
enemies,uncertain,"A term statistically associated with kill, weapons, ruled, protagonist. Selected corpus use: argument; alternative contexts: software install, peripheral.",critique_revision,argument,mixedbread-ai/mxbai-embed-large-v1,0.5192142724990845,1,sentence-transformers/all-MiniLM-L6-v2,0.26302480697631836,3,,pending,
partially,uncertain,"A term statistically associated with perfectly, highway, northern, due. Selected corpus use: writing prompts; alternative contexts: learning plan, small project.",brainstorming_creativity,writing_prompts,mixedbread-ai/mxbai-embed-large-v1,0.5192400217056274,4,sentence-transformers/all-MiniLM-L6-v2,0.22201132774353027,5,,pending,
focuses,uncertain,"A term statistically associated with sustainable, programming, management, machine. Selected corpus use: case note; alternative contexts: learning plan, life science.",extraction_classification,case_note,mixedbread-ai/mxbai-embed-large-v1,0.5198879241943359,6,sentence-transformers/all-MiniLM-L6-v2,,,,pending,
star,uncertain,"A term statistically associated with trek, crossed, movies, planet. Selected corpus use: schedule entry; alternative contexts: network connection, peripheral.",extraction_classification,schedule_entry,mixedbread-ai/mxbai-embed-large-v1,0.5200917720794678,2,sentence-transformers/all-MiniLM-L6-v2,0.17679663002490997,3,,pending,
surrounded,uncertain,"A term statistically associated with mountains, enormous, walls, ocean. Selected corpus use: writing prompts; alternative contexts: small project, learning plan.",brainstorming_creativity,writing_prompts,mixedbread-ai/mxbai-embed-large-v1,0.5201156735420227,3,sentence-transformers/all-MiniLM-L6-v2,0.20451533794403076,2,,pending,
min,uncertain,"A term statistically associated with functions, light, heat, don't. Selected corpus use: timeline ambiguity; alternative contexts: email, meeting notes.",context_clarification,timeline_ambiguity,mixedbread-ai/mxbai-embed-large-v1,0.520295262336731,1,sentence-transformers/all-MiniLM-L6-v2,0.07117058336734772,1,,pending,
defense,uncertain,"A term statistically associated with offense, self, arts, martial. Selected corpus use: project plan; alternative contexts: network connection, financial decision.",critique_revision,project_plan,mixedbread-ai/mxbai-embed-large-v1,0.5204913020133972,2,sentence-transformers/all-MiniLM-L6-v2,0.32409805059432983,2,,pending,
forever,uncertain,"A term statistically associated with love, beauty, changed, lasts. Selected corpus use: social mistake; alternative contexts: uncertain change, peripheral.",conversation_empathy,social_mistake,mixedbread-ai/mxbai-embed-large-v1,0.5205190181732178,1,sentence-transformers/all-MiniLM-L6-v2,0.21177533268928528,1,,pending,
say,uncertain,"A term statistically associated with don't, it's, something, really. Selected corpus use: instructions; alternative contexts: small project, learning plan.",critique_revision,instructions,mixedbread-ai/mxbai-embed-large-v1,0.520781397819519,1,sentence-transformers/all-MiniLM-L6-v2,0.08256883919239044,1,,pending,
expansion,uncertain,"A term statistically associated with rapid, economic, universe, sequel. Selected corpus use: retail returns; alternative contexts: network connection, purchase decision.",practical_action,retail_returns,mixedbread-ai/mxbai-embed-large-v1,0.5212048292160034,1,sentence-transformers/all-MiniLM-L6-v2,0.11526934802532196,4,,pending,
beta,uncertain,"A term statistically associated with acid, cells, therapy, launched. Selected corpus use: survey response; alternative contexts: financial decision, network connection.",extraction_classification,survey_response,mixedbread-ai/mxbai-embed-large-v1,0.5215702056884766,10,sentence-transformers/all-MiniLM-L6-v2,,,,pending,
accepted,uncertain,"A term statistically associated with widely, hunger, payment, offered. Selected corpus use: sequence pattern; alternative contexts: purchase decision, life science.",reasoning_verification,sequence_pattern,mixedbread-ai/mxbai-embed-large-v1,0.5218179225921631,1,sentence-transformers/all-MiniLM-L6-v2,0.057152844965457916,1,,pending,
discovered,uncertain,"A term statistically associated with moons, abilities, curiosity, scientific. Selected corpus use: incident log; alternative contexts: network connection, file sync.",summarization_synthesis,incident_log,mixedbread-ai/mxbai-embed-large-v1,0.5221017599105835,1,sentence-transformers/all-MiniLM-L6-v2,0.24107491970062256,2,,pending,
distribution,uncertain,"A term statistically associated with statistics, map, production, accounting. Selected corpus use: low cost activity; alternative contexts: network connection, data pipeline.",brainstorming_creativity,low_cost_activity,mixedbread-ai/mxbai-embed-large-v1,0.5221156477928162,5,sentence-transformers/all-MiniLM-L6-v2,0.20064130425453186,6,,pending,
includes,uncertain,"A term statistically associated with references, thriller, themes, providing. Selected corpus use: data literacy; alternative contexts: small project, learning plan.",explanation_learning,data_literacy,mixedbread-ai/mxbai-embed-large-v1,0.5222459435462952,2,sentence-transformers/all-MiniLM-L6-v2,0.06752930581569672,4,,pending,
tough,uncertain,"A term statistically associated with meat, soul, cooking, it's. Selected corpus use: support thread; alternative contexts: small project, incident log.",summarization_synthesis,support_thread,mixedbread-ai/mxbai-embed-large-v1,0.5223476886749268,1,sentence-transformers/all-MiniLM-L6-v2,0.10511068999767303,1,,pending,
peace,uncertain,"A term statistically associated with chemistry, war, goddess, wisdom. Selected corpus use: civics; alternative contexts: learning plan, small project.",explanation_learning,civics,mixedbread-ai/mxbai-embed-large-v1,0.5224366188049316,1,sentence-transformers/all-MiniLM-L6-v2,0.30994871258735657,2,,pending,
stable,uncertain,"A term statistically associated with men, relatively, shelf, models. Selected corpus use: product specs; alternative contexts: web form, peripheral.",grounded_qa,product_specs,mixedbread-ai/mxbai-embed-large-v1,0.5227203369140625,2,sentence-transformers/all-MiniLM-L6-v2,0.16923193633556366,4,,pending,
gaining,uncertain,"A term statistically associated with popularity, players, strength, advantage. Selected corpus use: file sync; alternative contexts: travel plan, learning plan.",troubleshooting,file_sync,mixedbread-ai/mxbai-embed-large-v1,0.5228183269500732,7,sentence-transformers/all-MiniLM-L6-v2,,,,pending,
drought,uncertain,"A term statistically associated with crops, water, plants, longest. Selected corpus use: schedule math; alternative contexts: small project, travel plan.",reasoning_verification,schedule_math,mixedbread-ai/mxbai-embed-large-v1,0.5238747000694275,1,sentence-transformers/all-MiniLM-L6-v2,0.37627285718917847,1,,pending,
ahead,uncertain,"A term statistically associated with scene, eyes, get, day. Selected corpus use: schedule entry; alternative contexts: purchase decision, small project.",extraction_classification,schedule_entry,mixedbread-ai/mxbai-embed-large-v1,0.5246393084526062,2,sentence-transformers/all-MiniLM-L6-v2,0.06021612137556076,2,,pending,
sign,uncertain,"A term statistically associated with upcoming, dancing, agreement, love. Selected corpus use: schedule math; alternative contexts: peripheral, network connection.",reasoning_verification,schedule_math,mixedbread-ai/mxbai-embed-large-v1,0.524694561958313,1,sentence-transformers/all-MiniLM-L6-v2,0.17252814769744873,3,,pending,
soon,uncertain,"A term statistically associated with hear, see, sometime, hearing. Selected corpus use: personal finance; alternative contexts: small project, learning plan.",explanation_learning,personal_finance,mixedbread-ai/mxbai-embed-large-v1,0.5247952938079834,11,sentence-transformers/all-MiniLM-L6-v2,0.06494687497615814,3,,pending,
fifty,uncertain,"A term statistically associated with forty, hundred, five, miles. Selected corpus use: incident log; alternative contexts: purchase decision, file sync.",summarization_synthesis,incident_log,mixedbread-ai/mxbai-embed-large-v1,0.5248887538909912,1,sentence-transformers/all-MiniLM-L6-v2,0.24284976720809937,1,,pending,
remembered,uncertain,"A term statistically associated with forever, challenge, brought, wanted. Selected corpus use: claim evidence; alternative contexts: peripheral, purchase decision.",critique_revision,claim_evidence,mixedbread-ai/mxbai-embed-large-v1,0.5250119566917419,7,sentence-transformers/all-MiniLM-L6-v2,0.10406311601400375,1,,pending,
alike,uncertain,"A term statistically associated with tourists, popular, fans, iconic. Selected corpus use: support thread; alternative contexts: media literacy, web form.",summarization_synthesis,support_thread,mixedbread-ai/mxbai-embed-large-v1,0.5252835750579834,7,sentence-transformers/all-MiniLM-L6-v2,,,,pending,
houses,uncertain,"A term statistically associated with museum, students, estate, housing. Selected corpus use: inventory record; alternative contexts: learning plan, small project.",extraction_classification,inventory_record,mixedbread-ai/mxbai-embed-large-v1,0.5253317356109619,3,sentence-transformers/all-MiniLM-L6-v2,0.36978787183761597,3,,pending,
meet,uncertain,"A term statistically associated with people, colleagues, friends, expectations. Selected corpus use: low cost activity; alternative contexts: learning plan, travel plan.",brainstorming_creativity,low_cost_activity,mixedbread-ai/mxbai-embed-large-v1,0.5255588293075562,1,sentence-transformers/all-MiniLM-L6-v2,0.2715129256248474,1,,pending,
argue,uncertain,"A term statistically associated with besides, screens, subjective, neither. Selected corpus use: inventory record; alternative contexts: purchase decision, learning plan.",extraction_classification,inventory_record,mixedbread-ai/mxbai-embed-large-v1,0.5258564949035645,1,sentence-transformers/all-MiniLM-L6-v2,0.09432890266180038,1,,pending,
eventually,uncertain,"A term statistically associated with became, initially, marry, grew. Selected corpus use: incident log; alternative contexts: peripheral, small project.",summarization_synthesis,incident_log,mixedbread-ai/mxbai-embed-large-v1,0.5258662700653076,1,sentence-transformers/all-MiniLM-L6-v2,0.14539320766925812,1,,pending,
became,uncertain,"A term statistically associated with former, win, president, youngest. Selected corpus use: proportions; alternative contexts: network connection, peripheral.",reasoning_verification,proportions,mixedbread-ai/mxbai-embed-large-v1,0.5262075066566467,1,sentence-transformers/all-MiniLM-L6-v2,0.19915524125099182,1,,pending,
particularly,uncertain,"A term statistically associated with weather, rich, regions, merge. Selected corpus use: project update; alternative contexts: learning plan, small project.",writing_transformation,project_update,mixedbread-ai/mxbai-embed-large-v1,0.5264472961425781,2,sentence-transformers/all-MiniLM-L6-v2,0.11483064293861389,3,,pending,
produced,uncertain,"A term statistically associated with electricity, film, directed, television. Selected corpus use: incident log; alternative contexts: network connection, peripheral.",summarization_synthesis,incident_log,mixedbread-ai/mxbai-embed-large-v1,0.5264691114425659,1,sentence-transformers/all-MiniLM-L6-v2,0.21875417232513428,1,,pending,
promoted,uncertain,"A term statistically associated with rank, major, special, conducted. Selected corpus use: contact record; alternative contexts: peripheral, privacy security.",extraction_classification,contact_record,mixedbread-ai/mxbai-embed-large-v1,0.5270624756813049,1,sentence-transformers/all-MiniLM-L6-v2,0.19412687420845032,2,,pending,
white,uncertain,"A term statistically associated with yellow, black, purple, green. Selected corpus use: proportions; alternative contexts: peripheral, network connection.",reasoning_verification,proportions,mixedbread-ai/mxbai-embed-large-v1,0.5271867513656616,1,sentence-transformers/all-MiniLM-L6-v2,0.35092857480049133,1,,pending,
deals,uncertain,"A term statistically associated with involve, sale, gods, themes. Selected corpus use: schedule entry; alternative contexts: peripheral, financial decision.",extraction_classification,schedule_entry,mixedbread-ai/mxbai-embed-large-v1,0.5273439884185791,2,sentence-transformers/all-MiniLM-L6-v2,0.29013097286224365,2,,pending,
calling,uncertain,"A term statistically associated with pro, dropped, cold, stone. Selected corpus use: instructions; alternative contexts: network connection, purchase decision.",critique_revision,instructions,mixedbread-ai/mxbai-embed-large-v1,0.5273618102073669,8,sentence-transformers/all-MiniLM-L6-v2,,,,pending,
heart,uncertain,"A term statistically associated with disease, blood, stroke, chronic. Selected corpus use: incident log; alternative contexts: small project, learning plan.",summarization_synthesis,incident_log,mixedbread-ai/mxbai-embed-large-v1,0.5274964570999146,1,sentence-transformers/all-MiniLM-L6-v2,0.10276512056589127,1,,pending,
becoming,uncertain,"A term statistically associated with increasingly, warming, grossing, film. Selected corpus use: feature ideas; alternative contexts: learning plan, small project.",brainstorming_creativity,feature_ideas,mixedbread-ai/mxbai-embed-large-v1,0.5275200605392456,1,sentence-transformers/all-MiniLM-L6-v2,0.17917290329933167,3,,pending,
felt,uncertain,"A term statistically associated with knew, couldn't, didn't, never. Selected corpus use: achievement; alternative contexts: small project, learning plan.",conversation_empathy,achievement,mixedbread-ai/mxbai-embed-large-v1,0.5277208685874939,1,sentence-transformers/all-MiniLM-L6-v2,0.10451605916023254,1,,pending,
endless,uncertain,"A term statistically associated with nights, river, organic, offers. Selected corpus use: logical constraints; alternative contexts: work stress, achievement.",reasoning_verification,logical_constraints,mixedbread-ai/mxbai-embed-large-v1,0.5280206203460693,4,sentence-transformers/all-MiniLM-L6-v2,0.2035880982875824,2,,pending,
origin,uncertain,"A term statistically associated with soup, story, iron, region. Selected corpus use: technical explanation; alternative contexts: purchase decision, learning plan.",writing_transformation,technical_explanation,mixedbread-ai/mxbai-embed-large-v1,0.5283344388008118,7,sentence-transformers/all-MiniLM-L6-v2,,,,pending,
blues,uncertain,"A term statistically associated with roll, rock, soul, genres. Selected corpus use: writing prompts; alternative contexts: small project, learning plan.",brainstorming_creativity,writing_prompts,mixedbread-ai/mxbai-embed-large-v1,0.528508186340332,4,sentence-transformers/all-MiniLM-L6-v2,0.21055439114570618,3,,pending,
expected,uncertain,"A term statistically associated with strokes, portfolio, growth, increased. Selected corpus use: schedule entry; alternative contexts: small project, file sync.",extraction_classification,schedule_entry,mixedbread-ai/mxbai-embed-large-v1,0.5287953019142151,1,sentence-transformers/all-MiniLM-L6-v2,0.1208958774805069,1,,pending,
signature,uncertain,"A term statistically associated with custom, sword, moves, scheme. Selected corpus use: inventory record; alternative contexts: file sync, network connection.",extraction_classification,inventory_record,mixedbread-ai/mxbai-embed-large-v1,0.5289220809936523,1,sentence-transformers/all-MiniLM-L6-v2,0.12932680547237396,1,,pending,
fight,uncertain,"A term statistically associated with monsters, soldiers, night, immune. Selected corpus use: schedule math; alternative contexts: small project, purchase decision.",reasoning_verification,schedule_math,mixedbread-ai/mxbai-embed-large-v1,0.5292240381240845,1,sentence-transformers/all-MiniLM-L6-v2,0.19823235273361206,1,,pending,
special,uncertain,"A term statistically associated with relativity, character, occasions, agent. Selected corpus use: feature ideas; alternative contexts: small project, purchase decision.",brainstorming_creativity,feature_ideas,mixedbread-ai/mxbai-embed-large-v1,0.5302307605743408,3,sentence-transformers/all-MiniLM-L6-v2,0.18798013031482697,1,,pending,
capital,uncertain,"A term statistically associated with city, gains, largest, income. Selected corpus use: low cost activity; alternative contexts: small project, purchase decision.",brainstorming_creativity,low_cost_activity,mixedbread-ai/mxbai-embed-large-v1,0.5307084321975708,3,sentence-transformers/all-MiniLM-L6-v2,0.22779008746147156,3,,pending,
amazing,uncertain,"A term statistically associated with sights, incredible, trips, it's. Selected corpus use: travel information; alternative contexts: small project, travel plan.",grounded_qa,travel_information,mixedbread-ai/mxbai-embed-large-v1,0.5308223962783813,2,sentence-transformers/all-MiniLM-L6-v2,0.07101695239543915,2,,pending,
soul,uncertain,"A term statistically associated with blues, rock, rubber, pop. Selected corpus use: air travel; alternative contexts: learning plan, purchase decision.",practical_action,air_travel,mixedbread-ai/mxbai-embed-large-v1,0.5308510065078735,3,sentence-transformers/all-MiniLM-L6-v2,0.18131501972675323,3,,pending,
regular,uncertain,"A term statistically associated with season, games, exercise, moons. Selected corpus use: research notes; alternative contexts: learning plan, purchase decision.",summarization_synthesis,research_notes,mixedbread-ai/mxbai-embed-large-v1,0.5310398936271667,5,sentence-transformers/all-MiniLM-L6-v2,0.20338024199008942,8,,pending,
sections,uncertain,"A term statistically associated with comments, wall, divided, three. Selected corpus use: simple probability; alternative contexts: peripheral, event plan.",reasoning_verification,simple_probability,mixedbread-ai/mxbai-embed-large-v1,0.5315276384353638,1,sentence-transformers/all-MiniLM-L6-v2,0.23855158686637878,2,,pending,
destroyed,uncertain,"A term statistically associated with fire, homes, mines, injured. Selected corpus use: low cost activity; alternative contexts: web form, file sync.",brainstorming_creativity,low_cost_activity,mixedbread-ai/mxbai-embed-large-v1,0.5315873026847839,4,sentence-transformers/all-MiniLM-L6-v2,0.13273859024047852,3,,pending,
assembly,uncertain,"A term statistically associated with freedom, elections, election, systems. Selected corpus use: instructions; alternative contexts: small project, data pipeline.",critique_revision,instructions,mixedbread-ai/mxbai-embed-large-v1,0.5317637324333191,1,sentence-transformers/all-MiniLM-L6-v2,0.158241406083107,1,,pending,
pre,uncertain,"A term statistically associated with workout, calculus, orders, computer. Selected corpus use: feature ideas; alternative contexts: small project, purchase decision.",brainstorming_creativity,feature_ideas,mixedbread-ai/mxbai-embed-large-v1,0.5317770838737488,4,sentence-transformers/all-MiniLM-L6-v2,0.0649762824177742,3,,pending,
female,uncertain,"A term statistically associated with male, neutral, artist, adult. Selected corpus use: project update; alternative contexts: small project, learning plan.",writing_transformation,project_update,mixedbread-ai/mxbai-embed-large-v1,0.5323798060417175,1,sentence-transformers/all-MiniLM-L6-v2,0.37589335441589355,1,,pending,
don't,uncertain,"A term statistically associated with forget, worry, think, get. Selected corpus use: technical explanation; alternative contexts: learning plan, small project.",writing_transformation,technical_explanation,mixedbread-ai/mxbai-embed-large-v1,0.5326188802719116,5,sentence-transformers/all-MiniLM-L6-v2,0.12669754028320312,3,,pending,
tortoise,uncertain,"A term statistically associated with fast, steady, animals, kept. Selected corpus use: low cost activity; alternative contexts: network connection, peripheral.",brainstorming_creativity,low_cost_activity,mixedbread-ai/mxbai-embed-large-v1,0.5331549048423767,2,sentence-transformers/all-MiniLM-L6-v2,0.1839122474193573,5,,pending,
canal,uncertain,"A term statistically associated with engineers, construction, waters, adjacent. Selected corpus use: small project; alternative contexts: home repair, historical note.",planning_comparison,small_project,mixedbread-ai/mxbai-embed-large-v1,0.5337337851524353,6,sentence-transformers/all-MiniLM-L6-v2,,,,pending,
passed,uncertain,"A term statistically associated with legislation, vote, seconds, ban. Selected corpus use: support reply; alternative contexts: small project, purchase decision.",writing_transformation,support_reply,mixedbread-ai/mxbai-embed-large-v1,0.533877432346344,2,sentence-transformers/all-MiniLM-L6-v2,0.11853156983852386,4,,pending,
deer,uncertain,"A term statistically associated with wild, mountain, birds, park. Selected corpus use: shopping arithmetic; alternative contexts: small project, learning plan.",reasoning_verification,shopping_arithmetic,mixedbread-ai/mxbai-embed-large-v1,0.53387850522995,6,sentence-transformers/all-MiniLM-L6-v2,,,,pending,
crucial,uncertain,"A term statistically associated with role, plays, emotional, protein. Selected corpus use: instructions; alternative contexts: network connection, web form.",critique_revision,instructions,mixedbread-ai/mxbai-embed-large-v1,0.5340675711631775,2,sentence-transformers/all-MiniLM-L6-v2,0.1651155650615692,1,,pending,
surface,uncertain,"A term statistically associated with lunar, clouds, moon, area. Selected corpus use: shopping arithmetic; alternative contexts: travel plan, purchase decision.",reasoning_verification,shopping_arithmetic,mixedbread-ai/mxbai-embed-large-v1,0.5340951681137085,4,sentence-transformers/all-MiniLM-L6-v2,0.1817697137594223,5,,pending,
bar,uncertain,"A term statistically associated with minute, grill, chocolate, admitted. Selected corpus use: computing; alternative contexts: file sync, learning plan.",explanation_learning,computing,mixedbread-ai/mxbai-embed-large-v1,0.5342904329299927,10,sentence-transformers/all-MiniLM-L6-v2,0.18928614258766174,5,,pending,
year,uncertain,"A term statistically associated with old, calendar, per, awards. Selected corpus use: schedule entry; alternative contexts: purchase decision, learning plan.",extraction_classification,schedule_entry,mixedbread-ai/mxbai-embed-large-v1,0.5344554781913757,1,sentence-transformers/all-MiniLM-L6-v2,0.2929532527923584,1,,pending,
maybe,uncertain,"A term statistically associated with thought, it's, something, get. Selected corpus use: low cost activity; alternative contexts: event plan, small project.",brainstorming_creativity,low_cost_activity,mixedbread-ai/mxbai-embed-large-v1,0.5344882607460022,1,sentence-transformers/all-MiniLM-L6-v2,0.034776732325553894,1,,pending,
films,uncertain,"A term statistically associated with film, grossing, theater, horror. Selected corpus use: argument; alternative contexts: purchase decision, learning plan.",critique_revision,argument,mixedbread-ai/mxbai-embed-large-v1,0.5346149206161499,7,sentence-transformers/all-MiniLM-L6-v2,,,,pending,
wish,uncertain,"A term statistically associated with luck, granted, wall, see. Selected corpus use: inventory record; alternative contexts: data pipeline, web form.",extraction_classification,inventory_record,mixedbread-ai/mxbai-embed-large-v1,0.535102903842926,1,sentence-transformers/all-MiniLM-L6-v2,0.12440622597932816,1,,pending,
adults,uncertain,"A term statistically associated with children, kids, older, ages. Selected corpus use: writing prompts; alternative contexts: financial decision, learning plan.",brainstorming_creativity,writing_prompts,mixedbread-ai/mxbai-embed-large-v1,0.5358260869979858,1,sentence-transformers/all-MiniLM-L6-v2,0.3109164834022522,3,,pending,
lot,uncertain,"A term statistically associated with parking, don't, things, people. Selected corpus use: incident log; alternative contexts: learning plan, travel plan.",summarization_synthesis,incident_log,mixedbread-ai/mxbai-embed-large-v1,0.5361818075180054,2,sentence-transformers/all-MiniLM-L6-v2,0.15477392077445984,1,,pending,
sending,uncertain,"A term statistically associated with birthday, mail, signals, gift. Selected corpus use: appointments; alternative contexts: web form, learning plan.",practical_action,appointments,mixedbread-ai/mxbai-embed-large-v1,0.5363994836807251,7,sentence-transformers/all-MiniLM-L6-v2,0.22099541127681732,5,,pending,
turned,uncertain,"A term statistically associated with curiosity, said, face, saw. Selected corpus use: technical explanation; alternative contexts: purchase decision, small project.",writing_transformation,technical_explanation,mixedbread-ai/mxbai-embed-large-v1,0.536471962928772,2,sentence-transformers/all-MiniLM-L6-v2,0.12624824047088623,1,,pending,
venture,uncertain,"A term statistically associated with fund, corporate, company, vision. Selected corpus use: product specs; alternative contexts: network connection, software install.",grounded_qa,product_specs,mixedbread-ai/mxbai-embed-large-v1,0.5365931987762451,8,sentence-transformers/all-MiniLM-L6-v2,0.3610343337059021,4,,pending,
probably,uncertain,"A term statistically associated with recipes, it's, you've, definitely. Selected corpus use: argument; alternative contexts: small project, travel plan.",critique_revision,argument,mixedbread-ai/mxbai-embed-large-v1,0.5366023778915405,1,sentence-transformers/all-MiniLM-L6-v2,0.0001607406884431839,1,,pending,
it's,uncertain,"A term statistically associated with don't, you're, get, think. Selected corpus use: instructions; alternative contexts: small project, learning plan.",critique_revision,instructions,mixedbread-ai/mxbai-embed-large-v1,0.5366138815879822,1,sentence-transformers/all-MiniLM-L6-v2,0.07199499011039734,1,,pending,
praise,uncertain,"A term statistically associated with puppy, received, critics, drew. Selected corpus use: interface copy; alternative contexts: data pipeline, network connection.",critique_revision,interface_copy,mixedbread-ai/mxbai-embed-large-v1,0.5368274450302124,3,sentence-transformers/all-MiniLM-L6-v2,0.19779378175735474,1,,pending,
approximately,uncertain,"A term statistically associated with lies, million, miles, kilometers. Selected corpus use: email; alternative contexts: small project, learning plan.",writing_transformation,email,mixedbread-ai/mxbai-embed-large-v1,0.5368897318840027,1,sentence-transformers/all-MiniLM-L6-v2,0.2848888039588928,3,,pending,
looks,uncertain,"A term statistically associated with sees, nice, it's, see. Selected corpus use: media literacy; alternative contexts: network connection, web form.",explanation_learning,media_literacy,mixedbread-ai/mxbai-embed-large-v1,0.5369633436203003,5,sentence-transformers/all-MiniLM-L6-v2,0.16625270247459412,3,,pending,
riders,uncertain,"A term statistically associated with seats, vice, rides, seat. Selected corpus use: survey response; alternative contexts: travel plan, public transit.",extraction_classification,survey_response,mixedbread-ai/mxbai-embed-large-v1,0.537015438079834,7,sentence-transformers/all-MiniLM-L6-v2,,,,pending,
remember,uncertain,"A term statistically associated with it's, don't, day, always. Selected corpus use: instructions; alternative contexts: learning plan, small project.",critique_revision,instructions,mixedbread-ai/mxbai-embed-large-v1,0.537219226360321,1,sentence-transformers/all-MiniLM-L6-v2,0.16518336534500122,1,,pending,
lasted,uncertain,"A term statistically associated with war, reign, period, months. Selected corpus use: incident log; alternative contexts: network connection, peripheral.",summarization_synthesis,incident_log,mixedbread-ai/mxbai-embed-large-v1,0.537384569644928,1,sentence-transformers/all-MiniLM-L6-v2,0.12492698431015015,1,,pending,
aside,uncertain,"A term statistically associated with drain, shall, paste, put. Selected corpus use: schedule entry; alternative contexts: learning plan, small project.",extraction_classification,schedule_entry,mixedbread-ai/mxbai-embed-large-v1,0.5373986959457397,2,sentence-transformers/all-MiniLM-L6-v2,0.1719384342432022,1,,pending,
switch,uncertain,"A term statistically associated with elements, games, legend, light. Selected corpus use: workflow; alternative contexts: peripheral, network connection.",brainstorming_creativity,workflow,mixedbread-ai/mxbai-embed-large-v1,0.5375648736953735,6,sentence-transformers/all-MiniLM-L6-v2,,,,pending,
pass,uncertain,"A term statistically associated with shoot, rapidly, legislation, ball. Selected corpus use: air travel; alternative contexts: learning plan, small project.",practical_action,air_travel,mixedbread-ai/mxbai-embed-large-v1,0.5376266241073608,2,sentence-transformers/all-MiniLM-L6-v2,0.11766746640205383,1,,pending,
resulted,uncertain,"A term statistically associated with deaths, war, lack, estimated. Selected corpus use: media literacy; alternative contexts: learning plan, travel plan.",explanation_learning,media_literacy,mixedbread-ai/mxbai-embed-large-v1,0.5381267666816711,6,sentence-transformers/all-MiniLM-L6-v2,,,,pending,
founded,uncertain,"A term statistically associated with former, company, executive, club. Selected corpus use: civics; alternative contexts: web form, software install.",explanation_learning,civics,mixedbread-ai/mxbai-embed-large-v1,0.5384418368339539,4,sentence-transformers/all-MiniLM-L6-v2,0.28281843662261963,2,,pending,
that's,uncertain,"A term statistically associated with right, it's, think, said. Selected corpus use: schedule math; alternative contexts: purchase decision, small project.",reasoning_verification,schedule_math,mixedbread-ai/mxbai-embed-large-v1,0.5386754274368286,1,sentence-transformers/all-MiniLM-L6-v2,0.07537175714969635,1,,pending,
served,uncertain,"A term statistically associated with president, governor, minister, fries. Selected corpus use: sequence pattern; alternative contexts: small project, learning plan.",reasoning_verification,sequence_pattern,mixedbread-ai/mxbai-embed-large-v1,0.5392016172409058,1,sentence-transformers/all-MiniLM-L6-v2,0.12180287390947342,1,,pending,
tensions,uncertain,"A term statistically associated with war, racial, rise, cold. Selected corpus use: outreach; alternative contexts: event plan, personal finance.",brainstorming_creativity,outreach,mixedbread-ai/mxbai-embed-large-v1,0.539419412612915,6,sentence-transformers/all-MiniLM-L6-v2,0.22233016788959503,2,,pending,
hope,uncertain,"A term statistically associated with finds, well, you're, letter. Selected corpus use: loss disappointment; alternative contexts: small project, learning plan.",conversation_empathy,loss_disappointment,mixedbread-ai/mxbai-embed-large-v1,0.5395910739898682,1,sentence-transformers/all-MiniLM-L6-v2,0.11741000413894653,1,,pending,
revolutionary,uncertain,"A term statistically associated with war, independence, military, movement. Selected corpus use: low cost activity; alternative contexts: travel plan, web form.",brainstorming_creativity,low_cost_activity,mixedbread-ai/mxbai-embed-large-v1,0.539837121963501,1,sentence-transformers/all-MiniLM-L6-v2,0.22363577783107758,2,,pending,
vision,uncertain,"A term statistically associated with glasses, blindness, eye, computer. Selected corpus use: writing prompts; alternative contexts: small project, travel plan.",brainstorming_creativity,writing_prompts,mixedbread-ai/mxbai-embed-large-v1,0.539919912815094,4,sentence-transformers/all-MiniLM-L6-v2,0.45282095670700073,6,,pending,
bridges,uncertain,"A term statistically associated with roads, miles, vulnerable, infrastructure. Selected corpus use: civics; alternative contexts: small project, network connection.",explanation_learning,civics,mixedbread-ai/mxbai-embed-large-v1,0.5399594902992249,6,sentence-transformers/all-MiniLM-L6-v2,0.3357977271080017,3,,pending,
friends,uncertain,"A term statistically associated with family, play, fun, meet. Selected corpus use: lesson activity; alternative contexts: small project, learning plan.",brainstorming_creativity,lesson_activity,mixedbread-ai/mxbai-embed-large-v1,0.5402178168296814,1,sentence-transformers/all-MiniLM-L6-v2,0.23121348023414612,1,,pending,
there's,uncertain,"A term statistically associated with nothing, something, it's, lot. Selected corpus use: shopping arithmetic; alternative contexts: purchase decision, small project.",reasoning_verification,shopping_arithmetic,mixedbread-ai/mxbai-embed-large-v1,0.5403873920440674,1,sentence-transformers/all-MiniLM-L6-v2,0.0915728360414505,1,,pending,
appearing,uncertain,"A term statistically associated with strip, rainbow, reflected, films. Selected corpus use: subscriptions; alternative contexts: small project, purchase decision.",practical_action,subscriptions,mixedbread-ai/mxbai-embed-large-v1,0.54068523645401,7,sentence-transformers/all-MiniLM-L6-v2,,,,pending,
industrial,uncertain,"A term statistically associated with electrical, fossil, agricultural, greenhouse. Selected corpus use: logical constraints; alternative contexts: small project, purchase decision.",reasoning_verification,logical_constraints,mixedbread-ai/mxbai-embed-large-v1,0.540708065032959,8,sentence-transformers/all-MiniLM-L6-v2,0.2286740094423294,5,,pending,
tap,uncertain,"A term statistically associated with rhythm, water, gently, air. Selected corpus use: feature ideas; alternative contexts: physical safety, learning plan.",brainstorming_creativity,feature_ideas,mixedbread-ai/mxbai-embed-large-v1,0.540956437587738,6,sentence-transformers/all-MiniLM-L6-v2,,,,pending,
walking,uncertain,"A term statistically associated with running, day, riding, exercise. Selected corpus use: civics; alternative contexts: small project, learning plan.",explanation_learning,civics,mixedbread-ai/mxbai-embed-large-v1,0.5410175323486328,5,sentence-transformers/all-MiniLM-L6-v2,0.35131657123565674,4,,pending,
past,uncertain,"A term statistically associated with years, future, decades, distant. Selected corpus use: timeline ambiguity; alternative contexts: learning plan, small project.",context_clarification,timeline_ambiguity,mixedbread-ai/mxbai-embed-large-v1,0.541057825088501,1,sentence-transformers/all-MiniLM-L6-v2,0.2894017696380615,1,,pending,
labor,uncertain,"A term statistically associated with workers, hurricane, income, skilled. Selected corpus use: shopping arithmetic; alternative contexts: network connection, small project.",reasoning_verification,shopping_arithmetic,mixedbread-ai/mxbai-embed-large-v1,0.5413296222686768,2,sentence-transformers/all-MiniLM-L6-v2,0.40486791729927063,1,,pending,
rare,uncertain,"A term statistically associated with metals, mineral, occasions, minerals. Selected corpus use: low cost activity; alternative contexts: peripheral, web form.",brainstorming_creativity,low_cost_activity,mixedbread-ai/mxbai-embed-large-v1,0.5417905449867249,1,sentence-transformers/all-MiniLM-L6-v2,0.1561892032623291,1,,pending,
vital,uncertain,"A term statistically associated with signs, functions, interests, statistics. Selected corpus use: inventory record; alternative contexts: small project, learning plan.",extraction_classification,inventory_record,mixedbread-ai/mxbai-embed-large-v1,0.5425788164138794,1,sentence-transformers/all-MiniLM-L6-v2,0.11061568558216095,1,,pending,
attacked,uncertain,"A term statistically associated with forces, successfully, vessels, attack. Selected corpus use: lesson activity; alternative contexts: network connection, peripheral.",brainstorming_creativity,lesson_activity,mixedbread-ai/mxbai-embed-large-v1,0.5427078008651733,3,sentence-transformers/all-MiniLM-L6-v2,0.3575969338417053,2,,pending,
graduate,uncertain,"A term statistically associated with school, college, studies, students. Selected corpus use: writing prompts; alternative contexts: learning plan, purchase decision.",brainstorming_creativity,writing_prompts,mixedbread-ai/mxbai-embed-large-v1,0.5428528189659119,6,sentence-transformers/all-MiniLM-L6-v2,,,,pending,
concern,uncertain,"A term statistically associated with voice, waste, resident, besides. Selected corpus use: email draft; alternative contexts: privacy security, small project.",critique_revision,email_draft,mixedbread-ai/mxbai-embed-large-v1,0.542966365814209,6,sentence-transformers/all-MiniLM-L6-v2,,,,pending,
observe,uncertain,"A term statistically associated with analyze, holiday, impossible, discover. Selected corpus use: instructions; alternative contexts: learning plan, network connection.",critique_revision,instructions,mixedbread-ai/mxbai-embed-large-v1,0.5430065393447876,1,sentence-transformers/all-MiniLM-L6-v2,0.3097233176231384,3,,pending,
hour,uncertain,"A term statistically associated with per, miles, half, speeds. Selected corpus use: schedule entry; alternative contexts: learning plan, network connection.",extraction_classification,schedule_entry,mixedbread-ai/mxbai-embed-large-v1,0.5431505441665649,2,sentence-transformers/all-MiniLM-L6-v2,0.27617377042770386,1,,pending,
attract,uncertain,"A term statistically associated with feathers, objects, males, insects. Selected corpus use: instructions; alternative contexts: software install, peripheral.",critique_revision,instructions,mixedbread-ai/mxbai-embed-large-v1,0.5431560277938843,1,sentence-transformers/all-MiniLM-L6-v2,0.15966486930847168,8,,pending,
society,uncertain,"A term statistically associated with engineers, industrial, award, positive. Selected corpus use: low cost activity; alternative contexts: learning plan, purchase decision.",brainstorming_creativity,low_cost_activity,mixedbread-ai/mxbai-embed-large-v1,0.5435285568237305,1,sentence-transformers/all-MiniLM-L6-v2,0.12963241338729858,2,,pending,
sometimes,uncertain,"A term statistically associated with referred, called, often, it's. Selected corpus use: shopping arithmetic; alternative contexts: small project, learning plan.",reasoning_verification,shopping_arithmetic,mixedbread-ai/mxbai-embed-large-v1,0.5437690615653992,1,sentence-transformers/all-MiniLM-L6-v2,0.11727063357830048,1,,pending,
starts,uncertain,"A term statistically associated with ends, year, celebrations, crack. Selected corpus use: schedule math; alternative contexts: network connection, peripheral.",reasoning_verification,schedule_math,mixedbread-ai/mxbai-embed-large-v1,0.544268786907196,1,sentence-transformers/all-MiniLM-L6-v2,0.1476934552192688,2,,pending,
offered,uncertain,"A term statistically associated with declined, customers, accepted, helped. Selected corpus use: civics; alternative contexts: physical safety, personal finance.",explanation_learning,civics,mixedbread-ai/mxbai-embed-large-v1,0.5444570779800415,9,sentence-transformers/all-MiniLM-L6-v2,0.035735148936510086,3,,pending,
education,uncertain,"A term statistically associated with higher, schools, school, students. Selected corpus use: interface copy; alternative contexts: learning plan, financial decision.",critique_revision,interface_copy,mixedbread-ai/mxbai-embed-large-v1,0.5445241332054138,3,sentence-transformers/all-MiniLM-L6-v2,0.4426858425140381,3,,pending,
thin,uncertain,"A term statistically associated with crust, crispy, pizza, cookies. Selected corpus use: research notes; alternative contexts: meeting notes, project update.",summarization_synthesis,research_notes,mixedbread-ai/mxbai-embed-large-v1,0.5448462963104248,1,sentence-transformers/all-MiniLM-L6-v2,0.20064589381217957,6,,pending,
made,uncertain,"A term statistically associated with debut, cheese, milk, chocolate. Selected corpus use: low cost activity; alternative contexts: small project, purchase decision.",brainstorming_creativity,low_cost_activity,mixedbread-ai/mxbai-embed-large-v1,0.5448489189147949,1,sentence-transformers/all-MiniLM-L6-v2,0.1281297653913498,2,,pending,
death,uncertain,"A term statistically associated with metal, died, prejudice, toll. Selected corpus use: incident log; alternative contexts: peripheral, network connection.",summarization_synthesis,incident_log,mixedbread-ai/mxbai-embed-large-v1,0.5449263453483582,1,sentence-transformers/all-MiniLM-L6-v2,0.26718810200691223,1,,pending,
succeed,uncertain,"A term statistically associated with manage, knowledge, leaders, partner. Selected corpus use: writing prompts; alternative contexts: learning plan, small project.",brainstorming_creativity,writing_prompts,mixedbread-ai/mxbai-embed-large-v1,0.5452172160148621,3,sentence-transformers/all-MiniLM-L6-v2,0.2788735032081604,3,,pending,
much,uncertain,"A term statistically associated with love, it's, don't, spend. Selected corpus use: timeline ambiguity; alternative contexts: learning plan, small project.",context_clarification,timeline_ambiguity,mixedbread-ai/mxbai-embed-large-v1,0.5454106330871582,1,sentence-transformers/all-MiniLM-L6-v2,0.13546055555343628,4,,pending,
director,uncertain,"A term statistically associated with film, producer, picture, actor. Selected corpus use: feature ideas; alternative contexts: network connection, peripheral.",brainstorming_creativity,feature_ideas,mixedbread-ai/mxbai-embed-large-v1,0.5461289286613464,6,sentence-transformers/all-MiniLM-L6-v2,0.2621549069881439,4,,pending,
golf,uncertain,"A term statistically associated with club, clubs, courses, strokes. Selected corpus use: course enrolment; alternative contexts: learning plan, event plan.",practical_action,course_enrolment,mixedbread-ai/mxbai-embed-large-v1,0.5461887121200562,8,sentence-transformers/all-MiniLM-L6-v2,,,,pending,
since,uncertain,"A term statistically associated with years, ever, increased, held. Selected corpus use: schedule entry; alternative contexts: purchase decision, learning plan.",extraction_classification,schedule_entry,mixedbread-ai/mxbai-embed-large-v1,0.5465750098228455,2,sentence-transformers/all-MiniLM-L6-v2,0.23629052937030792,1,,pending,
lovely,uncertain,"A term statistically associated with seating, fantastic, picnic, warm. Selected corpus use: loss disappointment; alternative contexts: network connection, file sync.",conversation_empathy,loss_disappointment,mixedbread-ai/mxbai-embed-large-v1,0.5466558337211609,1,sentence-transformers/all-MiniLM-L6-v2,0.14879010617733002,1,,pending,
upon,uncertain,"A term statistically associated with acted, lived, agreed, entering. Selected corpus use: inventory record; alternative contexts: event plan, small project.",extraction_classification,inventory_record,mixedbread-ai/mxbai-embed-large-v1,0.5468113422393799,1,sentence-transformers/all-MiniLM-L6-v2,0.10821148753166199,1,,pending,
signs,uncertain,"A term statistically associated with potty, vital, suicide, signals. Selected corpus use: schedule math; alternative contexts: physical safety, web form.",reasoning_verification,schedule_math,mixedbread-ai/mxbai-embed-large-v1,0.5468246340751648,2,sentence-transformers/all-MiniLM-L6-v2,0.13571840524673462,3,,pending,
enjoys,uncertain,"A term statistically associated with son, reading, everyone, challenge. Selected corpus use: writing prompts; alternative contexts: file sync, network connection.",brainstorming_creativity,writing_prompts,mixedbread-ai/mxbai-embed-large-v1,0.5471665859222412,2,sentence-transformers/all-MiniLM-L6-v2,0.15057578682899475,5,,pending,
won,uncertain,"A term statistically associated with championships, titles, awards, award. Selected corpus use: schedule math; alternative contexts: purchase decision, incident log.",reasoning_verification,schedule_math,mixedbread-ai/mxbai-embed-large-v1,0.547418475151062,1,sentence-transformers/all-MiniLM-L6-v2,0.2290169596672058,1,,pending,
today,uncertain,"A term statistically associated with tomorrow, sold, store, calendar. Selected corpus use: argument; alternative contexts: small project, purchase decision.",critique_revision,argument,mixedbread-ai/mxbai-embed-large-v1,0.5474573373794556,4,sentence-transformers/all-MiniLM-L6-v2,0.2366287261247635,8,,pending,
authorities,uncertain,"A term statistically associated with police, arrested, carried, federal. Selected corpus use: schedule math; alternative contexts: network connection, file sync.",reasoning_verification,schedule_math,mixedbread-ai/mxbai-embed-large-v1,0.5476266145706177,1,sentence-transformers/all-MiniLM-L6-v2,0.24700802564620972,5,,pending,
sick,uncertain,"A term statistically associated with get, care, won't, today. Selected corpus use: social mistake; alternative contexts: physical safety, learning plan.",conversation_empathy,social_mistake,mixedbread-ai/mxbai-embed-large-v1,0.5480360984802246,1,sentence-transformers/all-MiniLM-L6-v2,0.07224999368190765,1,,pending,
flow,uncertain,"A term statistically associated with cash, positively, charge, blood. Selected corpus use: survey response; alternative contexts: learning plan, travel plan.",extraction_classification,survey_response,mixedbread-ai/mxbai-embed-large-v1,0.5482627749443054,4,sentence-transformers/all-MiniLM-L6-v2,0.12619063258171082,2,,pending,
broken,uncertain,"A term statistically associated with bone, accident, leg, glass. Selected corpus use: air travel; alternative contexts: network connection, web form.",practical_action,air_travel,mixedbread-ai/mxbai-embed-large-v1,0.5483367443084717,1,sentence-transformers/all-MiniLM-L6-v2,0.13896672427654266,2,,pending,
fourth,uncertain,"A term statistically associated with fifth, third, largest, season. Selected corpus use: sequence pattern; alternative contexts: purchase decision, learning plan.",reasoning_verification,sequence_pattern,mixedbread-ai/mxbai-embed-large-v1,0.5484179854393005,1,sentence-transformers/all-MiniLM-L6-v2,0.2460220456123352,1,,pending,
expect,uncertain,"A term statistically associated with riders, didn't, see, unexpected. Selected corpus use: low cost activity; alternative contexts: learning plan, small project.",brainstorming_creativity,low_cost_activity,mixedbread-ai/mxbai-embed-large-v1,0.5484275817871094,1,sentence-transformers/all-MiniLM-L6-v2,0.16552037000656128,1,,pending,
decade,uncertain,"A term statistically associated with advocate, honored, artists, women's. Selected corpus use: schedule entry; alternative contexts: file sync, peripheral.",extraction_classification,schedule_entry,mixedbread-ai/mxbai-embed-large-v1,0.5485459566116333,1,sentence-transformers/all-MiniLM-L6-v2,0.20173785090446472,1,,pending,
dried,uncertain,"A term statistically associated with fruits, fruit, grain, apples. Selected corpus use: mathematics; alternative contexts: life science, small project.",explanation_learning,mathematics,mixedbread-ai/mxbai-embed-large-v1,0.5486917495727539,1,sentence-transformers/all-MiniLM-L6-v2,0.1642034649848938,1,,pending,
series,uncertain,"A term statistically associated with television, fantasy, drama, novels. Selected corpus use: support reply; alternative contexts: network connection, peripheral.",writing_transformation,support_reply,mixedbread-ai/mxbai-embed-large-v1,0.5489903092384338,1,sentence-transformers/all-MiniLM-L6-v2,0.16630935668945312,1,,pending,
occupied,uncertain,"A term statistically associated with war, defeat, eastern, occupation. Selected corpus use: schedule entry; alternative contexts: small project, network connection.",extraction_classification,schedule_entry,mixedbread-ai/mxbai-embed-large-v1,0.5493412017822266,1,sentence-transformers/all-MiniLM-L6-v2,0.2567463517189026,1,,pending,
rest,uncertain,"A term statistically associated with resting, day, body, days. Selected corpus use: incident log; alternative contexts: small project, learning plan.",summarization_synthesis,incident_log,mixedbread-ai/mxbai-embed-large-v1,0.5493663549423218,1,sentence-transformers/all-MiniLM-L6-v2,0.3461664319038391,1,,pending,
thriller,uncertain,"A term statistically associated with psychological, drama, horror, romance. Selected corpus use: incident log; alternative contexts: network connection, data pipeline.",summarization_synthesis,incident_log,mixedbread-ai/mxbai-embed-large-v1,0.5496551990509033,1,sentence-transformers/all-MiniLM-L6-v2,0.3572104871273041,1,,pending,
worry,uncertain,"A term statistically associated with don't, won't, stress, it's. Selected corpus use: public transit; alternative contexts: travel plan, learning plan.",practical_action,public_transit,mixedbread-ai/mxbai-embed-large-v1,0.549721360206604,4,sentence-transformers/all-MiniLM-L6-v2,0.14985087513923645,3,,pending,
six,uncertain,"A term statistically associated with months, four, eight, ban. Selected corpus use: schedule math; alternative contexts: small project, learning plan.",reasoning_verification,schedule_math,mixedbread-ai/mxbai-embed-large-v1,0.5499707460403442,1,sentence-transformers/all-MiniLM-L6-v2,0.24920594692230225,1,,pending,
drives,uncertain,"A term statistically associated with spell, desire, car, road. Selected corpus use: schedule entry; alternative contexts: learning plan, travel plan.",extraction_classification,schedule_entry,mixedbread-ai/mxbai-embed-large-v1,0.5503178238868713,8,sentence-transformers/all-MiniLM-L6-v2,,,,pending,
regularly,uncertain,"A term statistically associated with brush, exercising, exercise, plants. Selected corpus use: instructions; alternative contexts: learning plan, small project.",critique_revision,instructions,mixedbread-ai/mxbai-embed-large-v1,0.550805926322937,1,sentence-transformers/all-MiniLM-L6-v2,0.1502547413110733,1,,pending,
digital,uncertain,"A term statistically associated with marketing, audio, cameras, management. Selected corpus use: parcel delivery; alternative contexts: network connection, learning plan.",practical_action,parcel_delivery,mixedbread-ai/mxbai-embed-large-v1,0.550923764705658,2,sentence-transformers/all-MiniLM-L6-v2,0.3007524013519287,2,,pending,
sleeping,uncertain,"A term statistically associated with tent, bag, camping, sleep. Selected corpus use: incident log; alternative contexts: small project, learning plan.",summarization_synthesis,incident_log,mixedbread-ai/mxbai-embed-large-v1,0.5514003038406372,1,sentence-transformers/all-MiniLM-L6-v2,0.31556230783462524,1,,pending,
studied,uncertain,"A term statistically associated with physics, philosophy, arts, technologies. Selected corpus use: schedule entry; alternative contexts: learning plan, small project.",extraction_classification,schedule_entry,mixedbread-ai/mxbai-embed-large-v1,0.5519932508468628,7,sentence-transformers/all-MiniLM-L6-v2,0.3854643702507019,1,,pending,
fighting,uncertain,"A term statistically associated with poison, bug, combat, martial. Selected corpus use: interface copy; alternative contexts: small project, network connection.",critique_revision,interface_copy,mixedbread-ai/mxbai-embed-large-v1,0.5523685216903687,4,sentence-transformers/all-MiniLM-L6-v2,0.2832804322242737,4,,pending,
performance,uncertain,"A term statistically associated with abilities, increases, award, fantastic. Selected corpus use: project plan; alternative contexts: peripheral, network connection.",critique_revision,project_plan,mixedbread-ai/mxbai-embed-large-v1,0.552465558052063,1,sentence-transformers/all-MiniLM-L6-v2,0.3545186519622803,2,,pending,
friendly,uncertain,"A term statistically associated with vegetarian, kid, family, sausage. Selected corpus use: feature ideas; alternative contexts: event plan, small project.",brainstorming_creativity,feature_ideas,mixedbread-ai/mxbai-embed-large-v1,0.5534635186195374,1,sentence-transformers/all-MiniLM-L6-v2,0.08629433810710907,2,,pending,
heavier,uncertain,"A term statistically associated with strings, iron, pound, grey. Selected corpus use: lesson activity; alternative contexts: learning plan, peripheral.",brainstorming_creativity,lesson_activity,mixedbread-ai/mxbai-embed-large-v1,0.5540220737457275,6,sentence-transformers/all-MiniLM-L6-v2,,,,pending,
said,uncertain,"A term statistically associated with asked, looked, mom, voice. Selected corpus use: schedule math; alternative contexts: network connection, learning plan.",reasoning_verification,schedule_math,mixedbread-ai/mxbai-embed-large-v1,0.5543841123580933,1,sentence-transformers/all-MiniLM-L6-v2,0.10615384578704834,1,,pending,
particular,uncertain,"A term statistically associated with seem, seen, origin, cloth. Selected corpus use: inventory record; alternative contexts: learning plan, small project.",extraction_classification,inventory_record,mixedbread-ai/mxbai-embed-large-v1,0.5546240210533142,1,sentence-transformers/all-MiniLM-L6-v2,0.15841375291347504,2,,pending,
usually,uncertain,"A term statistically associated with often, schools, inches, simply. Selected corpus use: shopping arithmetic; alternative contexts: small project, network connection.",reasoning_verification,shopping_arithmetic,mixedbread-ai/mxbai-embed-large-v1,0.5546586513519287,1,sentence-transformers/all-MiniLM-L6-v2,0.12186972051858902,1,,pending,
passive,uncertain,"A term statistically associated with income, slow, earn, initial. Selected corpus use: outreach; alternative contexts: physical safety, privacy security.",brainstorming_creativity,outreach,mixedbread-ai/mxbai-embed-large-v1,0.5548305511474609,6,sentence-transformers/all-MiniLM-L6-v2,,,,pending,
anime,uncertain,"A term statistically associated with chapters, characters, girls, art. Selected corpus use: writing prompts; alternative contexts: meeting notes, project update.",brainstorming_creativity,writing_prompts,mixedbread-ai/mxbai-embed-large-v1,0.5553352236747742,2,sentence-transformers/all-MiniLM-L6-v2,0.2985687255859375,2,,pending,
else,uncertain,"A term statistically associated with someone, anyone, everyone, something. Selected corpus use: outreach; alternative contexts: small project, purchase decision.",brainstorming_creativity,outreach,mixedbread-ai/mxbai-embed-large-v1,0.5554787516593933,3,sentence-transformers/all-MiniLM-L6-v2,0.10318367183208466,4,,pending,
heavy,uncertain,"A term statistically associated with rain, cream, metal, light. Selected corpus use: policy memo; alternative contexts: small project, learning plan.",summarization_synthesis,policy_memo,mixedbread-ai/mxbai-embed-large-v1,0.5556325316429138,2,sentence-transformers/all-MiniLM-L6-v2,0.128269761800766,1,,pending,
successful,uncertain,"A term statistically associated with rewards, athletes, career, history. Selected corpus use: personal finance; alternative contexts: small project, learning plan.",explanation_learning,personal_finance,mixedbread-ai/mxbai-embed-large-v1,0.5557022094726562,4,sentence-transformers/all-MiniLM-L6-v2,0.20324622094631195,4,,pending,
invention,uncertain,"A term statistically associated with credited, popcorn, patent, steam. Selected corpus use: proportions; alternative contexts: learning plan, travel plan.",reasoning_verification,proportions,mixedbread-ai/mxbai-embed-large-v1,0.5557228326797485,6,sentence-transformers/all-MiniLM-L6-v2,0.2577340304851532,5,,pending,
covered,uncertain,"A term statistically associated with snow, insurance, fur, chocolate. Selected corpus use: research notes; alternative contexts: small project, travel plan.",summarization_synthesis,research_notes,mixedbread-ai/mxbai-embed-large-v1,0.5560914278030396,2,sentence-transformers/all-MiniLM-L6-v2,0.20953835546970367,2,,pending,
often,uncertain,"A term statistically associated with referred, used, usually, people. Selected corpus use: low cost activity; alternative contexts: learning plan, small project.",brainstorming_creativity,low_cost_activity,mixedbread-ai/mxbai-embed-large-v1,0.5561208128929138,1,sentence-transformers/all-MiniLM-L6-v2,0.11427709460258484,1,,pending,
attempts,uncertain,"A term statistically associated with offense, foreign, prove, despite. Selected corpus use: instructions; alternative contexts: peripheral, learning plan.",critique_revision,instructions,mixedbread-ai/mxbai-embed-large-v1,0.5564106106758118,1,sentence-transformers/all-MiniLM-L6-v2,0.24664095044136047,2,,pending,
heading,uncertain,"A term statistically associated with wrapped, wind, station, traveling. Selected corpus use: appointments; alternative contexts: email, support reply.",practical_action,appointments,mixedbread-ai/mxbai-embed-large-v1,0.5565767884254456,6,sentence-transformers/all-MiniLM-L6-v2,0.21597909927368164,1,,pending,
dishes,uncertain,"A term statistically associated with pies, potatoes, cuisine, vegan. Selected corpus use: computing; alternative contexts: small project, learning plan.",explanation_learning,computing,mixedbread-ai/mxbai-embed-large-v1,0.556652843952179,1,sentence-transformers/all-MiniLM-L6-v2,0.3368065655231476,1,,pending,
coach,uncertain,"A term statistically associated with head, football, basketball, college. Selected corpus use: proportions; alternative contexts: learning plan, small project.",reasoning_verification,proportions,mixedbread-ai/mxbai-embed-large-v1,0.5571147799491882,1,sentence-transformers/all-MiniLM-L6-v2,0.22208648920059204,1,,pending,
medicine,uncertain,"A term statistically associated with physician, surgery, medical, professor. Selected corpus use: inventory record; alternative contexts: financial decision, physical safety.",extraction_classification,inventory_record,mixedbread-ai/mxbai-embed-large-v1,0.5572900772094727,2,sentence-transformers/all-MiniLM-L6-v2,0.4040103554725647,2,,pending,
pink,uncertain,"A term statistically associated with blue, orange, colors, purple. Selected corpus use: research notes; alternative contexts: event plan, peripheral.",summarization_synthesis,research_notes,mixedbread-ai/mxbai-embed-large-v1,0.5573103427886963,4,sentence-transformers/all-MiniLM-L6-v2,0.4284215569496155,3,,pending,
custom,uncertain,"A term statistically associated with eggs, printed, signature, artwork. Selected corpus use: appointments; alternative contexts: small project, network connection.",practical_action,appointments,mixedbread-ai/mxbai-embed-large-v1,0.5576545000076294,4,sentence-transformers/all-MiniLM-L6-v2,0.2672120928764343,11,,pending,
bad,uncertain,"A term statistically associated with smells, breaking, luck, blood. Selected corpus use: schedule math; alternative contexts: peripheral, network connection.",reasoning_verification,schedule_math,mixedbread-ai/mxbai-embed-large-v1,0.5578484535217285,1,sentence-transformers/all-MiniLM-L6-v2,0.09826765209436417,2,,pending,
ten,uncertain,"A term statistically associated with years, top, minutes, ranked. Selected corpus use: writing prompts; alternative contexts: learning plan, purchase decision.",brainstorming_creativity,writing_prompts,mixedbread-ai/mxbai-embed-large-v1,0.557864785194397,6,sentence-transformers/all-MiniLM-L6-v2,0.17072731256484985,5,,pending,
incredible,uncertain,"A term statistically associated with amazing, views, springs, vibrant. Selected corpus use: schedule math; alternative contexts: loss disappointment, work stress.",reasoning_verification,schedule_math,mixedbread-ai/mxbai-embed-large-v1,0.5578721761703491,2,sentence-transformers/all-MiniLM-L6-v2,0.20081093907356262,2,,pending,
lions,uncertain,"A term statistically associated with tigers, prey, hunting, zoo. Selected corpus use: support reply; alternative contexts: web form, network connection.",writing_transformation,support_reply,mixedbread-ai/mxbai-embed-large-v1,0.558302640914917,1,sentence-transformers/all-MiniLM-L6-v2,0.3093583881855011,1,,pending,
likely,uncertain,"A term statistically associated with unlikely, less, you'll, candidates. Selected corpus use: low cost activity; alternative contexts: small project, learning plan.",brainstorming_creativity,low_cost_activity,mixedbread-ai/mxbai-embed-large-v1,0.5588303804397583,1,sentence-transformers/all-MiniLM-L6-v2,0.09780383110046387,1,,pending,
gifts,uncertain,"A term statistically associated with gift, mother's, paragraph, gods. Selected corpus use: computing; alternative contexts: media literacy, physical science.",explanation_learning,computing,mixedbread-ai/mxbai-embed-large-v1,0.5589452981948853,1,sentence-transformers/all-MiniLM-L6-v2,0.30418387055397034,1,,pending,
old,uncertain,"A term statistically associated with year, years, man, young. Selected corpus use: technical explanation; alternative contexts: network connection, learning plan.",writing_transformation,technical_explanation,mixedbread-ai/mxbai-embed-large-v1,0.5593701601028442,1,sentence-transformers/all-MiniLM-L6-v2,0.28850340843200684,2,,pending,
attending,uncertain,"A term statistically associated with school, college, students, quit. Selected corpus use: email draft; alternative contexts: event plan, learning plan.",critique_revision,email_draft,mixedbread-ai/mxbai-embed-large-v1,0.5594925880432129,4,sentence-transformers/all-MiniLM-L6-v2,0.32966482639312744,5,,pending,
future,uncertain,"A term statistically associated with generations, past, humanity, company's. Selected corpus use: feature ideas; alternative contexts: travel plan, learning plan.",brainstorming_creativity,feature_ideas,mixedbread-ai/mxbai-embed-large-v1,0.5595351457595825,2,sentence-transformers/all-MiniLM-L6-v2,0.27839773893356323,2,,pending,
gets,uncertain,"A term statistically associated with day, sometime, runs, get. Selected corpus use: loss disappointment; alternative contexts: small project, learning plan.",conversation_empathy,loss_disappointment,mixedbread-ai/mxbai-embed-large-v1,0.5597547888755798,1,sentence-transformers/all-MiniLM-L6-v2,0.2240886688232422,1,,pending,
helped,uncertain,"A term statistically associated with reform, offered, character, fund. Selected corpus use: low cost activity; alternative contexts: learning plan, travel plan.",brainstorming_creativity,low_cost_activity,mixedbread-ai/mxbai-embed-large-v1,0.5597577095031738,1,sentence-transformers/all-MiniLM-L6-v2,0.08568805456161499,2,,pending,
extended,uncertain,"A term statistically associated with periods, occasion, obtained, extension. Selected corpus use: schedule entry; alternative contexts: event plan, small project.",extraction_classification,schedule_entry,mixedbread-ai/mxbai-embed-large-v1,0.5598937273025513,1,sentence-transformers/all-MiniLM-L6-v2,0.27766352891921997,1,,pending,
beautiful,uncertain,"A term statistically associated with beaches, scenery, scenic, enjoy. Selected corpus use: interface copy; alternative contexts: learning plan, small project.",critique_revision,interface_copy,mixedbread-ai/mxbai-embed-large-v1,0.5601539611816406,3,sentence-transformers/all-MiniLM-L6-v2,0.1586826890707016,3,,pending,
mystery,uncertain,"A term statistically associated with romance, fantasy, fiction, thriller. Selected corpus use: meeting notes; alternative contexts: learning plan, purchase decision.",writing_transformation,meeting_notes,mixedbread-ai/mxbai-embed-large-v1,0.5603317618370056,1,sentence-transformers/all-MiniLM-L6-v2,0.20161999762058258,3,,pending,
rated,uncertain,"A term statistically associated with top, highly, player, restaurants. Selected corpus use: event listing; alternative contexts: purchase decision, small project.",extraction_classification,event_listing,mixedbread-ai/mxbai-embed-large-v1,0.5606926679611206,7,sentence-transformers/all-MiniLM-L6-v2,,,,pending,
red,uncertain,"A term statistically associated with yellow, green, purple, blue. Selected corpus use: proportions; alternative contexts: network connection, peripheral.",reasoning_verification,proportions,mixedbread-ai/mxbai-embed-large-v1,0.5609560012817383,2,sentence-transformers/all-MiniLM-L6-v2,0.3532413840293884,1,,pending,
summer,uncertain,"A term statistically associated with winter, spring, holiday, ends. Selected corpus use: timeline ambiguity; alternative contexts: small project, learning plan.",context_clarification,timeline_ambiguity,mixedbread-ai/mxbai-embed-large-v1,0.5609688758850098,1,sentence-transformers/all-MiniLM-L6-v2,0.4300788342952728,1,,pending,
decades,uncertain,"A term statistically associated with spanning, past, subsequent, career. Selected corpus use: proportions; alternative contexts: network connection, learning plan.",reasoning_verification,proportions,mixedbread-ai/mxbai-embed-large-v1,0.5613062381744385,2,sentence-transformers/all-MiniLM-L6-v2,0.3358114957809448,1,,pending,
four,uncertain,"A term statistically associated with six, equals, awards, three. Selected corpus use: research notes; alternative contexts: network connection, incident log.",summarization_synthesis,research_notes,mixedbread-ai/mxbai-embed-large-v1,0.5615656971931458,1,sentence-transformers/all-MiniLM-L6-v2,0.2923901081085205,1,,pending,
flying,uncertain,"A term statistically associated with moves, bug, plane, aircraft. Selected corpus use: incident log; alternative contexts: small project, travel plan.",summarization_synthesis,incident_log,mixedbread-ai/mxbai-embed-large-v1,0.5620370507240295,1,sentence-transformers/all-MiniLM-L6-v2,0.368697851896286,2,,pending,
bacteria,uncertain,"A term statistically associated with fever, acid, promotes, compounds. Selected corpus use: email draft; alternative contexts: network connection, software install.",critique_revision,email_draft,mixedbread-ai/mxbai-embed-large-v1,0.5622339248657227,4,sentence-transformers/all-MiniLM-L6-v2,0.2791905403137207,2,,pending,
lonely,uncertain,"A term statistically associated with respond, alone, band, club. Selected corpus use: achievement; alternative contexts: peripheral, network connection.",conversation_empathy,achievement,mixedbread-ai/mxbai-embed-large-v1,0.5622595548629761,1,sentence-transformers/all-MiniLM-L6-v2,0.2597630023956299,1,,pending,
scenes,uncertain,"A term statistically associated with gravity, movie, fight, emotional. Selected corpus use: email draft; alternative contexts: peripheral, life science.",critique_revision,email_draft,mixedbread-ai/mxbai-embed-large-v1,0.5622732639312744,8,sentence-transformers/all-MiniLM-L6-v2,,,,pending,
hot,uncertain,"A term statistically associated with springs, cold, dogs, fries. Selected corpus use: low cost activity; alternative contexts: small project, event plan.",brainstorming_creativity,low_cost_activity,mixedbread-ai/mxbai-embed-large-v1,0.5623067617416382,1,sentence-transformers/all-MiniLM-L6-v2,0.1950484663248062,1,,pending,
feel,uncertain,"A term statistically associated with comfortable, don't, it's, tired. Selected corpus use: lesson activity; alternative contexts: work stress, uncertain change.",brainstorming_creativity,lesson_activity,mixedbread-ai/mxbai-embed-large-v1,0.5624226927757263,5,sentence-transformers/all-MiniLM-L6-v2,0.2256956398487091,5,,pending,
told,uncertain,"A term statistically associated with didn't, asked, wanted, story. Selected corpus use: writing prompts; alternative contexts: small project, purchase decision.",brainstorming_creativity,writing_prompts,mixedbread-ai/mxbai-embed-large-v1,0.5629234910011292,4,sentence-transformers/all-MiniLM-L6-v2,0.20940977334976196,3,,pending,
exposure,uncertain,"A term statistically associated with chemicals, radiation, sun, factors. Selected corpus use: incident log; alternative contexts: network connection, peripheral.",summarization_synthesis,incident_log,mixedbread-ai/mxbai-embed-large-v1,0.5631005764007568,1,sentence-transformers/all-MiniLM-L6-v2,0.40791481733322144,1,,pending,
live,uncertain,"A term statistically associated with streaming, performances, stream, music. Selected corpus use: incident log; alternative contexts: small project, learning plan.",summarization_synthesis,incident_log,mixedbread-ai/mxbai-embed-large-v1,0.5632281303405762,1,sentence-transformers/all-MiniLM-L6-v2,0.06255058944225311,1,,pending,
hours,uncertain,"A term statistically associated with minutes, sleep, day, daylight. Selected corpus use: data pipeline; alternative contexts: learning plan, small project.",troubleshooting,data_pipeline,mixedbread-ai/mxbai-embed-large-v1,0.5632385015487671,6,sentence-transformers/all-MiniLM-L6-v2,,,,pending,
restaurant,uncertain,"A term statistically associated with food, menu, fast, burger. Selected corpus use: writing prompts; alternative contexts: small project, travel plan.",brainstorming_creativity,writing_prompts,mixedbread-ai/mxbai-embed-large-v1,0.5633400678634644,2,sentence-transformers/all-MiniLM-L6-v2,0.39754730463027954,3,,pending,
captain,uncertain,"A term statistically associated with iron, man, ship, crew. Selected corpus use: names; alternative contexts: learning plan, event plan.",brainstorming_creativity,names,mixedbread-ai/mxbai-embed-large-v1,0.5635013580322266,1,sentence-transformers/all-MiniLM-L6-v2,0.29379940032958984,1,,pending,
beginning,uncertain,"A term statistically associated with story, dawn, morning, days. Selected corpus use: project update; alternative contexts: learning plan, small project.",writing_transformation,project_update,mixedbread-ai/mxbai-embed-large-v1,0.5636141300201416,4,sentence-transformers/all-MiniLM-L6-v2,0.17683476209640503,5,,pending,
discuss,uncertain,"A term statistically associated with challenges, weekly, potential, future. Selected corpus use: instructions; alternative contexts: learning plan, purchase decision.",critique_revision,instructions,mixedbread-ai/mxbai-embed-large-v1,0.56462562084198,1,sentence-transformers/all-MiniLM-L6-v2,0.2634032964706421,1,,pending,
intake,uncertain,"A term statistically associated with caffeine, drinking, beverages, daily. Selected corpus use: sequence pattern; alternative contexts: small project, purchase decision.",reasoning_verification,sequence_pattern,mixedbread-ai/mxbai-embed-large-v1,0.5649453401565552,7,sentence-transformers/all-MiniLM-L6-v2,0.24849310517311096,4,,pending,
built,uncertain,"A term statistically associated with pyramid, house, railway, buildings. Selected corpus use: low cost activity; alternative contexts: network connection, small project.",brainstorming_creativity,low_cost_activity,mixedbread-ai/mxbai-embed-large-v1,0.5652697086334229,2,sentence-transformers/all-MiniLM-L6-v2,0.20903486013412476,4,,pending,
voted,uncertain,"A term statistically associated with vote, house, percent, writers. Selected corpus use: timeline ambiguity; alternative contexts: web form, network connection.",context_clarification,timeline_ambiguity,mixedbread-ai/mxbai-embed-large-v1,0.5657745003700256,1,sentence-transformers/all-MiniLM-L6-v2,0.16248124837875366,1,,pending,
savings,uncertain,"A term statistically associated with daylight, accounts, money, expenses. Selected corpus use: inventory record; alternative contexts: learning plan, travel plan.",extraction_classification,inventory_record,mixedbread-ai/mxbai-embed-large-v1,0.5657898187637329,1,sentence-transformers/all-MiniLM-L6-v2,0.3271682858467102,3,,pending,
positions,uncertain,"A term statistically associated with defensive, executive, held, hiring. Selected corpus use: logical constraints; alternative contexts: small project, learning plan.",reasoning_verification,logical_constraints,mixedbread-ai/mxbai-embed-large-v1,0.5658495426177979,3,sentence-transformers/all-MiniLM-L6-v2,0.3016221821308136,2,,pending,
love,uncertain,"A term statistically associated with romantic, kind, much, fell. Selected corpus use: technical explanation; alternative contexts: small project, learning plan.",writing_transformation,technical_explanation,mixedbread-ai/mxbai-embed-large-v1,0.5658934712409973,2,sentence-transformers/all-MiniLM-L6-v2,0.24434490501880646,2,,pending,
performing,uncertain,"A term statistically associated with arts, tricks, muscles, venues. Selected corpus use: proportions; alternative contexts: network connection, peripheral.",reasoning_verification,proportions,mixedbread-ai/mxbai-embed-large-v1,0.5659731030464172,1,sentence-transformers/all-MiniLM-L6-v2,0.42415904998779297,2,,pending,
flash,uncertain,"A term statistically associated with fiction, wonder, superhero, photography. Selected corpus use: science passage; alternative contexts: physical science, network connection.",grounded_qa,science_passage,mixedbread-ai/mxbai-embed-large-v1,0.5666809678077698,1,sentence-transformers/all-MiniLM-L6-v2,0.224471315741539,1,,pending,
real,uncertain,"A term statistically associated with estate, reality, world, fictional. Selected corpus use: inventory record; alternative contexts: data pipeline, file sync.",extraction_classification,inventory_record,mixedbread-ai/mxbai-embed-large-v1,0.5667934417724609,1,sentence-transformers/all-MiniLM-L6-v2,0.10219272971153259,2,,pending,
widely,uncertain,"A term statistically associated with regarded, greatest, used, spoken. Selected corpus use: timeline ambiguity; alternative contexts: web form, file sync.",context_clarification,timeline_ambiguity,mixedbread-ai/mxbai-embed-large-v1,0.567196786403656,1,sentence-transformers/all-MiniLM-L6-v2,0.23943158984184265,1,,pending,
hammer,uncertain,"A term statistically associated with nails, tool, strings, nail. Selected corpus use: incident log; alternative contexts: small project, learning plan.",summarization_synthesis,incident_log,mixedbread-ai/mxbai-embed-large-v1,0.5672038793563843,1,sentence-transformers/all-MiniLM-L6-v2,0.3477586507797241,1,,pending,
spent,uncertain,"A term statistically associated with days, years, fuel, money. Selected corpus use: schedule entry; alternative contexts: small project, learning plan.",extraction_classification,schedule_entry,mixedbread-ai/mxbai-embed-large-v1,0.5673552751541138,1,sentence-transformers/all-MiniLM-L6-v2,0.23456966876983643,1,,pending,
parents,uncertain,"A term statistically associated with children, teachers, siblings, kids. Selected corpus use: low cost activity; alternative contexts: learning plan, small project.",brainstorming_creativity,low_cost_activity,mixedbread-ai/mxbai-embed-large-v1,0.5673947930335999,1,sentence-transformers/all-MiniLM-L6-v2,0.34399959444999695,1,,pending,
lasts,uncertain,"A term statistically associated with lesser, inflammation, forever, hours. Selected corpus use: incident log; alternative contexts: peripheral, data pipeline.",summarization_synthesis,incident_log,mixedbread-ai/mxbai-embed-large-v1,0.5675832033157349,1,sentence-transformers/all-MiniLM-L6-v2,0.15838783979415894,1,,pending,
cultures,uncertain,"A term statistically associated with ancient, objects, certain, earliest. Selected corpus use: instructions; alternative contexts: learning plan, travel plan.",critique_revision,instructions,mixedbread-ai/mxbai-embed-large-v1,0.5678737163543701,1,sentence-transformers/all-MiniLM-L6-v2,0.3164083957672119,4,,pending,
invasion,uncertain,"A term statistically associated with alien, war, battle, allies. Selected corpus use: support reply; alternative contexts: network connection, web form.",writing_transformation,support_reply,mixedbread-ai/mxbai-embed-large-v1,0.5680103302001953,2,sentence-transformers/all-MiniLM-L6-v2,0.3511057496070862,2,,pending,
proper,uncertain,"A term statistically associated with city, nutrition, ensure, extremely. Selected corpus use: instructions; alternative contexts: learning plan, small project.",critique_revision,instructions,mixedbread-ai/mxbai-embed-large-v1,0.5683068037033081,1,sentence-transformers/all-MiniLM-L6-v2,0.2148929238319397,2,,pending,
tried,uncertain,"A term statistically associated with didn't, arrested, fell, turned. Selected corpus use: schedule math; alternative contexts: small project, learning plan.",reasoning_verification,schedule_math,mixedbread-ai/mxbai-embed-large-v1,0.5687853097915649,1,sentence-transformers/all-MiniLM-L6-v2,0.10508816689252853,1,,pending,
parking,uncertain,"A term statistically associated with garage, lot, car, spot. Selected corpus use: technical explanation; alternative contexts: small project, event plan.",writing_transformation,technical_explanation,mixedbread-ai/mxbai-embed-large-v1,0.5688148140907288,9,sentence-transformers/all-MiniLM-L6-v2,0.3815239369869232,5,,pending,
cancer,uncertain,"A term statistically associated with liver, kidney, disease, breast. Selected corpus use: proportions; alternative contexts: medical information, physical safety.",reasoning_verification,proportions,mixedbread-ai/mxbai-embed-large-v1,0.569291353225708,3,sentence-transformers/all-MiniLM-L6-v2,0.28184789419174194,2,,pending,
payment,uncertain,"A term statistically associated with loan, funds, monthly, credit. Selected corpus use: data pipeline; alternative contexts: purchase decision, small project.",troubleshooting,data_pipeline,mixedbread-ai/mxbai-embed-large-v1,0.5697377920150757,5,sentence-transformers/all-MiniLM-L6-v2,0.3710930347442627,3,,pending,
holes,uncertain,"A term statistically associated with black, physics, mass, hole. Selected corpus use: project plan; alternative contexts: physical safety, subscriptions.",critique_revision,project_plan,mixedbread-ai/mxbai-embed-large-v1,0.5697969198226929,6,sentence-transformers/all-MiniLM-L6-v2,,,,pending,
downtown,uncertain,"A term statistically associated with mall, street, restaurants, located. Selected corpus use: workflow; alternative contexts: home repair, loss disappointment.",brainstorming_creativity,workflow,mixedbread-ai/mxbai-embed-large-v1,0.5701490640640259,4,sentence-transformers/all-MiniLM-L6-v2,0.40475404262542725,3,,pending,
nervous,uncertain,"A term statistically associated with excited, hands, circles, breathing. Selected corpus use: timeline ambiguity; alternative contexts: network connection, support reply.",context_clarification,timeline_ambiguity,mixedbread-ai/mxbai-embed-large-v1,0.5701613426208496,2,sentence-transformers/all-MiniLM-L6-v2,0.35390686988830566,1,,pending,
lay,uncertain,"A term statistically associated with eggs, chickens, bed, female. Selected corpus use: incident log; alternative contexts: software install, peripheral.",summarization_synthesis,incident_log,mixedbread-ai/mxbai-embed-large-v1,0.5703957080841064,1,sentence-transformers/all-MiniLM-L6-v2,0.17755845189094543,1,,pending,
celebrity,uncertain,"A term statistically associated with greatest, guest, artists, artist. Selected corpus use: timeline ambiguity; alternative contexts: learning plan, travel plan.",context_clarification,timeline_ambiguity,mixedbread-ai/mxbai-embed-large-v1,0.5705541372299194,1,sentence-transformers/all-MiniLM-L6-v2,0.2986319065093994,1,,pending,
rings,uncertain,"A term statistically associated with ring, fiction, books, tree. Selected corpus use: research notes; alternative contexts: learning plan, small project.",summarization_synthesis,research_notes,mixedbread-ai/mxbai-embed-large-v1,0.5705814361572266,5,sentence-transformers/all-MiniLM-L6-v2,0.3634682893753052,10,,pending,
laws,uncertain,"A term statistically associated with motion, branch, regulations, law. Selected corpus use: simple probability; alternative contexts: learning plan, purchase decision.",reasoning_verification,simple_probability,mixedbread-ai/mxbai-embed-large-v1,0.5706515908241272,2,sentence-transformers/all-MiniLM-L6-v2,0.3843023180961609,3,,pending,
multi,uncertain,"A term statistically associated with hundreds, continues, platinum, platform. Selected corpus use: computing; alternative contexts: network connection, data literacy.",explanation_learning,computing,mixedbread-ai/mxbai-embed-large-v1,0.5712671279907227,3,sentence-transformers/all-MiniLM-L6-v2,0.2767181098461151,4,,pending,
individuals,uncertain,"A term statistically associated with differently, businesses, groups, tax. Selected corpus use: low cost activity; alternative contexts: small project, privacy security.",brainstorming_creativity,low_cost_activity,mixedbread-ai/mxbai-embed-large-v1,0.5713083744049072,2,sentence-transformers/all-MiniLM-L6-v2,0.2717844843864441,1,,pending,
father,uncertain,"A term statistically associated with mother, son, brother, grandfather. Selected corpus use: proportions; alternative contexts: network connection, small project.",reasoning_verification,proportions,mixedbread-ai/mxbai-embed-large-v1,0.5718361735343933,1,sentence-transformers/all-MiniLM-L6-v2,0.39041978120803833,1,,pending,
figure,uncertain,"A term statistically associated with former, figures, religious, prominent. Selected corpus use: data pipeline; alternative contexts: learning plan, small project.",troubleshooting,data_pipeline,mixedbread-ai/mxbai-embed-large-v1,0.5718505382537842,6,sentence-transformers/all-MiniLM-L6-v2,,,,pending,
increased,uncertain,"A term statistically associated with age, decreased, training, increase. Selected corpus use: data pipeline; alternative contexts: peripheral, purchase decision.",troubleshooting,data_pipeline,mixedbread-ai/mxbai-embed-large-v1,0.571880578994751,3,sentence-transformers/all-MiniLM-L6-v2,0.2414509356021881,1,,pending,
etc,uncertain,"A term statistically associated with food, shoes, doors, things. Selected corpus use: physical science; alternative contexts: small project, peripheral.",explanation_learning,physical_science,mixedbread-ai/mxbai-embed-large-v1,0.5720167756080627,1,sentence-transformers/all-MiniLM-L6-v2,0.12242519110441208,1,,pending,
bit,uncertain,"A term statistically associated with little, drill, quite, you're. Selected corpus use: inventory record; alternative contexts: small project, learning plan.",extraction_classification,inventory_record,mixedbread-ai/mxbai-embed-large-v1,0.572598934173584,1,sentence-transformers/all-MiniLM-L6-v2,0.17364269495010376,1,,pending,
deal,uncertain,"A term statistically associated with big, contract, signed, great. Selected corpus use: instructions; alternative contexts: peripheral, small project.",critique_revision,instructions,mixedbread-ai/mxbai-embed-large-v1,0.5726627707481384,1,sentence-transformers/all-MiniLM-L6-v2,0.11204753816127777,2,,pending,
reports,uncertain,"A term statistically associated with reporting, according, news, instant. Selected corpus use: low cost activity; alternative contexts: small project, privacy security.",brainstorming_creativity,low_cost_activity,mixedbread-ai/mxbai-embed-large-v1,0.5727179050445557,2,sentence-transformers/all-MiniLM-L6-v2,0.4846574664115906,6,,pending,
might,uncertain,"A term statistically associated with think, something, enjoy, don't. Selected corpus use: writing prompts; alternative contexts: learning plan, small project.",brainstorming_creativity,writing_prompts,mixedbread-ai/mxbai-embed-large-v1,0.5727380514144897,2,sentence-transformers/all-MiniLM-L6-v2,0.11604603379964828,2,,pending,
salmon,uncertain,"A term statistically associated with tuna, fatty, pork, rice. Selected corpus use: workflow; alternative contexts: software install, web form.",brainstorming_creativity,workflow,mixedbread-ai/mxbai-embed-large-v1,0.573082685470581,9,sentence-transformers/all-MiniLM-L6-v2,,,,pending,
influential,uncertain,"A term statistically associated with regarded, band, rock, widely. Selected corpus use: timeline ambiguity; alternative contexts: learning plan, purchase decision.",context_clarification,timeline_ambiguity,mixedbread-ai/mxbai-embed-large-v1,0.5732005834579468,1,sentence-transformers/all-MiniLM-L6-v2,0.22169169783592224,1,,pending,
stronger,uncertain,"A term statistically associated with muscles, harder, muscle, posture. Selected corpus use: low cost activity; alternative contexts: travel plan, learning plan.",brainstorming_creativity,low_cost_activity,mixedbread-ai/mxbai-embed-large-v1,0.5733075141906738,2,sentence-transformers/all-MiniLM-L6-v2,0.17696520686149597,6,,pending,
wake,uncertain,"A term statistically associated with morning, sleep, asleep, clock. Selected corpus use: schedule entry; alternative contexts: small project, learning plan.",extraction_classification,schedule_entry,mixedbread-ai/mxbai-embed-large-v1,0.5739291906356812,1,sentence-transformers/all-MiniLM-L6-v2,0.37241822481155396,1,,pending,
music,uncertain,"A term statistically associated with folk, pop, awards, classical. Selected corpus use: writing prompts; alternative contexts: learning plan, network connection.",brainstorming_creativity,writing_prompts,mixedbread-ai/mxbai-embed-large-v1,0.5744137763977051,4,sentence-transformers/all-MiniLM-L6-v2,0.2730751037597656,2,,pending,
happening,uncertain,"A term statistically associated with happened, boats, weekend, there's. Selected corpus use: learning notes; alternative contexts: peripheral, software install.",summarization_synthesis,learning_notes,mixedbread-ai/mxbai-embed-large-v1,0.5747817754745483,1,sentence-transformers/all-MiniLM-L6-v2,0.1828235387802124,1,,pending,
caused,uncertain,"A term statistically associated with damage, earthquake, pollution, disease. Selected corpus use: instructions; alternative contexts: peripheral, network connection.",critique_revision,instructions,mixedbread-ai/mxbai-embed-large-v1,0.5748181939125061,5,sentence-transformers/all-MiniLM-L6-v2,0.2978169023990631,4,,pending,
found,uncertain,"A term statistically associated with species, kitchen, guilty, habitats. Selected corpus use: low cost activity; alternative contexts: small project, purchase decision.",brainstorming_creativity,low_cost_activity,mixedbread-ai/mxbai-embed-large-v1,0.5750898718833923,2,sentence-transformers/all-MiniLM-L6-v2,0.1796448677778244,2,,pending,
bars,uncertain,"A term statistically associated with restaurants, chocolate, cookies, shops. Selected corpus use: low cost activity; alternative contexts: travel plan, learning plan.",brainstorming_creativity,low_cost_activity,mixedbread-ai/mxbai-embed-large-v1,0.5754010081291199,2,sentence-transformers/all-MiniLM-L6-v2,0.2211732566356659,3,,pending,
bulldog,uncertain,"A term statistically associated with dog, cat, dogs, friendly. Selected corpus use: project plan; alternative contexts: email, support reply.",critique_revision,project_plan,mixedbread-ai/mxbai-embed-large-v1,0.5759984254837036,3,sentence-transformers/all-MiniLM-L6-v2,0.33749812841415405,5,,pending,
luck,uncertain,"A term statistically associated with wish, bad, ward, rounds. Selected corpus use: shopping arithmetic; alternative contexts: data pipeline, network connection.",reasoning_verification,shopping_arithmetic,mixedbread-ai/mxbai-embed-large-v1,0.5763640403747559,1,sentence-transformers/all-MiniLM-L6-v2,0.15763366222381592,1,,pending,
dead,uncertain,"A term statistically associated with alive, battery, sea, man. Selected corpus use: project update; alternative contexts: network connection, small project.",writing_transformation,project_update,mixedbread-ai/mxbai-embed-large-v1,0.5764806270599365,2,sentence-transformers/all-MiniLM-L6-v2,0.16371706128120422,3,,pending,
autumn,uncertain,"A term statistically associated with spring, winter, seasons, sets. Selected corpus use: schedule entry; alternative contexts: event plan, learning plan.",extraction_classification,schedule_entry,mixedbread-ai/mxbai-embed-large-v1,0.5765546560287476,2,sentence-transformers/all-MiniLM-L6-v2,0.4398448169231415,2,,pending,
finding,uncertain,"A term statistically associated with toy, monsters, sorted, story. Selected corpus use: instructions; alternative contexts: small project, travel plan.",critique_revision,instructions,mixedbread-ai/mxbai-embed-large-v1,0.576565146446228,1,sentence-transformers/all-MiniLM-L6-v2,0.1824890524148941,3,,pending,
encouraged,uncertain,"A term statistically associated with hire, employees, fiction, encourage. Selected corpus use: air travel; alternative contexts: event plan, small project.",practical_action,air_travel,mixedbread-ai/mxbai-embed-large-v1,0.5767685174942017,4,sentence-transformers/all-MiniLM-L6-v2,0.20850351452827454,1,,pending,
investors,uncertain,"A term statistically associated with stock, stocks, market, shares. Selected corpus use: low cost activity; alternative contexts: learning plan, financial decision.",brainstorming_creativity,low_cost_activity,mixedbread-ai/mxbai-embed-large-v1,0.576869010925293,2,sentence-transformers/all-MiniLM-L6-v2,0.4496270418167114,1,,pending,
cases,uncertain,"A term statistically associated with severe, hundreds, discovered, deaths. Selected corpus use: case note; alternative contexts: learning plan, purchase decision.",extraction_classification,case_note,mixedbread-ai/mxbai-embed-large-v1,0.5772097110748291,2,sentence-transformers/all-MiniLM-L6-v2,0.3132665157318115,7,,pending,
productivity,uncertain,"A term statistically associated with employees, increase, increased, increases. Selected corpus use: instructions; alternative contexts: purchase decision, learning plan.",critique_revision,instructions,mixedbread-ai/mxbai-embed-large-v1,0.5773019790649414,1,sentence-transformers/all-MiniLM-L6-v2,0.3911861777305603,1,,pending,
courses,uncertain,"A term statistically associated with golf, racing, certified, teaches. Selected corpus use: course enrolment; alternative contexts: learning plan, event plan.",practical_action,course_enrolment,mixedbread-ai/mxbai-embed-large-v1,0.5776644349098206,6,sentence-transformers/all-MiniLM-L6-v2,,,,pending,
teacher,uncertain,"A term statistically associated with students, grade, student, ballet. Selected corpus use: computing; alternative contexts: peripheral, network connection.",explanation_learning,computing,mixedbread-ai/mxbai-embed-large-v1,0.5791847705841064,2,sentence-transformers/all-MiniLM-L6-v2,0.30133503675460815,1,,pending,
increasingly,uncertain,"A term statistically associated with becoming, became, hostile, shift. Selected corpus use: interface copy; alternative contexts: learning plan, small project.",critique_revision,interface_copy,mixedbread-ai/mxbai-embed-large-v1,0.5795269012451172,2,sentence-transformers/all-MiniLM-L6-v2,0.4059985876083374,2,,pending,
period,uncertain,"A term statistically associated with lasted, sun, horizon, age. Selected corpus use: schedule entry; alternative contexts: learning plan, peripheral.",extraction_classification,schedule_entry,mixedbread-ai/mxbai-embed-large-v1,0.5798876285552979,3,sentence-transformers/all-MiniLM-L6-v2,0.2779749929904938,2,,pending,
sleep,uncertain,"A term statistically associated with night, bed, wake, hours. Selected corpus use: project plan; alternative contexts: small project, travel plan.",critique_revision,project_plan,mixedbread-ai/mxbai-embed-large-v1,0.5801599025726318,2,sentence-transformers/all-MiniLM-L6-v2,0.3942468464374542,3,,pending,
screen,uncertain,"A term statistically associated with display, inch, phone, awards. Selected corpus use: inventory record; alternative contexts: purchase decision, small project.",extraction_classification,inventory_record,mixedbread-ai/mxbai-embed-large-v1,0.5805259346961975,1,sentence-transformers/all-MiniLM-L6-v2,0.23497653007507324,1,,pending,
arrive,uncertain,"A term statistically associated with airport, hours, traveling, afternoon. Selected corpus use: inventory record; alternative contexts: learning plan, small project.",extraction_classification,inventory_record,mixedbread-ai/mxbai-embed-large-v1,0.5808795094490051,1,sentence-transformers/all-MiniLM-L6-v2,0.2089560329914093,2,,pending,
growing,uncertain,"A term statistically associated with fastest, rapidly, plants, soil. Selected corpus use: lesson activity; alternative contexts: learning plan, small project.",brainstorming_creativity,lesson_activity,mixedbread-ai/mxbai-embed-large-v1,0.5809860825538635,4,sentence-transformers/all-MiniLM-L6-v2,0.24854502081871033,1,,pending,
affected,uncertain,"A term statistically associated with treated, causing, actively, fever. Selected corpus use: incident log; alternative contexts: travel plan, small project.",summarization_synthesis,incident_log,mixedbread-ai/mxbai-embed-large-v1,0.5810989141464233,1,sentence-transformers/all-MiniLM-L6-v2,0.22374016046524048,1,,pending,
adventures,uncertain,"A term statistically associated with novels, sequel, series, adventure. Selected corpus use: lesson activity; alternative contexts: event plan, learning plan.",brainstorming_creativity,lesson_activity,mixedbread-ai/mxbai-embed-large-v1,0.5814068913459778,1,sentence-transformers/all-MiniLM-L6-v2,0.45364367961883545,2,,pending,
play,uncertain,"A term statistically associated with games, game, role, players. Selected corpus use: incident log; alternative contexts: learning plan, small project.",summarization_synthesis,incident_log,mixedbread-ai/mxbai-embed-large-v1,0.5814933776855469,2,sentence-transformers/all-MiniLM-L6-v2,0.3041471540927887,1,,pending,
justice,uncertain,"A term statistically associated with criminal, court, minister, chief. Selected corpus use: instructions; alternative contexts: network connection, small project.",critique_revision,instructions,mixedbread-ai/mxbai-embed-large-v1,0.5816906094551086,1,sentence-transformers/all-MiniLM-L6-v2,0.30547651648521423,11,,pending,
along,uncertain,"A term statistically associated with coast, river, electric, trail. Selected corpus use: support reply; alternative contexts: learning plan, small project.",writing_transformation,support_reply,mixedbread-ai/mxbai-embed-large-v1,0.5817360877990723,3,sentence-transformers/all-MiniLM-L6-v2,0.14467816054821014,5,,pending,
religion,uncertain,"A term statistically associated with philosophy, freedom, folk, religious. Selected corpus use: comparison table; alternative contexts: learning plan, technical explanation.",grounded_qa,comparison_table,mixedbread-ai/mxbai-embed-large-v1,0.5817488431930542,2,sentence-transformers/all-MiniLM-L6-v2,0.33662712574005127,2,,pending,
aged,uncertain,"A term statistically associated with middle, died, children, years. Selected corpus use: computing; alternative contexts: network connection, peripheral.",explanation_learning,computing,mixedbread-ai/mxbai-embed-large-v1,0.5822221636772156,3,sentence-transformers/all-MiniLM-L6-v2,0.37102586030960083,1,,pending,
responsibilities,uncertain,"A term statistically associated with job, role, ensure, specified. Selected corpus use: inventory record; alternative contexts: learning plan, small project.",extraction_classification,inventory_record,mixedbread-ai/mxbai-embed-large-v1,0.5823875069618225,1,sentence-transformers/all-MiniLM-L6-v2,0.3418041467666626,1,,pending,
cherry,uncertain,"A term statistically associated with tomatoes, flavors, orange, drink. Selected corpus use: schedule entry; alternative contexts: learning plan, small project.",extraction_classification,schedule_entry,mixedbread-ai/mxbai-embed-large-v1,0.5830715298652649,5,sentence-transformers/all-MiniLM-L6-v2,0.2658858001232147,1,,pending,
illness,uncertain,"A term statistically associated with severe, died, fever, injury. Selected corpus use: computing; alternative contexts: physical safety, file sync.",explanation_learning,computing,mixedbread-ai/mxbai-embed-large-v1,0.5830733776092529,5,sentence-transformers/all-MiniLM-L6-v2,0.43578606843948364,5,,pending,
thousand,uncertain,"A term statistically associated with hundred, dollars, nearly, paying. Selected corpus use: policy memo; alternative contexts: life science, peripheral.",summarization_synthesis,policy_memo,mixedbread-ai/mxbai-embed-large-v1,0.5845020413398743,5,sentence-transformers/all-MiniLM-L6-v2,0.33286577463150024,7,,pending,
accessible,uncertain,"A term statistically associated with easily, affordable, via, residents. Selected corpus use: account access; alternative contexts: privacy security, financial decision.",practical_action,account_access,mixedbread-ai/mxbai-embed-large-v1,0.5846626162528992,2,sentence-transformers/all-MiniLM-L6-v2,0.32565727829933167,2,,pending,
annual,uncertain,"A term statistically associated with festival, tournament, average, year. Selected corpus use: meeting transcript; alternative contexts: purchase decision, small project.",summarization_synthesis,meeting_transcript,mixedbread-ai/mxbai-embed-large-v1,0.5847377181053162,5,sentence-transformers/all-MiniLM-L6-v2,0.3437797427177429,3,,pending,
majority,uncertain,"A term statistically associated with vast, votes, ethnic, countries. Selected corpus use: outreach; alternative contexts: learning plan, purchase decision.",brainstorming_creativity,outreach,mixedbread-ai/mxbai-embed-large-v1,0.5850050449371338,6,sentence-transformers/all-MiniLM-L6-v2,0.2827093005180359,4,,pending,
relaxing,uncertain,"A term statistically associated with exciting, vacation, meditation, stress. Selected corpus use: inventory record; alternative contexts: learning plan, purchase decision.",extraction_classification,inventory_record,mixedbread-ai/mxbai-embed-large-v1,0.5852959156036377,5,sentence-transformers/all-MiniLM-L6-v2,0.40873634815216064,4,,pending,
factory,uncertain,"A term statistically associated with chocolate, production, workers, industrial. Selected corpus use: feature ideas; alternative contexts: purchase decision, small project.",brainstorming_creativity,feature_ideas,mixedbread-ai/mxbai-embed-large-v1,0.5853791832923889,1,sentence-transformers/all-MiniLM-L6-v2,0.2711245119571686,4,,pending,
faster,uncertain,"A term statistically associated with slower, speed, search, car. Selected corpus use: inventory record; alternative contexts: learning plan, travel plan.",extraction_classification,inventory_record,mixedbread-ai/mxbai-embed-large-v1,0.5858554840087891,1,sentence-transformers/all-MiniLM-L6-v2,0.2544310390949249,2,,pending,
lavender,uncertain,"A term statistically associated with purple, flower, color, oils. Selected corpus use: sequence pattern; alternative contexts: physical safety, contact record.",reasoning_verification,sequence_pattern,mixedbread-ai/mxbai-embed-large-v1,0.5863310098648071,6,sentence-transformers/all-MiniLM-L6-v2,,,,pending,
aim,uncertain,"A term statistically associated with targets, destroy, humanity, inform. Selected corpus use: contact record; alternative contexts: network connection, small project.",extraction_classification,contact_record,mixedbread-ai/mxbai-embed-large-v1,0.5863964557647705,3,sentence-transformers/all-MiniLM-L6-v2,0.3093515634536743,5,,pending,
hear,uncertain,"A term statistically associated with sorry, sound, loud, sounds. Selected corpus use: meeting notes; alternative contexts: small project, travel plan.",writing_transformation,meeting_notes,mixedbread-ai/mxbai-embed-large-v1,0.5864340662956238,1,sentence-transformers/all-MiniLM-L6-v2,0.17518499493598938,1,,pending,
sunny,uncertain,"A term statistically associated with weather, day, days, warm. Selected corpus use: inventory record; alternative contexts: peripheral, data pipeline.",extraction_classification,inventory_record,mixedbread-ai/mxbai-embed-large-v1,0.5865424871444702,1,sentence-transformers/all-MiniLM-L6-v2,0.2602153718471527,1,,pending,
something,uncertain,"A term statistically associated with else, wrong, there's, it's. Selected corpus use: lesson activity; alternative contexts: learning plan, work stress.",brainstorming_creativity,lesson_activity,mixedbread-ai/mxbai-embed-large-v1,0.5870400071144104,1,sentence-transformers/all-MiniLM-L6-v2,0.19573621451854706,3,,pending,
cows,uncertain,"A term statistically associated with pigs, milk, ducks, sheep. Selected corpus use: case note; alternative contexts: purchase decision, small project.",extraction_classification,case_note,mixedbread-ai/mxbai-embed-large-v1,0.5872201919555664,5,sentence-transformers/all-MiniLM-L6-v2,0.49534910917282104,10,,pending,
guest,uncertain,"A term statistically associated with celebrity, guests, wedding, bathroom. Selected corpus use: research notes; alternative contexts: learning plan, event plan.",summarization_synthesis,research_notes,mixedbread-ai/mxbai-embed-large-v1,0.5874050259590149,3,sentence-transformers/all-MiniLM-L6-v2,0.34469181299209595,8,,pending,
spring,uncertain,"A term statistically associated with winter, autumn, summer, fall. Selected corpus use: schedule entry; alternative contexts: small project, learning plan.",extraction_classification,schedule_entry,mixedbread-ai/mxbai-embed-large-v1,0.5881173610687256,3,sentence-transformers/all-MiniLM-L6-v2,0.48873472213745117,1,,pending,
spending,uncertain,"A term statistically associated with income, consumer, rent, inflation. Selected corpus use: schedule entry; alternative contexts: small project, purchase decision.",extraction_classification,schedule_entry,mixedbread-ai/mxbai-embed-large-v1,0.5881543755531311,3,sentence-transformers/all-MiniLM-L6-v2,0.3766970634460449,4,,pending,
winds,uncertain,"A term statistically associated with seasonal, strong, storm, mph. Selected corpus use: proportions; alternative contexts: peripheral, data pipeline.",reasoning_verification,proportions,mixedbread-ai/mxbai-embed-large-v1,0.5884494781494141,2,sentence-transformers/all-MiniLM-L6-v2,0.3896852731704712,3,,pending,
ensure,uncertain,"A term statistically associated with properly, proper, gluten, tire. Selected corpus use: file sync; alternative contexts: small project, travel plan.",troubleshooting,file_sync,mixedbread-ai/mxbai-embed-large-v1,0.588788628578186,2,sentence-transformers/all-MiniLM-L6-v2,0.1030164510011673,1,,pending,
kind,uncertain,"A term statistically associated with love, it's, felt, always. Selected corpus use: low cost activity; alternative contexts: small project, learning plan.",brainstorming_creativity,low_cost_activity,mixedbread-ai/mxbai-embed-large-v1,0.5889285206794739,1,sentence-transformers/all-MiniLM-L6-v2,0.13241440057754517,4,,pending,
god,uncertain,"A term statistically associated with goddess, faith, creator, mythology. Selected corpus use: proportions; alternative contexts: learning plan, purchase decision.",reasoning_verification,proportions,mixedbread-ai/mxbai-embed-large-v1,0.5889784097671509,1,sentence-transformers/all-MiniLM-L6-v2,0.20043958723545074,1,,pending,
touch,uncertain,"A term statistically associated with touches, hardware, patients, hope. Selected corpus use: incident log; alternative contexts: travel plan, small project.",summarization_synthesis,incident_log,mixedbread-ai/mxbai-embed-large-v1,0.5893614292144775,1,sentence-transformers/all-MiniLM-L6-v2,0.42703914642333984,1,,pending,
rhythm,uncertain,"A term statistically associated with vocals, guitar, bass, melody. Selected corpus use: policy excerpt; alternative contexts: learning plan, travel plan.",grounded_qa,policy_excerpt,mixedbread-ai/mxbai-embed-large-v1,0.58940589427948,1,sentence-transformers/all-MiniLM-L6-v2,0.32071763277053833,3,,pending,
wizard,uncertain,"A term statistically associated with spell, novels, magic, arc. Selected corpus use: comparison table; alternative contexts: peripheral, data pipeline.",grounded_qa,comparison_table,mixedbread-ai/mxbai-embed-large-v1,0.5899284482002258,1,sentence-transformers/all-MiniLM-L6-v2,0.2778136134147644,1,,pending,
staple,uncertain,"A term statistically associated with diets, rich, traditional, cuisine. Selected corpus use: subscriptions; alternative contexts: receipt, web form.",practical_action,subscriptions,mixedbread-ai/mxbai-embed-large-v1,0.5899312496185303,6,sentence-transformers/all-MiniLM-L6-v2,,,,pending,
occurred,uncertain,"A term statistically associated with earthquake, accident, injuries, disaster. Selected corpus use: article excerpt; alternative contexts: purchase decision, travel plan.",summarization_synthesis,article_excerpt,mixedbread-ai/mxbai-embed-large-v1,0.590481162071228,1,sentence-transformers/all-MiniLM-L6-v2,0.2711358666419983,1,,pending,
sweetness,uncertain,"A term statistically associated with sauce, taste, bitter, tastes. Selected corpus use: web form; alternative contexts: survey response, data pipeline.",troubleshooting,web_form,mixedbread-ai/mxbai-embed-large-v1,0.5906885862350464,7,sentence-transformers/all-MiniLM-L6-v2,,,,pending,
joined,uncertain,"A term statistically associated with club, member, bass, became. Selected corpus use: lesson activity; alternative contexts: peripheral, network connection.",brainstorming_creativity,lesson_activity,mixedbread-ai/mxbai-embed-large-v1,0.5908529758453369,1,sentence-transformers/all-MiniLM-L6-v2,0.2966505289077759,3,,pending,
players,uncertain,"A term statistically associated with game, ball, teams, played. Selected corpus use: schedule entry; alternative contexts: small project, learning plan.",extraction_classification,schedule_entry,mixedbread-ai/mxbai-embed-large-v1,0.5910109877586365,3,sentence-transformers/all-MiniLM-L6-v2,0.4141574800014496,2,,pending,
trains,uncertain,"A term statistically associated with transportation, cars, train, airplanes. Selected corpus use: low cost activity; alternative contexts: travel plan, public transit.",brainstorming_creativity,low_cost_activity,mixedbread-ai/mxbai-embed-large-v1,0.5914576053619385,4,sentence-transformers/all-MiniLM-L6-v2,0.3823779225349426,3,,pending,
consuming,uncertain,"A term statistically associated with calories, caffeine, protein, vegetation. Selected corpus use: inventory record; alternative contexts: travel plan, small project.",extraction_classification,inventory_record,mixedbread-ai/mxbai-embed-large-v1,0.5915756225585938,1,sentence-transformers/all-MiniLM-L6-v2,0.3343602418899536,2,,pending,
occasions,uncertain,"A term statistically associated with rare, special, holidays, reserve. Selected corpus use: inventory record; alternative contexts: purchase decision, small project.",extraction_classification,inventory_record,mixedbread-ai/mxbai-embed-large-v1,0.5915758609771729,1,sentence-transformers/all-MiniLM-L6-v2,0.3353031575679779,1,,pending,
injury,uncertain,"A term statistically associated with prone, gear, illness, severe. Selected corpus use: low cost activity; alternative contexts: peripheral, physical safety.",brainstorming_creativity,low_cost_activity,mixedbread-ai/mxbai-embed-large-v1,0.5916447639465332,3,sentence-transformers/all-MiniLM-L6-v2,0.3556442856788635,4,,pending,
bands,uncertain,"A term statistically associated with rubber, rock, metal, band. Selected corpus use: proportions; alternative contexts: file sync, network connection.",reasoning_verification,proportions,mixedbread-ai/mxbai-embed-large-v1,0.5919290781021118,3,sentence-transformers/all-MiniLM-L6-v2,0.4293205738067627,11,,pending,
doctor,uncertain,"A term statistically associated with consult, strange, patient, medical. Selected corpus use: software install; alternative contexts: physical safety, financial decision.",troubleshooting,software_install,mixedbread-ai/mxbai-embed-large-v1,0.5921787023544312,2,sentence-transformers/all-MiniLM-L6-v2,0.34011775255203247,2,,pending,
equipment,uncertain,"A term statistically associated with electrical, audio, expensive, climbing. Selected corpus use: low cost activity; alternative contexts: purchase decision, event plan.",brainstorming_creativity,low_cost_activity,mixedbread-ai/mxbai-embed-large-v1,0.592232346534729,2,sentence-transformers/all-MiniLM-L6-v2,0.2896152436733246,3,,pending,
exhibit,uncertain,"A term statistically associated with gallery, museum, behaviors, art. Selected corpus use: simple probability; alternative contexts: purchase decision, network connection.",reasoning_verification,simple_probability,mixedbread-ai/mxbai-embed-large-v1,0.5922551155090332,6,sentence-transformers/all-MiniLM-L6-v2,,,,pending,
investing,uncertain,"A term statistically associated with bonds, stocks, invest, assets. Selected corpus use: schedule entry; alternative contexts: learning plan, travel plan.",extraction_classification,schedule_entry,mixedbread-ai/mxbai-embed-large-v1,0.5923828482627869,5,sentence-transformers/all-MiniLM-L6-v2,0.4965766966342926,2,,pending,
hose,uncertain,"A term statistically associated with garden, gloves, pressure, boots. Selected corpus use: low cost activity; alternative contexts: data pipeline, file sync.",brainstorming_creativity,low_cost_activity,mixedbread-ai/mxbai-embed-large-v1,0.5927456617355347,6,sentence-transformers/all-MiniLM-L6-v2,,,,pending,
brands,uncertain,"A term statistically associated with luxury, brand, clothing, fashion. Selected corpus use: shopping arithmetic; alternative contexts: physical safety, learning plan.",reasoning_verification,shopping_arithmetic,mixedbread-ai/mxbai-embed-large-v1,0.593113899230957,6,sentence-transformers/all-MiniLM-L6-v2,0.39970648288726807,3,,pending,
fast,uncertain,"A term statistically associated with restaurant, slow, food, run. Selected corpus use: logical constraints; alternative contexts: small project, peripheral.",reasoning_verification,logical_constraints,mixedbread-ai/mxbai-embed-large-v1,0.5931627154350281,2,sentence-transformers/all-MiniLM-L6-v2,0.24268418550491333,1,,pending,
clothes,uncertain,"A term statistically associated with wear, bring, expensive, lots. Selected corpus use: outreach; alternative contexts: small project, travel plan.",brainstorming_creativity,outreach,mixedbread-ai/mxbai-embed-large-v1,0.5935236215591431,4,sentence-transformers/all-MiniLM-L6-v2,0.3377673923969269,4,,pending,
communications,uncertain,"A term statistically associated with networking, sensor, systems, rocket. Selected corpus use: policy memo; alternative contexts: software install, financial decision.",summarization_synthesis,policy_memo,mixedbread-ai/mxbai-embed-large-v1,0.5939891338348389,5,sentence-transformers/all-MiniLM-L6-v2,0.3012591004371643,13,,pending,
appreciate,uncertain,"A term statistically associated with really, moments, hope, truly. Selected corpus use: project plan; alternative contexts: purchase decision, small project.",critique_revision,project_plan,mixedbread-ai/mxbai-embed-large-v1,0.5940815210342407,1,sentence-transformers/all-MiniLM-L6-v2,0.14263273775577545,2,,pending,
outdoors,uncertain,"A term statistically associated with indoors, hiking, enjoy, outdoor. Selected corpus use: inventory record; alternative contexts: small project, learning plan.",extraction_classification,inventory_record,mixedbread-ai/mxbai-embed-large-v1,0.5942666530609131,2,sentence-transformers/all-MiniLM-L6-v2,0.4094557762145996,6,,pending,
hits,uncertain,"A term statistically associated with batter, ball, hitting, bat. Selected corpus use: civics; alternative contexts: learning plan, travel plan.",explanation_learning,civics,mixedbread-ai/mxbai-embed-large-v1,0.5944446325302124,3,sentence-transformers/all-MiniLM-L6-v2,0.3547721207141876,11,,pending,
gluten,uncertain,"A term statistically associated with rye, wheat, disease, cookies. Selected corpus use: survey response; alternative contexts: home repair, feature ideas.",extraction_classification,survey_response,mixedbread-ai/mxbai-embed-large-v1,0.5944933891296387,11,sentence-transformers/all-MiniLM-L6-v2,,,,pending,
uncle,uncertain,"A term statistically associated with cousin, lives, father, founder. Selected corpus use: mathematics; alternative contexts: learning plan, purchase decision.",explanation_learning,mathematics,mixedbread-ai/mxbai-embed-large-v1,0.594704270362854,2,sentence-transformers/all-MiniLM-L6-v2,0.3269229531288147,6,,pending,
environments,uncertain,"A term statistically associated with natural, forests, marine, ensuring. Selected corpus use: policy memo; alternative contexts: learning plan, small project.",summarization_synthesis,policy_memo,mixedbread-ai/mxbai-embed-large-v1,0.5949966907501221,6,sentence-transformers/all-MiniLM-L6-v2,,,,pending,
magical,uncertain,"A term statistically associated with realism, creatures, magic, fantasy. Selected corpus use: incident log; alternative contexts: learning plan, peripheral.",summarization_synthesis,incident_log,mixedbread-ai/mxbai-embed-large-v1,0.5953565835952759,1,sentence-transformers/all-MiniLM-L6-v2,0.2870450019836426,2,,pending,
spend,uncertain,"A term statistically associated with money, day, much, clothes. Selected corpus use: inventory record; alternative contexts: learning plan, small project.",extraction_classification,inventory_record,mixedbread-ai/mxbai-embed-large-v1,0.5954803228378296,1,sentence-transformers/all-MiniLM-L6-v2,0.3149549663066864,2,,pending,
beam,uncertain,"A term statistically associated with laser, light, roof, shaped. Selected corpus use: article excerpt; alternative contexts: email, support reply.",summarization_synthesis,article_excerpt,mixedbread-ai/mxbai-embed-large-v1,0.5955694913864136,11,sentence-transformers/all-MiniLM-L6-v2,,,,pending,
kids,uncertain,"A term statistically associated with adults, fun, parents, activities. Selected corpus use: lesson activity; alternative contexts: learning plan, event plan.",brainstorming_creativity,lesson_activity,mixedbread-ai/mxbai-embed-large-v1,0.5960047245025635,1,sentence-transformers/all-MiniLM-L6-v2,0.38180333375930786,1,,pending,
dawn,uncertain,"A term statistically associated with till, horizon, sun, beginning. Selected corpus use: relationship tension; alternative contexts: incident log, peripheral.",conversation_empathy,relationship_tension,mixedbread-ai/mxbai-embed-large-v1,0.5960779190063477,1,sentence-transformers/all-MiniLM-L6-v2,0.2533278167247772,3,,pending,
band,uncertain,"A term statistically associated with rock, album, formed, band's. Selected corpus use: incident log; alternative contexts: small project, network connection.",summarization_synthesis,incident_log,mixedbread-ai/mxbai-embed-large-v1,0.5963560342788696,1,sentence-transformers/all-MiniLM-L6-v2,0.3875226676464081,1,,pending,
seven,uncertain,"A term statistically associated with wonders, series, novels, nine. Selected corpus use: schedule math; alternative contexts: small project, event plan.",reasoning_verification,schedule_math,mixedbread-ai/mxbai-embed-large-v1,0.5965210795402527,1,sentence-transformers/all-MiniLM-L6-v2,0.2161114513874054,1,,pending,
tea,uncertain,"A term statistically associated with milk, afternoon, cups, mint. Selected corpus use: product specs; alternative contexts: small project, learning plan.",grounded_qa,product_specs,mixedbread-ai/mxbai-embed-large-v1,0.5966672897338867,1,sentence-transformers/all-MiniLM-L6-v2,0.2998255789279938,3,,pending,
save,uncertain,"A term statistically associated with money, expenses, saving, waste. Selected corpus use: low cost activity; alternative contexts: small project, travel plan.",brainstorming_creativity,low_cost_activity,mixedbread-ai/mxbai-embed-large-v1,0.5966735482215881,2,sentence-transformers/all-MiniLM-L6-v2,0.1498202681541443,3,,pending,
journalist,uncertain,"A term statistically associated with writer, editor, activist, interview. Selected corpus use: writing prompts; alternative contexts: network connection, data pipeline.",brainstorming_creativity,writing_prompts,mixedbread-ai/mxbai-embed-large-v1,0.5966907739639282,6,sentence-transformers/all-MiniLM-L6-v2,,,,pending,
processes,uncertain,"A term statistically associated with automation, biological, manufacturing, chemical. Selected corpus use: survey response; alternative contexts: web form, peripheral.",extraction_classification,survey_response,mixedbread-ai/mxbai-embed-large-v1,0.5969207286834717,2,sentence-transformers/all-MiniLM-L6-v2,0.3070577383041382,2,,pending,
spot,uncertain,"A term statistically associated with parking, brown, blind, perfect. Selected corpus use: schedule math; alternative contexts: small project, learning plan.",reasoning_verification,schedule_math,mixedbread-ai/mxbai-embed-large-v1,0.5973191261291504,1,sentence-transformers/all-MiniLM-L6-v2,0.2396092712879181,1,,pending,
body,uncertain,"A term statistically associated with weight, lower, blood, muscle. Selected corpus use: schedule math; alternative contexts: small project, learning plan.",reasoning_verification,schedule_math,mixedbread-ai/mxbai-embed-large-v1,0.5977176427841187,1,sentence-transformers/all-MiniLM-L6-v2,0.35115087032318115,5,,pending,
law,uncertain,"A term statistically associated with enforcement, conservation, legal, civil. Selected corpus use: low cost activity; alternative contexts: network connection, peripheral.",brainstorming_creativity,low_cost_activity,mixedbread-ai/mxbai-embed-large-v1,0.5980334281921387,4,sentence-transformers/all-MiniLM-L6-v2,0.3671833276748657,5,,pending,
falling,uncertain,"A term statistically associated with sky, asleep, rising, fall. Selected corpus use: lesson activity; alternative contexts: small project, learning plan.",brainstorming_creativity,lesson_activity,mixedbread-ai/mxbai-embed-large-v1,0.5984472036361694,1,sentence-transformers/all-MiniLM-L6-v2,0.465263307094574,2,,pending,
suffered,uncertain,"A term statistically associated with damage, injuries, severe, injury. Selected corpus use: article excerpt; alternative contexts: learning plan, travel plan.",summarization_synthesis,article_excerpt,mixedbread-ai/mxbai-embed-large-v1,0.5986011028289795,2,sentence-transformers/all-MiniLM-L6-v2,0.3178168833255768,1,,pending,
legal,uncertain,"A term statistically associated with law, attorney, intellectual, profession. Selected corpus use: inventory record; alternative contexts: financial decision, privacy security.",extraction_classification,inventory_record,mixedbread-ai/mxbai-embed-large-v1,0.5987070202827454,1,sentence-transformers/all-MiniLM-L6-v2,0.197147399187088,2,,pending,
weight,uncertain,"A term statistically associated with lose, fluid, body, exercise. Selected corpus use: physical science; alternative contexts: peripheral, web form.",explanation_learning,physical_science,mixedbread-ai/mxbai-embed-large-v1,0.5987199544906616,1,sentence-transformers/all-MiniLM-L6-v2,0.2809827923774719,1,,pending,
little,uncertain,"A term statistically associated with pigs, bit, girl, boy. Selected corpus use: logical constraints; alternative contexts: learning plan, small project.",reasoning_verification,logical_constraints,mixedbread-ai/mxbai-embed-large-v1,0.5996701717376709,4,sentence-transformers/all-MiniLM-L6-v2,0.20066112279891968,1,,pending,
drama,uncertain,"A term statistically associated with starring, comedy, thriller, series. Selected corpus use: argument; alternative contexts: writing prompts, science passage.",critique_revision,argument,mixedbread-ai/mxbai-embed-large-v1,0.5998827219009399,7,sentence-transformers/all-MiniLM-L6-v2,,,,pending,
researchers,uncertain,"A term statistically associated with models, patch, clinical, report. Selected corpus use: research notes; alternative contexts: network connection, web form.",summarization_synthesis,research_notes,mixedbread-ai/mxbai-embed-large-v1,0.599947988986969,1,sentence-transformers/all-MiniLM-L6-v2,0.3664318919181824,4,,pending,
ethical,uncertain,"A term statistically associated with implications, moral, religious, practices. Selected corpus use: workflow; alternative contexts: life science, feature ideas.",brainstorming_creativity,workflow,mixedbread-ai/mxbai-embed-large-v1,0.6008260250091553,6,sentence-transformers/all-MiniLM-L6-v2,,,,pending,
assets,uncertain,"A term statistically associated with invested, stocks, investing, accounts. Selected corpus use: sequence pattern; alternative contexts: financial decision, personal finance.",reasoning_verification,sequence_pattern,mixedbread-ai/mxbai-embed-large-v1,0.6009738445281982,5,sentence-transformers/all-MiniLM-L6-v2,0.3180793225765228,3,,pending,
company,uncertain,"A term statistically associated with founded, owned, company's, business. Selected corpus use: feature ideas; alternative contexts: small project, purchase decision.",brainstorming_creativity,feature_ideas,mixedbread-ai/mxbai-embed-large-v1,0.6010481119155884,2,sentence-transformers/all-MiniLM-L6-v2,0.4199533462524414,5,,pending,
endurance,uncertain,"A term statistically associated with strength, muscles, exercise, muscle. Selected corpus use: research notes; alternative contexts: peripheral, web form.",summarization_synthesis,research_notes,mixedbread-ai/mxbai-embed-large-v1,0.6012011766433716,2,sentence-transformers/all-MiniLM-L6-v2,0.380537748336792,11,,pending,
son,uncertain,"A term statistically associated with father, dad, wife, throne. Selected corpus use: outreach; alternative contexts: life science, network connection.",brainstorming_creativity,outreach,mixedbread-ai/mxbai-embed-large-v1,0.6018491983413696,6,sentence-transformers/all-MiniLM-L6-v2,0.23996320366859436,4,,pending,
triangle,uncertain,"A term statistically associated with angles, sides, angle, degrees. Selected corpus use: survey response; alternative contexts: travel plan, web form.",extraction_classification,survey_response,mixedbread-ai/mxbai-embed-large-v1,0.6019599437713623,6,sentence-transformers/all-MiniLM-L6-v2,,,,pending,
rock,uncertain,"A term statistically associated with roll, band, pop, climbing. Selected corpus use: media literacy; alternative contexts: small project, learning plan.",explanation_learning,media_literacy,mixedbread-ai/mxbai-embed-large-v1,0.6022195816040039,1,sentence-transformers/all-MiniLM-L6-v2,0.3085421919822693,1,,pending,
years,uncertain,"A term statistically associated with ago, old, age, retirement. Selected corpus use: inventory record; alternative contexts: small project, learning plan.",extraction_classification,inventory_record,mixedbread-ai/mxbai-embed-large-v1,0.6024398803710938,1,sentence-transformers/all-MiniLM-L6-v2,0.27521347999572754,1,,pending,
older,uncertain,"A term statistically associated with younger, age, sister, newer. Selected corpus use: social mistake; alternative contexts: small project, learning plan.",conversation_empathy,social_mistake,mixedbread-ai/mxbai-embed-large-v1,0.6026632785797119,1,sentence-transformers/all-MiniLM-L6-v2,0.4209027886390686,1,,pending,
lit,uncertain,"A term statistically associated with philosophy, light, moon, marble. Selected corpus use: proportions; alternative contexts: network connection, data pipeline.",reasoning_verification,proportions,mixedbread-ai/mxbai-embed-large-v1,0.6030207872390747,1,sentence-transformers/all-MiniLM-L6-v2,0.20770375430583954,6,,pending,
stairs,uncertain,"A term statistically associated with door, floor, climb, dining. Selected corpus use: social mistake; alternative contexts: physical safety, small project.",conversation_empathy,social_mistake,mixedbread-ai/mxbai-embed-large-v1,0.6047730445861816,2,sentence-transformers/all-MiniLM-L6-v2,0.3084351420402527,4,,pending,
winning,uncertain,"A term statistically associated with award, playoffs, losing, championship. Selected corpus use: writing prompts; alternative contexts: event plan, peripheral.",brainstorming_creativity,writing_prompts,mixedbread-ai/mxbai-embed-large-v1,0.6049449443817139,1,sentence-transformers/all-MiniLM-L6-v2,0.3196016550064087,1,,pending,
strategy,uncertain,"A term statistically associated with investment, game, marketing, skill. Selected corpus use: feature ideas; alternative contexts: small project, learning plan.",brainstorming_creativity,feature_ideas,mixedbread-ai/mxbai-embed-large-v1,0.6059552431106567,2,sentence-transformers/all-MiniLM-L6-v2,0.27289825677871704,3,,pending,
patterns,uncertain,"A term statistically associated with weather, syndrome, colors, cotton. Selected corpus use: case note; alternative contexts: web form, learning plan.",extraction_classification,case_note,mixedbread-ai/mxbai-embed-large-v1,0.6061114072799683,2,sentence-transformers/all-MiniLM-L6-v2,0.28272995352745056,3,,pending,
enjoying,uncertain,"A term statistically associated with peaceful, sunshine, relaxing, nature. Selected corpus use: inventory record; alternative contexts: small project, learning plan.",extraction_classification,inventory_record,mixedbread-ai/mxbai-embed-large-v1,0.6063304543495178,5,sentence-transformers/all-MiniLM-L6-v2,0.2822183668613434,3,,pending,
sorted,uncertain,"A term statistically associated with array, merge, algorithm, sort. Selected corpus use: format preference; alternative contexts: policy excerpt, peripheral.",context_clarification,format_preference,mixedbread-ai/mxbai-embed-large-v1,0.6065431833267212,8,sentence-transformers/all-MiniLM-L6-v2,,,,pending,
pole,uncertain,"A term statistically associated with poles, presents, delivering, tent. Selected corpus use: schedule entry; alternative contexts: travel plan, home repair.",extraction_classification,schedule_entry,mixedbread-ai/mxbai-embed-large-v1,0.6067326068878174,1,sentence-transformers/all-MiniLM-L6-v2,0.3869825601577759,2,,pending,
plasma,uncertain,"A term statistically associated with blood, cells, gas, liquid. Selected corpus use: case note; alternative contexts: network connection, file sync.",extraction_classification,case_note,mixedbread-ai/mxbai-embed-large-v1,0.606859564781189,6,sentence-transformers/all-MiniLM-L6-v2,,,,pending,
mature,uncertain,"A term statistically associated with seeds, ancient, sites, teen. Selected corpus use: computing; alternative contexts: life science, civics.",explanation_learning,computing,mixedbread-ai/mxbai-embed-large-v1,0.6071960926055908,1,sentence-transformers/all-MiniLM-L6-v2,0.21009662747383118,1,,pending,
healthy,uncertain,"A term statistically associated with fats, diet, foods, snack. Selected corpus use: email draft; alternative contexts: physical safety, small project.",critique_revision,email_draft,mixedbread-ai/mxbai-embed-large-v1,0.6074767112731934,3,sentence-transformers/all-MiniLM-L6-v2,0.3308456540107727,3,,pending,
lights,uncertain,"A term statistically associated with northern, bright, lighting, overhead. Selected corpus use: air travel; alternative contexts: small project, network connection.",practical_action,air_travel,mixedbread-ai/mxbai-embed-large-v1,0.6082118153572083,1,sentence-transformers/all-MiniLM-L6-v2,0.34494704008102417,1,,pending,
stone,uncertain,"A term statistically associated with rolling, marble, age, copper. Selected corpus use: low cost activity; alternative contexts: small project, travel plan.",brainstorming_creativity,low_cost_activity,mixedbread-ai/mxbai-embed-large-v1,0.6085288524627686,3,sentence-transformers/all-MiniLM-L6-v2,0.29766979813575745,2,,pending,
sharp,uncertain,"A term statistically associated with smooth, boots, knife, edges. Selected corpus use: proportions; alternative contexts: network connection, file sync.",reasoning_verification,proportions,mixedbread-ai/mxbai-embed-large-v1,0.6098269820213318,2,sentence-transformers/all-MiniLM-L6-v2,0.2672423720359802,3,,pending,
hit,uncertain,"A term statistically associated with ball, bat, hurricane, hitting. Selected corpus use: schedule math; alternative contexts: peripheral, event plan.",reasoning_verification,schedule_math,mixedbread-ai/mxbai-embed-large-v1,0.6099138855934143,1,sentence-transformers/all-MiniLM-L6-v2,0.24091148376464844,5,,pending,
perception,uncertain,"A term statistically associated with visual, truth, putting, world. Selected corpus use: incident log; alternative contexts: purchase decision, learning plan.",summarization_synthesis,incident_log,mixedbread-ai/mxbai-embed-large-v1,0.6101758480072021,7,sentence-transformers/all-MiniLM-L6-v2,,,,pending,
tracks,uncertain,"A term statistically associated with track, band's, album, bonus. Selected corpus use: data literacy; alternative contexts: peripheral, network connection.",explanation_learning,data_literacy,mixedbread-ai/mxbai-embed-large-v1,0.610560417175293,8,sentence-transformers/all-MiniLM-L6-v2,,,,pending,
sessions,uncertain,"A term statistically associated with therapy, recording, initial, stretching. Selected corpus use: schedule entry; alternative contexts: peripheral, network connection.",extraction_classification,schedule_entry,mixedbread-ai/mxbai-embed-large-v1,0.6106064915657043,2,sentence-transformers/all-MiniLM-L6-v2,0.373434841632843,2,,pending,
encountered,uncertain,"A term statistically associated with expedition, believed, sometimes, appears. Selected corpus use: file sync; alternative contexts: purchase decision, learning plan.",troubleshooting,file_sync,mixedbread-ai/mxbai-embed-large-v1,0.6107597947120667,9,sentence-transformers/all-MiniLM-L6-v2,,,,pending,
sunlight,uncertain,"A term statistically associated with photosynthesis, horizon, plants, gases. Selected corpus use: technical documentation; alternative contexts: small project, peripheral.",grounded_qa,technical_documentation,mixedbread-ai/mxbai-embed-large-v1,0.6112948656082153,2,sentence-transformers/all-MiniLM-L6-v2,0.3902677297592163,2,,pending,
holiday,uncertain,"A term statistically associated with summer, celebrated, holidays, year's. Selected corpus use: proportions; alternative contexts: small project, network connection.",reasoning_verification,proportions,mixedbread-ai/mxbai-embed-large-v1,0.6113601922988892,2,sentence-transformers/all-MiniLM-L6-v2,0.43259114027023315,1,,pending,
mouse,uncertain,"A term statistically associated with keyboard, elephant, trap, cat. Selected corpus use: feature ideas; alternative contexts: learning plan, small project.",brainstorming_creativity,feature_ideas,mixedbread-ai/mxbai-embed-large-v1,0.6114040613174438,2,sentence-transformers/all-MiniLM-L6-v2,0.32953253388404846,4,,pending,
machines,uncertain,"A term statistically associated with automated, servers, running, used. Selected corpus use: shopping arithmetic; alternative contexts: network connection, learning plan.",reasoning_verification,shopping_arithmetic,mixedbread-ai/mxbai-embed-large-v1,0.6120060682296753,4,sentence-transformers/all-MiniLM-L6-v2,0.27826201915740967,3,,pending,
seats,uncertain,"A term statistically associated with row, accommodate, seat, seating. Selected corpus use: data pipeline; alternative contexts: peripheral, learning plan.",troubleshooting,data_pipeline,mixedbread-ai/mxbai-embed-large-v1,0.6135360598564148,10,sentence-transformers/all-MiniLM-L6-v2,,,,pending,
night,uncertain,"A term statistically associated with sleep, sky, day, shift. Selected corpus use: schedule entry; alternative contexts: network connection, learning plan.",extraction_classification,schedule_entry,mixedbread-ai/mxbai-embed-large-v1,0.6139507293701172,1,sentence-transformers/all-MiniLM-L6-v2,0.395358681678772,1,,pending,
acted,uncertain,"A term statistically associated with upon, movies, body, actor. Selected corpus use: inventory record; alternative contexts: purchase decision, small project.",extraction_classification,inventory_record,mixedbread-ai/mxbai-embed-large-v1,0.6142889857292175,1,sentence-transformers/all-MiniLM-L6-v2,0.2653599679470062,1,,pending,
helmet,uncertain,"A term statistically associated with pads, gloves, elbow, bike. Selected corpus use: lesson activity; alternative contexts: loss disappointment, physical safety.",brainstorming_creativity,lesson_activity,mixedbread-ai/mxbai-embed-large-v1,0.6149874329566956,3,sentence-transformers/all-MiniLM-L6-v2,0.289085328578949,3,,pending,
detected,uncertain,"A term statistically associated with detect, detection, object, mass. Selected corpus use: missing reference; alternative contexts: small project, format preference.",context_clarification,missing_reference,mixedbread-ai/mxbai-embed-large-v1,0.6151992082595825,9,sentence-transformers/all-MiniLM-L6-v2,,,,pending,
memory,uncertain,"A term statistically associated with self, brain, processes, sorted. Selected corpus use: inventory record; alternative contexts: network connection, learning plan.",extraction_classification,inventory_record,mixedbread-ai/mxbai-embed-large-v1,0.61531662940979,1,sentence-transformers/all-MiniLM-L6-v2,0.29941797256469727,1,,pending,
food,uncertain,"A term statistically associated with restaurant, eat, drink, eating. Selected corpus use: low cost activity; alternative contexts: small project, learning plan.",brainstorming_creativity,low_cost_activity,mixedbread-ai/mxbai-embed-large-v1,0.6154528260231018,1,sentence-transformers/all-MiniLM-L6-v2,0.3930172026157379,2,,pending,
day,uncertain,"A term statistically associated with per, night, rainy, spend. Selected corpus use: schedule entry; alternative contexts: small project, learning plan.",extraction_classification,schedule_entry,mixedbread-ai/mxbai-embed-large-v1,0.6154718995094299,1,sentence-transformers/all-MiniLM-L6-v2,0.2728206217288971,1,,pending,
phone,uncertain,"A term statistically associated with mobile, cell, screen, phones. Selected corpus use: incident log; alternative contexts: network connection, purchase decision.",summarization_synthesis,incident_log,mixedbread-ai/mxbai-embed-large-v1,0.6162218451499939,3,sentence-transformers/all-MiniLM-L6-v2,0.3536701202392578,1,,pending,
evening,uncertain,"A term statistically associated with afternoon, morning, storms, dinner. Selected corpus use: shopping arithmetic; alternative contexts: network connection, file sync.",reasoning_verification,shopping_arithmetic,mixedbread-ai/mxbai-embed-large-v1,0.6164044141769409,1,sentence-transformers/all-MiniLM-L6-v2,0.4094114899635315,2,,pending,
manual,uncertain,"A term statistically associated with edition, automation, car, avoiding. Selected corpus use: technical documentation; alternative contexts: data pipeline, peripheral.",grounded_qa,technical_documentation,mixedbread-ai/mxbai-embed-large-v1,0.6164757013320923,2,sentence-transformers/all-MiniLM-L6-v2,0.3380918800830841,4,,pending,
money,uncertain,"A term statistically associated with save, spend, amount, investing. Selected corpus use: low cost activity; alternative contexts: purchase decision, learning plan.",brainstorming_creativity,low_cost_activity,mixedbread-ai/mxbai-embed-large-v1,0.6171911954879761,2,sentence-transformers/all-MiniLM-L6-v2,0.288236141204834,3,,pending,
charging,uncertain,"A term statistically associated with stations, charge, phones, wireless. Selected corpus use: low cost activity; alternative contexts: public transit, small project.",brainstorming_creativity,low_cost_activity,mixedbread-ai/mxbai-embed-large-v1,0.6177088022232056,3,sentence-transformers/all-MiniLM-L6-v2,0.2830892503261566,2,,pending,
goat,uncertain,"A term statistically associated with cheese, cow, sheep, snake. Selected corpus use: feature ideas; alternative contexts: purchase decision, small project.",brainstorming_creativity,feature_ideas,mixedbread-ai/mxbai-embed-large-v1,0.6181087493896484,4,sentence-transformers/all-MiniLM-L6-v2,0.3843497633934021,3,,pending,
waste,uncertain,"A term statistically associated with nuclear, dioxide, compost, circular. Selected corpus use: low cost activity; alternative contexts: small project, software install.",brainstorming_creativity,low_cost_activity,mixedbread-ai/mxbai-embed-large-v1,0.6182466745376587,1,sentence-transformers/all-MiniLM-L6-v2,0.2841131091117859,4,,pending,
motivated,uncertain,"A term statistically associated with rewards, challenges, self, burned. Selected corpus use: survey response; alternative contexts: small project, work stress.",extraction_classification,survey_response,mixedbread-ai/mxbai-embed-large-v1,0.6184371113777161,4,sentence-transformers/all-MiniLM-L6-v2,0.39283400774002075,6,,pending,
listen,uncertain,"A term statistically associated with music, podcast, headphones, songs. Selected corpus use: proportions; alternative contexts: work stress, uncertain change.",reasoning_verification,proportions,mixedbread-ai/mxbai-embed-large-v1,0.6187163591384888,4,sentence-transformers/all-MiniLM-L6-v2,0.19615626335144043,4,,pending,
usage,uncertain,"A term statistically associated with replacement, ongoing, warming, energy. Selected corpus use: low cost activity; alternative contexts: life science, civics.",brainstorming_creativity,low_cost_activity,mixedbread-ai/mxbai-embed-large-v1,0.6187834739685059,2,sentence-transformers/all-MiniLM-L6-v2,0.21972236037254333,2,,pending,
burn,uncertain,"A term statistically associated with calories, fat, fire, smoke. Selected corpus use: instructions; alternative contexts: small project, learning plan.",critique_revision,instructions,mixedbread-ai/mxbai-embed-large-v1,0.6188931465148926,1,sentence-transformers/all-MiniLM-L6-v2,0.295632004737854,11,,pending,
adjective,uncertain,"A term statistically associated with noun, verb, word, dynamic. Selected corpus use: missing reference; alternative contexts: learning plan, purchase decision.",context_clarification,missing_reference,mixedbread-ai/mxbai-embed-large-v1,0.619031548500061,8,sentence-transformers/all-MiniLM-L6-v2,,,,pending,
extraordinary,uncertain,"A term statistically associated with ordinary, survive, circumstances, incredible. Selected corpus use: inventory record; alternative contexts: learning plan, small project.",extraction_classification,inventory_record,mixedbread-ai/mxbai-embed-large-v1,0.6192691326141357,1,sentence-transformers/all-MiniLM-L6-v2,0.3525606691837311,2,,pending,
farmer,uncertain,"A term statistically associated with wife, farm, cows, takes. Selected corpus use: research notes; alternative contexts: network connection, file sync.",summarization_synthesis,research_notes,mixedbread-ai/mxbai-embed-large-v1,0.6195859909057617,5,sentence-transformers/all-MiniLM-L6-v2,0.3978821635246277,6,,pending,
centuries,uncertain,"A term statistically associated with century, modern, church, ocean. Selected corpus use: low cost activity; alternative contexts: small project, learning plan.",brainstorming_creativity,low_cost_activity,mixedbread-ai/mxbai-embed-large-v1,0.6198030710220337,2,sentence-transformers/all-MiniLM-L6-v2,0.25416722893714905,4,,pending,
eaten,uncertain,"A term statistically associated with raw, edible, cooked, sauce. Selected corpus use: project update; alternative contexts: learning plan, small project.",writing_transformation,project_update,mixedbread-ai/mxbai-embed-large-v1,0.619864821434021,7,sentence-transformers/all-MiniLM-L6-v2,,,,pending,
lakes,uncertain,"A term statistically associated with rivers, lake, freshwater, superior. Selected corpus use: project update; alternative contexts: web form, network connection.",summarization_synthesis,project_update,mixedbread-ai/mxbai-embed-large-v1,0.6204899549484253,5,sentence-transformers/all-MiniLM-L6-v2,0.5592105388641357,10,,pending,
soup,uncertain,"A term statistically associated with mix, chicken, salad, cream. Selected corpus use: outreach; alternative contexts: web form, survey response.",brainstorming_creativity,outreach,mixedbread-ai/mxbai-embed-large-v1,0.6209062933921814,6,sentence-transformers/all-MiniLM-L6-v2,,,,pending,
nature,uncertain,"A term statistically associated with explained, human, natural, park. Selected corpus use: civics; alternative contexts: small project, life science.",explanation_learning,civics,mixedbread-ai/mxbai-embed-large-v1,0.6209511756896973,1,sentence-transformers/all-MiniLM-L6-v2,0.41077542304992676,1,,pending,
dirt,uncertain,"A term statistically associated with harder, roads, worms, sand. Selected corpus use: workflow; alternative contexts: small project, learning plan.",brainstorming_creativity,workflow,mixedbread-ai/mxbai-embed-large-v1,0.6211477518081665,4,sentence-transformers/all-MiniLM-L6-v2,0.37148818373680115,3,,pending,
fall,uncertain,"A term statistically associated with asleep, spring, waterfall, summer. Selected corpus use: sequence pattern; alternative contexts: learning plan, small project.",reasoning_verification,sequence_pattern,mixedbread-ai/mxbai-embed-large-v1,0.6224690675735474,5,sentence-transformers/all-MiniLM-L6-v2,0.3399921655654907,1,,pending,
functions,uncertain,"A term statistically associated with calculus, function, cell, body. Selected corpus use: inventory record; alternative contexts: purchase decision, data literacy.",extraction_classification,inventory_record,mixedbread-ai/mxbai-embed-large-v1,0.6229657530784607,1,sentence-transformers/all-MiniLM-L6-v2,0.28326594829559326,3,,pending,
clinical,uncertain,"A term statistically associated with syndrome, defines, showed, cell. Selected corpus use: healthcare admin; alternative contexts: learning plan, financial decision.",practical_action,healthcare_admin,mixedbread-ai/mxbai-embed-large-v1,0.6231493949890137,9,sentence-transformers/all-MiniLM-L6-v2,,,,pending,
afternoon,uncertain,"A term statistically associated with tea, evening, morning, storms. Selected corpus use: achievement; alternative contexts: network connection, file sync.",conversation_empathy,achievement,mixedbread-ai/mxbai-embed-large-v1,0.6238317489624023,1,sentence-transformers/all-MiniLM-L6-v2,0.3439113199710846,12,,pending,
parties,uncertain,"A term statistically associated with party, birthday, politics, third. Selected corpus use: interface copy; alternative contexts: purchase decision, learning plan.",critique_revision,interface_copy,mixedbread-ai/mxbai-embed-large-v1,0.6240057945251465,4,sentence-transformers/all-MiniLM-L6-v2,0.4613776206970215,2,,pending,
rose,uncertain,"A term statistically associated with flower, pink, oak, pale. Selected corpus use: inventory record; alternative contexts: peripheral, small project.",extraction_classification,inventory_record,mixedbread-ai/mxbai-embed-large-v1,0.624161958694458,1,sentence-transformers/all-MiniLM-L6-v2,0.2077397108078003,2,,pending,
trip,uncertain,"A term statistically associated with road, hike, camping, pack. Selected corpus use: air travel; alternative contexts: learning plan, travel plan.",practical_action,air_travel,mixedbread-ai/mxbai-embed-large-v1,0.6241812705993652,2,sentence-transformers/all-MiniLM-L6-v2,0.48349490761756897,1,,pending,
clean,uncertain,"A term statistically associated with cleaning, trash, dishes, teeth. Selected corpus use: incident log; alternative contexts: small project, purchase decision.",summarization_synthesis,incident_log,mixedbread-ai/mxbai-embed-large-v1,0.624280571937561,1,sentence-transformers/all-MiniLM-L6-v2,0.3421192765235901,1,,pending,
eating,uncertain,"A term statistically associated with drinking, food, foods, healthy. Selected corpus use: incident log; alternative contexts: web form, peripheral.",summarization_synthesis,incident_log,mixedbread-ai/mxbai-embed-large-v1,0.6246668100357056,1,sentence-transformers/all-MiniLM-L6-v2,0.3929384648799896,1,,pending,
realistic,uncertain,"A term statistically associated with realism, elements, magical, fantasy. Selected corpus use: historical note; alternative contexts: learning plan, software install.",grounded_qa,historical_note,mixedbread-ai/mxbai-embed-large-v1,0.6251861453056335,1,sentence-transformers/all-MiniLM-L6-v2,0.3780171275138855,1,,pending,
troops,uncertain,"A term statistically associated with combat, battle, allies, military. Selected corpus use: instructions; alternative contexts: small project, purchase decision.",critique_revision,instructions,mixedbread-ai/mxbai-embed-large-v1,0.6256955862045288,1,sentence-transformers/all-MiniLM-L6-v2,0.40453532338142395,1,,pending,
predators,uncertain,"A term statistically associated with hunt, insects, wild, defend. Selected corpus use: shopping arithmetic; alternative contexts: purchase decision, small project.",reasoning_verification,shopping_arithmetic,mixedbread-ai/mxbai-embed-large-v1,0.6262677907943726,1,sentence-transformers/all-MiniLM-L6-v2,0.35800790786743164,1,,pending,
popularity,uncertain,"A term statistically associated with gained, gaining, rise, readers. Selected corpus use: project plan; alternative contexts: network connection, purchase decision.",critique_revision,project_plan,mixedbread-ai/mxbai-embed-large-v1,0.6268018484115601,1,sentence-transformers/all-MiniLM-L6-v2,0.4344434142112732,3,,pending,
cold,uncertain,"A term statistically associated with hot, war, winter, warm. Selected corpus use: writing prompts; alternative contexts: small project, learning plan.",brainstorming_creativity,writing_prompts,mixedbread-ai/mxbai-embed-large-v1,0.6275207996368408,4,sentence-transformers/all-MiniLM-L6-v2,0.3920452296733856,2,,pending,
snow,uncertain,"A term statistically associated with skiing, ski, wet, winter. Selected corpus use: media literacy; alternative contexts: learning plan, purchase decision.",explanation_learning,media_literacy,mixedbread-ai/mxbai-embed-large-v1,0.627754807472229,2,sentence-transformers/all-MiniLM-L6-v2,0.3866592347621918,1,,pending,
week,uncertain,"A term statistically associated with miles, weeks, days, ban. Selected corpus use: schedule math; alternative contexts: small project, learning plan.",reasoning_verification,schedule_math,mixedbread-ai/mxbai-embed-large-v1,0.62781822681427,1,sentence-transformers/all-MiniLM-L6-v2,0.3388083875179291,1,,pending,
losing,uncertain,"A term statistically associated with winning, weight, defeated, finals. Selected corpus use: research notes; alternative contexts: peripheral, incident log.",summarization_synthesis,research_notes,mixedbread-ai/mxbai-embed-large-v1,0.6284730434417725,2,sentence-transformers/all-MiniLM-L6-v2,0.3948156237602234,2,,pending,
job,uncertain,"A term statistically associated with interview, quit, jobs, get. Selected corpus use: interface copy; alternative contexts: learning plan, small project.",critique_revision,interface_copy,mixedbread-ai/mxbai-embed-large-v1,0.6299009323120117,1,sentence-transformers/all-MiniLM-L6-v2,0.3106529116630554,2,,pending,
utility,uncertain,"A term statistically associated with satisfaction, bills, knife, duty. Selected corpus use: low cost activity; alternative contexts: peripheral, network connection.",brainstorming_creativity,low_cost_activity,mixedbread-ai/mxbai-embed-large-v1,0.6301943063735962,7,sentence-transformers/all-MiniLM-L6-v2,,,,pending,
cry,uncertain,"A term statistically associated with babies, hungry, wolf, crying. Selected corpus use: schedule math; alternative contexts: web form, loss disappointment.",reasoning_verification,schedule_math,mixedbread-ai/mxbai-embed-large-v1,0.630668044090271,2,sentence-transformers/all-MiniLM-L6-v2,0.26468193531036377,2,,pending,
fought,uncertain,"A term statistically associated with battle, war, allies, battles. Selected corpus use: civics; alternative contexts: small project, purchase decision.",explanation_learning,civics,mixedbread-ai/mxbai-embed-large-v1,0.6306807994842529,7,sentence-transformers/all-MiniLM-L6-v2,,,,pending,
campus,uncertain,"A term statistically associated with college, students, building, center. Selected corpus use: mathematics; alternative contexts: life science, small project.",explanation_learning,mathematics,mixedbread-ai/mxbai-embed-large-v1,0.6307172775268555,1,sentence-transformers/all-MiniLM-L6-v2,0.41377732157707214,1,,pending,
facial,uncertain,"A term statistically associated with hair, face, oils, skin. Selected corpus use: feature ideas; alternative contexts: workflow, email.",brainstorming_creativity,feature_ideas,mixedbread-ai/mxbai-embed-large-v1,0.6310868263244629,11,sentence-transformers/all-MiniLM-L6-v2,,,,pending,
colleges,uncertain,"A term statistically associated with schools, higher, college, division. Selected corpus use: interface copy; alternative contexts: financial decision, physical safety.",critique_revision,interface_copy,mixedbread-ai/mxbai-embed-large-v1,0.6321110725402832,7,sentence-transformers/all-MiniLM-L6-v2,,,,pending,
tower,uncertain,"A term statistically associated with tallest, cathedral, clock, glass. Selected corpus use: proportions; alternative contexts: network connection, small project.",reasoning_verification,proportions,mixedbread-ai/mxbai-embed-large-v1,0.6322572231292725,2,sentence-transformers/all-MiniLM-L6-v2,0.3127146363258362,1,,pending,
hero,uncertain,"A term statistically associated with heroes, broke, anti, evil. Selected corpus use: schedule math; alternative contexts: peripheral, purchase decision.",reasoning_verification,schedule_math,mixedbread-ai/mxbai-embed-large-v1,0.6333447098731995,1,sentence-transformers/all-MiniLM-L6-v2,0.26041272282600403,1,,pending,
office,uncertain,"A term statistically associated with president, attorney, box, offices. Selected corpus use: appointments; alternative contexts: learning plan, purchase decision.",practical_action,appointments,mixedbread-ai/mxbai-embed-large-v1,0.6337225437164307,1,sentence-transformers/all-MiniLM-L6-v2,0.36753612756729126,1,,pending,
goal,uncertain,"A term statistically associated with scored, ball, scoring, kick. Selected corpus use: schedule entry; alternative contexts: learning plan, small project.",extraction_classification,schedule_entry,mixedbread-ai/mxbai-embed-large-v1,0.6346451044082642,3,sentence-transformers/all-MiniLM-L6-v2,0.3381463289260864,1,,pending,
speed,uncertain,"A term statistically associated with mph, velocity, pressure, light. Selected corpus use: incident log; alternative contexts: learning plan, travel plan.",summarization_synthesis,incident_log,mixedbread-ai/mxbai-embed-large-v1,0.6353709697723389,1,sentence-transformers/all-MiniLM-L6-v2,0.36979836225509644,1,,pending,
hundred,uncertain,"A term statistically associated with thousand, years, dollars, fifty. Selected corpus use: logical constraints; alternative contexts: network connection, peripheral.",reasoning_verification,logical_constraints,mixedbread-ai/mxbai-embed-large-v1,0.6362360715866089,1,sentence-transformers/all-MiniLM-L6-v2,0.31980466842651367,1,,pending,
production,uncertain,"A term statistically associated with factory, produced, goods, northern. Selected corpus use: low cost activity; alternative contexts: small project, purchase decision.",brainstorming_creativity,low_cost_activity,mixedbread-ai/mxbai-embed-large-v1,0.6364936232566833,2,sentence-transformers/all-MiniLM-L6-v2,0.44768255949020386,1,,pending,
moon,uncertain,"A term statistically associated with lunar, phase, landing, moons. Selected corpus use: simple probability; alternative contexts: travel plan, event plan.",reasoning_verification,simple_probability,mixedbread-ai/mxbai-embed-large-v1,0.636600911617279,2,sentence-transformers/all-MiniLM-L6-v2,0.4797324538230896,4,,pending,
activities,uncertain,"A term statistically associated with outdoor, hiking, biking, participate. Selected corpus use: project plan; alternative contexts: learning plan, small project.",critique_revision,project_plan,mixedbread-ai/mxbai-embed-large-v1,0.6369701623916626,1,sentence-transformers/all-MiniLM-L6-v2,0.4645230770111084,3,,pending,
exercise,uncertain,"A term statistically associated with calories, muscle, weight, exercising. Selected corpus use: project plan; alternative contexts: small project, physical safety.",critique_revision,project_plan,mixedbread-ai/mxbai-embed-large-v1,0.637550950050354,1,sentence-transformers/all-MiniLM-L6-v2,0.43420088291168213,3,,pending,
terrain,uncertain,"A term statistically associated with trails, ski, tires, vehicle. Selected corpus use: support reply; alternative contexts: physical safety, learning plan.",writing_transformation,support_reply,mixedbread-ai/mxbai-embed-large-v1,0.6376001834869385,8,sentence-transformers/all-MiniLM-L6-v2,,,,pending,
sunset,uncertain,"A term statistically associated with sunrise, horizon, below, beach. Selected corpus use: file sync; alternative contexts: peripheral, learning plan.",troubleshooting,file_sync,mixedbread-ai/mxbai-embed-large-v1,0.6376529335975647,9,sentence-transformers/all-MiniLM-L6-v2,,,,pending,
youth,uncertain,"A term statistically associated with teenagers, young, industry, teens. Selected corpus use: computing; alternative contexts: physical safety, medical information.",explanation_learning,computing,mixedbread-ai/mxbai-embed-large-v1,0.6381524801254272,2,sentence-transformers/all-MiniLM-L6-v2,0.537712812423706,2,,pending,
cleaning,uncertain,"A term statistically associated with clean, supplies, toilet, organizing. Selected corpus use: data literacy; alternative contexts: network connection, peripheral.",explanation_learning,data_literacy,mixedbread-ai/mxbai-embed-large-v1,0.6384774446487427,3,sentence-transformers/all-MiniLM-L6-v2,0.3900558352470398,3,,pending,
region,uncertain,"A term statistically associated with eastern, located, flowing, southwest. Selected corpus use: proportions; alternative contexts: network connection, file sync.",reasoning_verification,proportions,mixedbread-ai/mxbai-embed-large-v1,0.6390167474746704,2,sentence-transformers/all-MiniLM-L6-v2,0.3497689962387085,2,,pending,
employer,uncertain,"A term statistically associated with employee, employees, largest, employment. Selected corpus use: schedule math; alternative contexts: travel plan, purchase decision.",reasoning_verification,schedule_math,mixedbread-ai/mxbai-embed-large-v1,0.6393522024154663,1,sentence-transformers/all-MiniLM-L6-v2,0.40319687128067017,2,,pending,
breathing,uncertain,"A term statistically associated with meditation, deep, oxygen, dioxide. Selected corpus use: loss disappointment; alternative contexts: learning plan, network connection.",conversation_empathy,loss_disappointment,mixedbread-ai/mxbai-embed-large-v1,0.6394762992858887,1,sentence-transformers/all-MiniLM-L6-v2,0.41014790534973145,1,,pending,
wireless,uncertain,"A term statistically associated with charging, networking, radio, devices. Selected corpus use: low cost activity; alternative contexts: network connection, software install.",brainstorming_creativity,low_cost_activity,mixedbread-ai/mxbai-embed-large-v1,0.6396409273147583,3,sentence-transformers/all-MiniLM-L6-v2,0.34284740686416626,3,,pending,
age,uncertain,"A term statistically associated with years, ages, increased, older. Selected corpus use: inventory record; alternative contexts: learning plan, small project.",extraction_classification,inventory_record,mixedbread-ai/mxbai-embed-large-v1,0.6402549743652344,1,sentence-transformers/all-MiniLM-L6-v2,0.3490828573703766,1,,pending,
company's,uncertain,"A term statistically associated with company, brand, investors, revenue. Selected corpus use: feature ideas; alternative contexts: network connection, software install.",brainstorming_creativity,feature_ideas,mixedbread-ai/mxbai-embed-large-v1,0.6408329010009766,5,sentence-transformers/all-MiniLM-L6-v2,0.41543295979499817,8,,pending,
asset,uncertain,"A term statistically associated with portfolio, classes, bonds, investment. Selected corpus use: sequence pattern; alternative contexts: purchase decision, learning plan.",reasoning_verification,sequence_pattern,mixedbread-ai/mxbai-embed-large-v1,0.6408449411392212,5,sentence-transformers/all-MiniLM-L6-v2,0.32136327028274536,3,,pending,
fear,uncertain,"A term statistically associated with anxiety, overcome, heights, anger. Selected corpus use: low cost activity; alternative contexts: uncertain change, small project.",brainstorming_creativity,low_cost_activity,mixedbread-ai/mxbai-embed-large-v1,0.6409014463424683,2,sentence-transformers/all-MiniLM-L6-v2,0.37986984848976135,3,,pending,
pace,uncertain,"A term statistically associated with slower, slow, fast, running. Selected corpus use: meeting notes; alternative contexts: learning plan, small project.",writing_transformation,meeting_notes,mixedbread-ai/mxbai-embed-large-v1,0.6409014463424683,1,sentence-transformers/all-MiniLM-L6-v2,0.33457714319229126,5,,pending,
hand,uncertain,"A term statistically associated with coordination, fingers, left, right. Selected corpus use: web form; alternative contexts: small project, learning plan.",troubleshooting,web_form,mixedbread-ai/mxbai-embed-large-v1,0.6417168974876404,6,sentence-transformers/all-MiniLM-L6-v2,,,,pending,
inches,uncertain,"A term statistically associated with measures, tall, sizes, weigh. Selected corpus use: project update; alternative contexts: support reply, email.",summarization_synthesis,project_update,mixedbread-ai/mxbai-embed-large-v1,0.6417946815490723,6,sentence-transformers/all-MiniLM-L6-v2,,,,pending,
months,uncertain,"A term statistically associated with six, age, summer, winter. Selected corpus use: schedule entry; alternative contexts: small project, learning plan.",extraction_classification,schedule_entry,mixedbread-ai/mxbai-embed-large-v1,0.6422560811042786,2,sentence-transformers/all-MiniLM-L6-v2,0.2856016755104065,3,,pending,
toys,uncertain,"A term statistically associated with toy, treats, blocks, cat. Selected corpus use: physical science; alternative contexts: file sync, network connection.",explanation_learning,physical_science,mixedbread-ai/mxbai-embed-large-v1,0.6430997848510742,1,sentence-transformers/all-MiniLM-L6-v2,0.4219493567943573,8,,pending,
weather,uncertain,"A term statistically associated with sunny, warm, rainy, extreme. Selected corpus use: travel information; alternative contexts: learning plan, travel plan.",grounded_qa,travel_information,mixedbread-ai/mxbai-embed-large-v1,0.6434868574142456,2,sentence-transformers/all-MiniLM-L6-v2,0.37659722566604614,1,,pending,
morning,uncertain,"A term statistically associated with wake, afternoon, breakfast, evening. Selected corpus use: inventory record; alternative contexts: learning plan, small project.",extraction_classification,inventory_record,mixedbread-ai/mxbai-embed-large-v1,0.6438895463943481,1,sentence-transformers/all-MiniLM-L6-v2,0.5157442688941956,1,,pending,
seasonal,uncertain,"A term statistically associated with winds, vegan, growth, season. Selected corpus use: timeline ambiguity; alternative contexts: learning plan, network connection.",context_clarification,timeline_ambiguity,mixedbread-ai/mxbai-embed-large-v1,0.6441717743873596,1,sentence-transformers/all-MiniLM-L6-v2,0.41945692896842957,1,,pending,
dirty,uncertain,"A term statistically associated with sink, clean, dirt, dancing. Selected corpus use: timeline ambiguity; alternative contexts: purchase decision, travel plan.",context_clarification,timeline_ambiguity,mixedbread-ai/mxbai-embed-large-v1,0.6447229385375977,1,sentence-transformers/all-MiniLM-L6-v2,0.3099822700023651,2,,pending,
run,uncertain,"A term statistically associated with running, marathon, swim, fast. Selected corpus use: support reply; alternative contexts: learning plan, small project.",writing_transformation,support_reply,mixedbread-ai/mxbai-embed-large-v1,0.6450262069702148,3,sentence-transformers/all-MiniLM-L6-v2,0.4059305787086487,1,,pending,
sounds,uncertain,"A term statistically associated with pulse, hear, melody, smells. Selected corpus use: writing prompts; alternative contexts: meeting notes, email.",brainstorming_creativity,writing_prompts,mixedbread-ai/mxbai-embed-large-v1,0.6451777219772339,5,sentence-transformers/all-MiniLM-L6-v2,0.17615799605846405,4,,pending,
atmosphere,uncertain,"A term statistically associated with planet's, gases, dioxide, carbon. Selected corpus use: schedule entry; alternative contexts: learning plan, travel plan.",extraction_classification,schedule_entry,mixedbread-ai/mxbai-embed-large-v1,0.6487361192703247,6,sentence-transformers/all-MiniLM-L6-v2,0.39956989884376526,2,,pending,
poor,uncertain,"A term statistically associated with rich, dad, lack, diabetes. Selected corpus use: interface copy; alternative contexts: learning plan, small project.",critique_revision,interface_copy,mixedbread-ai/mxbai-embed-large-v1,0.6490451097488403,1,sentence-transformers/all-MiniLM-L6-v2,0.2626957595348358,2,,pending,
readers,uncertain,"A term statistically associated with popularity, book, books, critics. Selected corpus use: project update; alternative contexts: travel plan, learning plan.",writing_transformation,project_update,mixedbread-ai/mxbai-embed-large-v1,0.6494410634040833,3,sentence-transformers/all-MiniLM-L6-v2,0.27178895473480225,5,,pending,
ice,uncertain,"A term statistically associated with cream, hockey, skating, frozen. Selected corpus use: proportions; alternative contexts: network connection, software install.",reasoning_verification,proportions,mixedbread-ai/mxbai-embed-large-v1,0.6520709991455078,1,sentence-transformers/all-MiniLM-L6-v2,0.361774206161499,1,,pending,
smells,uncertain,"A term statistically associated with bad, smell, nice, sounds. Selected corpus use: policy excerpt; alternative contexts: data pipeline, network connection.",grounded_qa,policy_excerpt,mixedbread-ai/mxbai-embed-large-v1,0.6520993113517761,2,sentence-transformers/all-MiniLM-L6-v2,0.35367459058761597,2,,pending,
volcano,uncertain,"A term statistically associated with volcanic, hike, tallest, mountain. Selected corpus use: interface copy; alternative contexts: travel plan, life science.",critique_revision,interface_copy,mixedbread-ai/mxbai-embed-large-v1,0.6531861424446106,6,sentence-transformers/all-MiniLM-L6-v2,,,,pending,
beneficial,uncertain,"A term statistically associated with diet, benefits, proved, deeper. Selected corpus use: lesson activity; alternative contexts: network connection, event plan.",brainstorming_creativity,lesson_activity,mixedbread-ai/mxbai-embed-large-v1,0.6536728143692017,4,sentence-transformers/all-MiniLM-L6-v2,0.30343133211135864,1,,pending,
playing,uncertain,"A term statistically associated with games, game, role, guitar. Selected corpus use: lesson activity; alternative contexts: small project, learning plan.",brainstorming_creativity,lesson_activity,mixedbread-ai/mxbai-embed-large-v1,0.6536833047866821,1,sentence-transformers/all-MiniLM-L6-v2,0.3804958462715149,1,,pending,
friend,uncertain,"A term statistically associated with friends, phone, wearing, asked. Selected corpus use: project update; alternative contexts: work stress, uncertain change.",writing_transformation,project_update,mixedbread-ai/mxbai-embed-large-v1,0.6542354822158813,2,sentence-transformers/all-MiniLM-L6-v2,0.20121487975120544,2,,pending,
exercises,uncertain,"A term statistically associated with ups, cardio, bench, strength. Selected corpus use: computing; alternative contexts: life science, media literacy.",explanation_learning,computing,mixedbread-ai/mxbai-embed-large-v1,0.6544845700263977,1,sentence-transformers/all-MiniLM-L6-v2,0.3277645409107208,1,,pending,
freezing,uncertain,"A term statistically associated with temperatures, frozen, degrees, ice. Selected corpus use: incident log; alternative contexts: travel plan, network connection.",summarization_synthesis,incident_log,mixedbread-ai/mxbai-embed-large-v1,0.6550042629241943,1,sentence-transformers/all-MiniLM-L6-v2,0.4156615436077118,1,,pending,
lunch,uncertain,"A term statistically associated with breakfast, dinner, picnic, eat. Selected corpus use: schedule entry; alternative contexts: small project, purchase decision.",extraction_classification,schedule_entry,mixedbread-ai/mxbai-embed-large-v1,0.6552455425262451,2,sentence-transformers/all-MiniLM-L6-v2,0.5276504755020142,1,,pending,
baby,uncertain,"A term statistically associated with babies, sleep, birth, crying. Selected corpus use: schedule math; alternative contexts: small project, learning plan.",reasoning_verification,schedule_math,mixedbread-ai/mxbai-embed-large-v1,0.6555922627449036,1,sentence-transformers/all-MiniLM-L6-v2,0.2770356237888336,1,,pending,
fur,uncertain,"A term statistically associated with tails, cat's, soft, feathers. Selected corpus use: writing prompts; alternative contexts: peripheral, network connection.",brainstorming_creativity,writing_prompts,mixedbread-ai/mxbai-embed-large-v1,0.656083881855011,6,sentence-transformers/all-MiniLM-L6-v2,,,,pending,
electrical,uncertain,"A term statistically associated with engineering, electric, electricity, involve. Selected corpus use: physical science; alternative contexts: purchase decision, peripheral.",explanation_learning,physical_science,mixedbread-ai/mxbai-embed-large-v1,0.6561676263809204,1,sentence-transformers/all-MiniLM-L6-v2,0.5327619314193726,3,,pending,
desk,uncertain,"A term statistically associated with office, couch, standing, lighting. Selected corpus use: retail returns; alternative contexts: home repair, small project.",practical_action,retail_returns,mixedbread-ai/mxbai-embed-large-v1,0.6572899222373962,1,sentence-transformers/all-MiniLM-L6-v2,0.40302640199661255,1,,pending,
spicy,uncertain,"A term statistically associated with chili, peppers, garlic, chicken. Selected corpus use: workflow; alternative contexts: physical safety, shopping arithmetic.",brainstorming_creativity,workflow,mixedbread-ai/mxbai-embed-large-v1,0.6578441262245178,8,sentence-transformers/all-MiniLM-L6-v2,,,,pending,
economic,uncertain,"A term statistically associated with growth, political, economics, crisis. Selected corpus use: file sync; alternative contexts: purchase decision, learning plan.",troubleshooting,file_sync,mixedbread-ai/mxbai-embed-large-v1,0.6581135988235474,2,sentence-transformers/all-MiniLM-L6-v2,0.4359414875507355,6,,pending,
pig,uncertain,"A term statistically associated with cow, pork, reptiles, parrot. Selected corpus use: project update; alternative contexts: travel plan, peripheral.",writing_transformation,project_update,mixedbread-ai/mxbai-embed-large-v1,0.6593431234359741,8,sentence-transformers/all-MiniLM-L6-v2,0.42888301610946655,5,,pending,
days,uncertain,"A term statistically associated with week, years, weeks, spent. Selected corpus use: schedule entry; alternative contexts: small project, learning plan.",extraction_classification,schedule_entry,mixedbread-ai/mxbai-embed-large-v1,0.6599084138870239,1,sentence-transformers/all-MiniLM-L6-v2,0.3939325511455536,1,,pending,
saving,uncertain,"A term statistically associated with money, savings, saved, save. Selected corpus use: timeline ambiguity; alternative contexts: small project, learning plan.",context_clarification,timeline_ambiguity,mixedbread-ai/mxbai-embed-large-v1,0.6604688167572021,1,sentence-transformers/all-MiniLM-L6-v2,0.5121663808822632,2,,pending,
heroes,uncertain,"A term statistically associated with legend, hero, brave, battle. Selected corpus use: learning notes; alternative contexts: travel plan, peripheral.",summarization_synthesis,learning_notes,mixedbread-ai/mxbai-embed-large-v1,0.6633303165435791,2,sentence-transformers/all-MiniLM-L6-v2,0.3547508120536804,8,,pending,
smoking,uncertain,"A term statistically associated with quit, disease, chronic, smoke. Selected corpus use: proportions; alternative contexts: physical safety, financial decision.",reasoning_verification,proportions,mixedbread-ai/mxbai-embed-large-v1,0.663406491279602,3,sentence-transformers/all-MiniLM-L6-v2,0.4783690273761749,4,,pending,
automated,uncertain,"A term statistically associated with automation, machines, machine, capabilities. Selected corpus use: workflow; alternative contexts: network connection, software install.",brainstorming_creativity,workflow,mixedbread-ai/mxbai-embed-large-v1,0.6648011803627014,9,sentence-transformers/all-MiniLM-L6-v2,0.5617853999137878,4,,pending,
ecosystem,uncertain,"A term statistically associated with habitats, contribute, organisms, landscape. Selected corpus use: instructions; alternative contexts: financial decision, software install.",critique_revision,instructions,mixedbread-ai/mxbai-embed-large-v1,0.6650900840759277,1,sentence-transformers/all-MiniLM-L6-v2,0.5482737421989441,1,,pending,
productive,uncertain,"A term statistically associated with years, productivity, feel, highly. Selected corpus use: schedule entry; alternative contexts: small project, learning plan.",extraction_classification,schedule_entry,mixedbread-ai/mxbai-embed-large-v1,0.6662194728851318,2,sentence-transformers/all-MiniLM-L6-v2,0.4288296103477478,2,,pending,
rivers,uncertain,"A term statistically associated with lakes, freshwater, river, streams. Selected corpus use: learning notes; alternative contexts: physical science, life science.",summarization_synthesis,learning_notes,mixedbread-ai/mxbai-embed-large-v1,0.6666224002838135,4,sentence-transformers/all-MiniLM-L6-v2,0.4462698698043823,12,,pending,
running,uncertain,"A term statistically associated with run, mate, cardio, shoes. Selected corpus use: support reply; alternative contexts: network connection, learning plan.",writing_transformation,support_reply,mixedbread-ai/mxbai-embed-large-v1,0.6666443347930908,2,sentence-transformers/all-MiniLM-L6-v2,0.47730445861816406,2,,pending,
lighting,uncertain,"A term statistically associated with lights, light, realistic, desk. Selected corpus use: low cost activity; alternative contexts: learning plan, small project.",brainstorming_creativity,low_cost_activity,mixedbread-ai/mxbai-embed-large-v1,0.6678915023803711,1,sentence-transformers/all-MiniLM-L6-v2,0.5892832279205322,2,,pending,
industry,uncertain,"A term statistically associated with industries, mining, renewable, electrical. Selected corpus use: low cost activity; alternative contexts: small project, purchase decision.",brainstorming_creativity,low_cost_activity,mixedbread-ai/mxbai-embed-large-v1,0.66893070936203,2,sentence-transformers/all-MiniLM-L6-v2,0.39571890234947205,2,,pending,
singing,uncertain,"A term statistically associated with sing, dancing, song, songs. Selected corpus use: project update; alternative contexts: web form, peripheral.",writing_transformation,project_update,mixedbread-ai/mxbai-embed-large-v1,0.6691027879714966,1,sentence-transformers/all-MiniLM-L6-v2,0.5116960406303406,1,,pending,
string,uncertain,"A term statistically associated with instrument, guitar, strings, split. Selected corpus use: format preference; alternative contexts: purchase decision, learning plan.",context_clarification,format_preference,mixedbread-ai/mxbai-embed-large-v1,0.6698073148727417,12,sentence-transformers/all-MiniLM-L6-v2,,,,pending,
card,uncertain,"A term statistically associated with credit, cards, payment, bank. Selected corpus use: travel information; alternative contexts: network connection, privacy security.",grounded_qa,travel_information,mixedbread-ai/mxbai-embed-large-v1,0.6700776219367981,3,sentence-transformers/all-MiniLM-L6-v2,0.23755082488059998,3,,pending,
camping,uncertain,"A term statistically associated with tent, hiking, sleeping, fishing. Selected corpus use: shopping arithmetic; alternative contexts: learning plan, small project.",reasoning_verification,shopping_arithmetic,mixedbread-ai/mxbai-embed-large-v1,0.6712379455566406,7,sentence-transformers/all-MiniLM-L6-v2,0.4237843453884125,3,,pending,
meal,uncertain,"A term statistically associated with protein, beef, vegetables, meals. Selected corpus use: workflow; alternative contexts: small project, event plan.",brainstorming_creativity,workflow,mixedbread-ai/mxbai-embed-large-v1,0.6719480752944946,1,sentence-transformers/all-MiniLM-L6-v2,0.5307334065437317,4,,pending,
teeth,uncertain,"A term statistically associated with brush, toothpaste, oral, tooth. Selected corpus use: research notes; alternative contexts: learning plan, small project.",summarization_synthesis,research_notes,mixedbread-ai/mxbai-embed-large-v1,0.6731525659561157,1,sentence-transformers/all-MiniLM-L6-v2,0.4889252781867981,11,,pending,
millions,uncertain,"A term statistically associated with dollars, billions, hundreds, people. Selected corpus use: travel information; alternative contexts: small project, purchase decision.",grounded_qa,travel_information,mixedbread-ai/mxbai-embed-large-v1,0.6744385361671448,4,sentence-transformers/all-MiniLM-L6-v2,0.355455219745636,3,,pending,
nutrition,uncertain,"A term statistically associated with diet, proper, sugars, minerals. Selected corpus use: argument; alternative contexts: small project, financial decision.",critique_revision,argument,mixedbread-ai/mxbai-embed-large-v1,0.6773498058319092,2,sentence-transformers/all-MiniLM-L6-v2,0.519951581954956,2,,pending,
banana,uncertain,"A term statistically associated with bananas, mashed, fruit, orange. Selected corpus use: case note; alternative contexts: article excerpt, policy excerpt.",extraction_classification,case_note,mixedbread-ai/mxbai-embed-large-v1,0.6774114370346069,8,sentence-transformers/all-MiniLM-L6-v2,,,,pending,
darkness,uncertain,"A term statistically associated with shadow, light, night, blind. Selected corpus use: schedule entry; alternative contexts: purchase decision, small project.",extraction_classification,schedule_entry,mixedbread-ai/mxbai-embed-large-v1,0.6780391335487366,6,sentence-transformers/all-MiniLM-L6-v2,,,,pending,
flies,uncertain,"A term statistically associated with fly, wings, insects, butterflies. Selected corpus use: data literacy; alternative contexts: small project, learning plan.",explanation_learning,data_literacy,mixedbread-ai/mxbai-embed-large-v1,0.6807066202163696,1,sentence-transformers/all-MiniLM-L6-v2,0.5043282508850098,3,,pending,
workout,uncertain,"A term statistically associated with cardio, gym, muscle, intensity. Selected corpus use: instructions; alternative contexts: web form, physical safety.",critique_revision,instructions,mixedbread-ai/mxbai-embed-large-v1,0.6830481290817261,3,sentence-transformers/all-MiniLM-L6-v2,0.4514870047569275,4,,pending,
medical,uncertain,"A term statistically associated with physician, imaging, medicine, doctor. Selected corpus use: low cost activity; alternative contexts: medical information, financial decision.",brainstorming_creativity,low_cost_activity,mixedbread-ai/mxbai-embed-large-v1,0.6832168102264404,4,sentence-transformers/all-MiniLM-L6-v2,0.5538201332092285,5,,pending,
skiing,uncertain,"A term statistically associated with ski, winter, snow, mountain. Selected corpus use: proportions; alternative contexts: small project, learning plan.",reasoning_verification,proportions,mixedbread-ai/mxbai-embed-large-v1,0.6848142147064209,3,sentence-transformers/all-MiniLM-L6-v2,0.577410876750946,1,,pending,
burned,uncertain,"A term statistically associated with fire, burning, injured, brown. Selected corpus use: timeline ambiguity; alternative contexts: small project, purchase decision.",context_clarification,timeline_ambiguity,mixedbread-ai/mxbai-embed-large-v1,0.6858984231948853,1,sentence-transformers/all-MiniLM-L6-v2,0.40658822655677795,2,,pending,
bottle,uncertain,"A term statistically associated with wine, water, bottles, storing. Selected corpus use: learning notes; alternative contexts: uncertain change, loss disappointment.",summarization_synthesis,learning_notes,mixedbread-ai/mxbai-embed-large-v1,0.6864454746246338,4,sentence-transformers/all-MiniLM-L6-v2,0.41359880566596985,14,,pending,
soil,uncertain,"A term statistically associated with compost, sandy, clay, plants. Selected corpus use: media literacy; alternative contexts: small project, purchase decision.",explanation_learning,media_literacy,mixedbread-ai/mxbai-embed-large-v1,0.6874494552612305,1,sentence-transformers/all-MiniLM-L6-v2,0.5128207206726074,1,,pending,
bank,uncertain,"A term statistically associated with banks, reserve, accounts, deposits. Selected corpus use: personal finance; alternative contexts: network connection, peripheral.",explanation_learning,personal_finance,mixedbread-ai/mxbai-embed-large-v1,0.6878249049186707,6,sentence-transformers/all-MiniLM-L6-v2,,,,pending,
tail,uncertain,"A term statistically associated with tails, habitats, pin, legs. Selected corpus use: writing prompts; alternative contexts: email, support reply.",brainstorming_creativity,writing_prompts,mixedbread-ai/mxbai-embed-large-v1,0.6941478252410889,7,sentence-transformers/all-MiniLM-L6-v2,,,,pending,
beach,uncertain,"A term statistically associated with sand, beaches, towels, ocean. Selected corpus use: low cost activity; alternative contexts: learning plan, small project.",brainstorming_creativity,low_cost_activity,mixedbread-ai/mxbai-embed-large-v1,0.6943203210830688,2,sentence-transformers/all-MiniLM-L6-v2,0.5595022439956665,1,,pending,
threat,uncertain,"A term statistically associated with perceived, threats, serious, humanity. Selected corpus use: writing prompts; alternative contexts: small project, learning plan.",brainstorming_creativity,writing_prompts,mixedbread-ai/mxbai-embed-large-v1,0.6948646306991577,4,sentence-transformers/all-MiniLM-L6-v2,0.44826486706733704,4,,pending,
talking,uncertain,"A term statistically associated with someone, you're, we're, talk. Selected corpus use: technical explanation; alternative contexts: peripheral, network connection.",writing_transformation,technical_explanation,mixedbread-ai/mxbai-embed-large-v1,0.6956232786178589,2,sentence-transformers/all-MiniLM-L6-v2,0.49458056688308716,1,,pending,
sound,uncertain,"A term statistically associated with guitar, waves, hear, audio. Selected corpus use: technical explanation; alternative contexts: travel plan, small project.",writing_transformation,technical_explanation,mixedbread-ai/mxbai-embed-large-v1,0.6979336738586426,2,sentence-transformers/all-MiniLM-L6-v2,0.40633758902549744,1,,pending,
blind,uncertain,"A term statistically associated with blindness, sight, color, see. Selected corpus use: low cost activity; alternative contexts: achievement, social mistake.",brainstorming_creativity,low_cost_activity,mixedbread-ai/mxbai-embed-large-v1,0.6994263529777527,1,sentence-transformers/all-MiniLM-L6-v2,0.5798615217208862,4,,pending,
dance,uncertain,"A term statistically associated with ballet, music, dancing, movements. Selected corpus use: meeting notes; alternative contexts: learning plan, small project.",writing_transformation,meeting_notes,mixedbread-ai/mxbai-embed-large-v1,0.7161579132080078,2,sentence-transformers/all-MiniLM-L6-v2,0.5262251496315002,1,,pending,
absolute,uncertain,"A term statistically associated with shock, accepted, always, division. Selected corpus use: peripheral; alternative contexts: purchase decision, network connection.",troubleshooting,peripheral,mixedbread-ai/mxbai-embed-large-v1,,,sentence-transformers/all-MiniLM-L6-v2,0.23266607522964478,6,,pending,
absolutely,uncertain,"A term statistically associated with hate, men, loved, amazing. Selected corpus use: peripheral; alternative contexts: small project, purchase decision.",troubleshooting,peripheral,mixedbread-ai/mxbai-embed-large-v1,,,sentence-transformers/all-MiniLM-L6-v2,0.13595831394195557,8,,pending,
absorb,uncertain,"A term statistically associated with greenhouse, gases, tissues, calcium. Selected corpus use: email; alternative contexts: physical safety, medical information.",writing_transformation,email,mixedbread-ai/mxbai-embed-large-v1,,,sentence-transformers/all-MiniLM-L6-v2,0.19442561268806458,10,,pending,
abstract,uncertain,"A term statistically associated with art, painting, paintings, academic. Selected corpus use: research notes; alternative contexts: email, support reply.",summarization_synthesis,research_notes,mixedbread-ai/mxbai-embed-large-v1,,,sentence-transformers/all-MiniLM-L6-v2,0.20101667940616608,9,,pending,
acceleration,uncertain,"A term statistically associated with velocity, gravity, seconds, speed. Selected corpus use: event plan; alternative contexts: peripheral, data pipeline.",brainstorming_creativity,event_plan,mixedbread-ai/mxbai-embed-large-v1,,,sentence-transformers/all-MiniLM-L6-v2,0.35603371262550354,6,,pending,
accent,uncertain,"A term statistically associated with sound, brothers, heard, area. Selected corpus use: feature ideas; alternative contexts: event plan, low cost activity.",brainstorming_creativity,feature_ideas,mixedbread-ai/mxbai-embed-large-v1,,,sentence-transformers/all-MiniLM-L6-v2,0.24795858561992645,6,,pending,
activist,uncertain,"A term statistically associated with rights, civil, political, minister. Selected corpus use: proportions; alternative contexts: software install, data pipeline.",reasoning_verification,proportions,mixedbread-ai/mxbai-embed-large-v1,,,sentence-transformers/all-MiniLM-L6-v2,0.2966608703136444,6,,pending,
adopt,uncertain,"A term statistically associated with strategies, consumers, facility, governments. Selected corpus use: meeting notes; alternative contexts: privacy security, financial decision.",writing_transformation,meeting_notes,mixedbread-ai/mxbai-embed-large-v1,,,sentence-transformers/all-MiniLM-L6-v2,0.07336591929197311,10,,pending,
advertising,uncertain,"A term statistically associated with revenue, marketing, campaigns, campaign. Selected corpus use: project update; alternative contexts: media literacy, home repair.",writing_transformation,project_update,mixedbread-ai/mxbai-embed-large-v1,,,sentence-transformers/all-MiniLM-L6-v2,0.47802114486694336,7,,pending,
aggressive,uncertain,"A term statistically associated with behaviors, fever, bet, infection. Selected corpus use: low cost activity; alternative contexts: peripheral, data pipeline.",brainstorming_creativity,low_cost_activity,mixedbread-ai/mxbai-embed-large-v1,,,sentence-transformers/all-MiniLM-L6-v2,0.18413472175598145,6,,pending,
aliens,uncertain,"A term statistically associated with alien, exist, universe, creatures. Selected corpus use: retail returns; alternative contexts: learning plan, purchase decision.",practical_action,retail_returns,mixedbread-ai/mxbai-embed-large-v1,,,sentence-transformers/all-MiniLM-L6-v2,0.386347234249115,6,,pending,
angles,uncertain,"A term statistically associated with triangle, angle, degrees, sides. Selected corpus use: survey response; alternative contexts: simple probability, web form.",extraction_classification,survey_response,mixedbread-ai/mxbai-embed-large-v1,,,sentence-transformers/all-MiniLM-L6-v2,0.5462286472320557,7,,pending,
apparently,uncertain,"A term statistically associated with lightning, charge, large, friend. Selected corpus use: receipt; alternative contexts: network connection, web form.",extraction_classification,receipt,mixedbread-ai/mxbai-embed-large-v1,,,sentence-transformers/all-MiniLM-L6-v2,0.08606362342834473,6,,pending,
appearance,uncertain,"A term statistically associated with gave, color, elite, facial. Selected corpus use: physical science; alternative contexts: event plan, physical safety.",explanation_learning,physical_science,mixedbread-ai/mxbai-embed-large-v1,,,sentence-transformers/all-MiniLM-L6-v2,0.34788694977760315,8,,pending,
appointed,uncertain,"A term statistically associated with secretary, mayor, governor, professor. Selected corpus use: instructions; alternative contexts: network connection, financial decision.",critique_revision,instructions,mixedbread-ai/mxbai-embed-large-v1,,,sentence-transformers/all-MiniLM-L6-v2,0.37213385105133057,8,,pending,
assessment,uncertain,"A term statistically associated with self, fitness, skills, interest. Selected corpus use: learning notes; alternative contexts: schedule math, incident log.",summarization_synthesis,learning_notes,mixedbread-ai/mxbai-embed-large-v1,,,sentence-transformers/all-MiniLM-L6-v2,0.3349573314189911,6,,pending,
associate,uncertain,"A term statistically associated with professor, solutions, served, degree. Selected corpus use: learning plan; alternative contexts: privacy security, travel plan.",planning_comparison,learning_plan,mixedbread-ai/mxbai-embed-large-v1,,,sentence-transformers/all-MiniLM-L6-v2,0.18140384554862976,6,,pending,
automatically,uncertain,"A term statistically associated with boot, programs, click, receive. Selected corpus use: account access; alternative contexts: software install, network connection.",practical_action,account_access,mixedbread-ai/mxbai-embed-large-v1,,,sentence-transformers/all-MiniLM-L6-v2,0.2547868490219116,6,,pending,
bath,uncertain,"A term statistically associated with shower, soap, toothpaste, bathroom. Selected corpus use: relationship tension; alternative contexts: event plan, physical safety.",conversation_empathy,relationship_tension,mixedbread-ai/mxbai-embed-large-v1,,,sentence-transformers/all-MiniLM-L6-v2,0.4243423342704773,6,,pending,
battles,uncertain,"A term statistically associated with fought, battle, war, fighting. Selected corpus use: social mistake; alternative contexts: learning plan, policy memo.",conversation_empathy,social_mistake,mixedbread-ai/mxbai-embed-large-v1,,,sentence-transformers/all-MiniLM-L6-v2,0.4903185963630676,7,,pending,
beer,uncertain,"A term statistically associated with ale, wine, brewing, brew. Selected corpus use: meeting notes; alternative contexts: physical safety, learning plan.",writing_transformation,meeting_notes,mixedbread-ai/mxbai-embed-large-v1,,,sentence-transformers/all-MiniLM-L6-v2,0.4678630530834198,8,,pending,
behaviors,uncertain,"A term statistically associated with interests, restricted, unusual, aggressive. Selected corpus use: physical science; alternative contexts: travel plan, learning plan.",explanation_learning,physical_science,mixedbread-ai/mxbai-embed-large-v1,,,sentence-transformers/all-MiniLM-L6-v2,0.325722873210907,6,,pending,
bench,uncertain,"A term statistically associated with press, squat, exercises, overhead. Selected corpus use: writing prompts; alternative contexts: small project, learning plan.",brainstorming_creativity,writing_prompts,mixedbread-ai/mxbai-embed-large-v1,,,sentence-transformers/all-MiniLM-L6-v2,0.30026769638061523,7,,pending,
bitter,uncertain,"A term statistically associated with taste, sour, coffee, flavor. Selected corpus use: research notes; alternative contexts: email, project update.",summarization_synthesis,research_notes,mixedbread-ai/mxbai-embed-large-v1,,,sentence-transformers/all-MiniLM-L6-v2,0.3592716157436371,9,,pending,
bodies,uncertain,"A term statistically associated with heads, planets, water, dwarf. Selected corpus use: small project; alternative contexts: event plan, learning plan.",planning_comparison,small_project,mixedbread-ai/mxbai-embed-large-v1,,,sentence-transformers/all-MiniLM-L6-v2,0.2484797239303589,6,,pending,
bow,uncertain,"A term statistically associated with shaped, dress, weapon, stem. Selected corpus use: civics; alternative contexts: purchase decision, learning plan.",explanation_learning,civics,mixedbread-ai/mxbai-embed-large-v1,,,sentence-transformers/all-MiniLM-L6-v2,0.22169947624206543,8,,pending,
bring,uncertain,"A term statistically associated with boil, clothes, pot, snacks. Selected corpus use: software install; alternative contexts: small project, learning plan.",troubleshooting,software_install,mixedbread-ai/mxbai-embed-large-v1,,,sentence-transformers/all-MiniLM-L6-v2,0.1254620999097824,7,,pending,
caffeine,uncertain,"A term statistically associated with coffee, alcohol, intake, tea. Selected corpus use: instructions; alternative contexts: small project, learning plan.",critique_revision,instructions,mixedbread-ai/mxbai-embed-large-v1,,,sentence-transformers/all-MiniLM-L6-v2,0.5080994367599487,10,,pending,
cargo,uncertain,"A term statistically associated with dragon, crew, passengers, spacecraft. Selected corpus use: email draft; alternative contexts: project plan, learning plan.",critique_revision,email_draft,mixedbread-ai/mxbai-embed-large-v1,,,sentence-transformers/all-MiniLM-L6-v2,0.3223194479942322,6,,pending,
catch,uncertain,"A term statistically associated with fish, breath, fishing, prey. Selected corpus use: web form; alternative contexts: small project, learning plan.",troubleshooting,web_form,mixedbread-ai/mxbai-embed-large-v1,,,sentence-transformers/all-MiniLM-L6-v2,0.23100365698337555,10,,pending,
celebrate,uncertain,"A term statistically associated with birthday, holiday, day, party. Selected corpus use: research notes; alternative contexts: travel plan, small project.",summarization_synthesis,research_notes,mixedbread-ai/mxbai-embed-large-v1,,,sentence-transformers/all-MiniLM-L6-v2,0.3367561101913452,12,,pending,
centre,uncertain,"A term statistically associated with city, road, center, area. Selected corpus use: research notes; alternative contexts: learning notes, policy memo.",summarization_synthesis,research_notes,mixedbread-ai/mxbai-embed-large-v1,,,sentence-transformers/all-MiniLM-L6-v2,0.30566510558128357,11,,pending,
cereal,uncertain,"A term statistically associated with breakfast, rice, yogurt, milk. Selected corpus use: survey response; alternative contexts: peripheral, web form.",extraction_classification,survey_response,mixedbread-ai/mxbai-embed-large-v1,,,sentence-transformers/all-MiniLM-L6-v2,0.46741563081741333,6,,pending,
chips,uncertain,"A term statistically associated with chocolate, potato, fries, butter. Selected corpus use: policy memo; alternative contexts: survey response, article excerpt.",summarization_synthesis,policy_memo,mixedbread-ai/mxbai-embed-large-v1,,,sentence-transformers/all-MiniLM-L6-v2,0.3470880389213562,9,,pending,
claimed,uncertain,"A term statistically associated with agents, throne, attack, government. Selected corpus use: event registration; alternative contexts: event plan, network connection.",practical_action,event_registration,mixedbread-ai/mxbai-embed-large-v1,,,sentence-transformers/all-MiniLM-L6-v2,0.03702889382839203,10,,pending,
classical,uncertain,"A term statistically associated with quantum, music, folk, styles. Selected corpus use: web form; alternative contexts: peripheral, learning plan.",troubleshooting,web_form,mixedbread-ai/mxbai-embed-large-v1,,,sentence-transformers/all-MiniLM-L6-v2,0.40550535917282104,9,,pending,
clay,uncertain,"A term statistically associated with soil, pots, sand, ball. Selected corpus use: retail returns; alternative contexts: small project, learning plan.",practical_action,retail_returns,mixedbread-ai/mxbai-embed-large-v1,,,sentence-transformers/all-MiniLM-L6-v2,0.36013177037239075,7,,pending,
clothing,uncertain,"A term statistically associated with shoes, exotic, brand, shoe. Selected corpus use: case note; alternative contexts: physical safety, receipt.",extraction_classification,case_note,mixedbread-ai/mxbai-embed-large-v1,,,sentence-transformers/all-MiniLM-L6-v2,0.3803589642047882,6,,pending,
cloud,uncertain,"A term statistically associated with infrastructure, clouds, droplets, platform. Selected corpus use: issue ticket; alternative contexts: software install, network connection.",extraction_classification,issue_ticket,mixedbread-ai/mxbai-embed-large-v1,,,sentence-transformers/all-MiniLM-L6-v2,0.4571647644042969,7,,pending,
clouds,uncertain,"A term statistically associated with droplets, surface, crystals, sky. Selected corpus use: survey response; alternative contexts: financial decision, receipt.",extraction_classification,survey_response,mixedbread-ai/mxbai-embed-large-v1,,,sentence-transformers/all-MiniLM-L6-v2,0.46714431047439575,6,,pending,
coal,uncertain,"A term statistically associated with gas, renewable, mines, mining. Selected corpus use: peripheral; alternative contexts: purchase decision, financial decision.",troubleshooting,peripheral,mixedbread-ai/mxbai-embed-large-v1,,,sentence-transformers/all-MiniLM-L6-v2,0.45453694462776184,8,,pending,
cocktail,uncertain,"A term statistically associated with syrup, glass, juice, lime. Selected corpus use: workflow; alternative contexts: research notes, feature ideas.",brainstorming_creativity,workflow,mixedbread-ai/mxbai-embed-large-v1,,,sentence-transformers/all-MiniLM-L6-v2,0.3664887547492981,6,,pending,
collaboration,uncertain,"A term statistically associated with foster, leadership, encourage, experts. Selected corpus use: learning notes; alternative contexts: learning plan, small project.",summarization_synthesis,learning_notes,mixedbread-ai/mxbai-embed-large-v1,,,sentence-transformers/all-MiniLM-L6-v2,0.2925546169281006,10,,pending,
colour,uncertain,"A term statistically associated with orange, yellow, red, varying. Selected corpus use: survey response; alternative contexts: email, technical explanation.",extraction_classification,survey_response,mixedbread-ai/mxbai-embed-large-v1,,,sentence-transformers/all-MiniLM-L6-v2,0.5221143364906311,6,,pending,
competition,uncertain,"A term statistically associated with international, clubs, champions, held. Selected corpus use: personal finance; alternative contexts: learning plan, purchase decision.",explanation_learning,personal_finance,mixedbread-ai/mxbai-embed-large-v1,,,sentence-transformers/all-MiniLM-L6-v2,0.28961968421936035,6,,pending,
consumers,uncertain,"A term statistically associated with products, businesses, sales, farming. Selected corpus use: feature ideas; alternative contexts: financial decision, workflow.",brainstorming_creativity,feature_ideas,mixedbread-ai/mxbai-embed-large-v1,,,sentence-transformers/all-MiniLM-L6-v2,0.2956331670284271,6,,pending,
covering,uncertain,"A term statistically associated with acres, area, largest, entire. Selected corpus use: software install; alternative contexts: shopping arithmetic, web form.",troubleshooting,software_install,mixedbread-ai/mxbai-embed-large-v1,,,sentence-transformers/all-MiniLM-L6-v2,0.15055301785469055,9,,pending,
creators,uncertain,"A term statistically associated with premium, videos, paid, platform. Selected corpus use: simple probability; alternative contexts: email, meeting notes.",reasoning_verification,simple_probability,mixedbread-ai/mxbai-embed-large-v1,,,sentence-transformers/all-MiniLM-L6-v2,0.11585384607315063,7,,pending,
crisp,uncertain,"A term statistically associated with bacon, apples, air, sliced. Selected corpus use: peripheral; alternative contexts: argument, instructions.",troubleshooting,peripheral,mixedbread-ai/mxbai-embed-large-v1,,,sentence-transformers/all-MiniLM-L6-v2,0.24158449470996857,11,,pending,
crocodile,uncertain,"A term statistically associated with reptiles, snake, turtle, teeth. Selected corpus use: research notes; alternative contexts: travel plan, incident log.",summarization_synthesis,research_notes,mixedbread-ai/mxbai-embed-large-v1,,,sentence-transformers/all-MiniLM-L6-v2,0.3803393244743347,12,,pending,
cups,uncertain,"A term statistically associated with teaspoon, flour, tea, milk. Selected corpus use: instructions; alternative contexts: event plan, policy memo.",critique_revision,instructions,mixedbread-ai/mxbai-embed-large-v1,,,sentence-transformers/all-MiniLM-L6-v2,0.3171687424182892,9,,pending,
cuts,uncertain,"A term statistically associated with meat, pork, ball, blade. Selected corpus use: software install; alternative contexts: peripheral, small project.",troubleshooting,software_install,mixedbread-ai/mxbai-embed-large-v1,,,sentence-transformers/all-MiniLM-L6-v2,0.2726675868034363,11,,pending,
damaged,uncertain,"A term statistically associated with cells, damage, muscle, earthquake. Selected corpus use: low cost activity; alternative contexts: peripheral, web form.",brainstorming_creativity,low_cost_activity,mixedbread-ai/mxbai-embed-large-v1,,,sentence-transformers/all-MiniLM-L6-v2,0.21706266701221466,8,,pending,
dancing,uncertain,"A term statistically associated with salsa, dance, singing, lessons. Selected corpus use: instructions; alternative contexts: learning plan, small project.",critique_revision,instructions,mixedbread-ai/mxbai-embed-large-v1,,,sentence-transformers/all-MiniLM-L6-v2,0.506948709487915,7,,pending,
decreased,uncertain,"A term statistically associated with increased, weight, population, per. Selected corpus use: issue ticket; alternative contexts: life science, media literacy.",extraction_classification,issue_ticket,mixedbread-ai/mxbai-embed-large-v1,,,sentence-transformers/all-MiniLM-L6-v2,0.173349067568779,10,,pending,
demands,uncertain,"A term statistically associated with odd, climate, turns, transportation. Selected corpus use: peripheral; alternative contexts: uncertain change, physical safety.",troubleshooting,peripheral,mixedbread-ai/mxbai-embed-large-v1,,,sentence-transformers/all-MiniLM-L6-v2,0.09493621438741684,11,,pending,
developer,uncertain,"A term statistically associated with developers, game, code, video. Selected corpus use: issue ticket; alternative contexts: software install, meeting notes.",extraction_classification,issue_ticket,mixedbread-ai/mxbai-embed-large-v1,,,sentence-transformers/all-MiniLM-L6-v2,0.4138094186782837,6,,pending,
diameter,uncertain,"A term statistically associated with kilometers, moon, inches, solar. Selected corpus use: event registration; alternative contexts: purchase decision, home repair.",practical_action,event_registration,mixedbread-ai/mxbai-embed-large-v1,,,sentence-transformers/all-MiniLM-L6-v2,0.3044433295726776,7,,pending,
discussion,uncertain,"A term statistically associated with encourage, featuring, papers, woman. Selected corpus use: learning notes; alternative contexts: network connection, meeting notes.",summarization_synthesis,learning_notes,mixedbread-ai/mxbai-embed-large-v1,,,sentence-transformers/all-MiniLM-L6-v2,0.22144339978694916,8,,pending,
diversity,uncertain,"A term statistically associated with biological, increase, culture, hiring. Selected corpus use: learning plan; alternative contexts: small project, workflow.",planning_comparison,learning_plan,mixedbread-ai/mxbai-embed-large-v1,,,sentence-transformers/all-MiniLM-L6-v2,0.23656697571277618,8,,pending,
drawn,uncertain,"A term statistically associated with horse, map, newspaper, graph. Selected corpus use: research notes; alternative contexts: learning plan, purchase decision.",summarization_synthesis,research_notes,mixedbread-ai/mxbai-embed-large-v1,,,sentence-transformers/all-MiniLM-L6-v2,0.2320767194032669,12,,pending,
easiest,uncertain,"A term statistically associated with circle, vegetables, fastest, cherry. Selected corpus use: home repair; alternative contexts: web form, small project.",practical_action,home_repair,mixedbread-ai/mxbai-embed-large-v1,,,sentence-transformers/all-MiniLM-L6-v2,0.16824135184288025,9,,pending,
edges,uncertain,"A term statistically associated with edge, ski, triangle, sharp. Selected corpus use: personal finance; alternative contexts: learning plan, travel plan.",explanation_learning,personal_finance,mixedbread-ai/mxbai-embed-large-v1,,,sentence-transformers/all-MiniLM-L6-v2,0.32765501737594604,9,,pending,
edible,uncertain,"A term statistically associated with fruit, varieties, eaten, banana. Selected corpus use: survey response; alternative contexts: case note, web form.",extraction_classification,survey_response,mixedbread-ai/mxbai-embed-large-v1,,,sentence-transformers/all-MiniLM-L6-v2,0.4820185899734497,6,,pending,
effectively,uncertain,"A term statistically associated with communicate, skills, partners, sensory. Selected corpus use: logical constraints; alternative contexts: purchase decision, small project.",reasoning_verification,logical_constraints,mixedbread-ai/mxbai-embed-large-v1,,,sentence-transformers/all-MiniLM-L6-v2,0.14243611693382263,8,,pending,
engage,uncertain,"A term statistically associated with partners, activities, aims, interact. Selected corpus use: research notes; alternative contexts: small project, travel plan.",summarization_synthesis,research_notes,mixedbread-ai/mxbai-embed-large-v1,,,sentence-transformers/all-MiniLM-L6-v2,0.32533901929855347,12,,pending,
engineers,uncertain,"A term statistically associated with electrical, canal, engineering, society. Selected corpus use: software install; alternative contexts: learning plan, travel plan.",troubleshooting,software_install,mixedbread-ai/mxbai-embed-large-v1,,,sentence-transformers/all-MiniLM-L6-v2,0.39669516682624817,9,,pending,
enhanced,uncertain,"A term statistically associated with settings, improved, seeking, certain. Selected corpus use: research notes; alternative contexts: physical safety, peripheral.",summarization_synthesis,research_notes,mixedbread-ai/mxbai-embed-large-v1,,,sentence-transformers/all-MiniLM-L6-v2,0.2798212170600891,7,,pending,
epic,uncertain,"A term statistically associated with resort, fantasy, drama, tracks. Selected corpus use: peripheral; alternative contexts: network connection, learning plan.",troubleshooting,peripheral,mixedbread-ai/mxbai-embed-large-v1,,,sentence-transformers/all-MiniLM-L6-v2,0.18965701758861542,10,,pending,
equal,uncertain,"A term statistically associated with sides, triangle, fluid, greater. Selected corpus use: subscriptions; alternative contexts: purchase decision, travel plan.",practical_action,subscriptions,mixedbread-ai/mxbai-embed-large-v1,,,sentence-transformers/all-MiniLM-L6-v2,0.19125965237617493,6,,pending,
exhibits,uncertain,"A term statistically associated with museum, interactive, displays, art. Selected corpus use: physical science; alternative contexts: life science, purchase decision.",explanation_learning,physical_science,mixedbread-ai/mxbai-embed-large-v1,,,sentence-transformers/all-MiniLM-L6-v2,0.4907740354537964,7,,pending,
explained,uncertain,"A term statistically associated with paper, published, relativity, nature. Selected corpus use: receipt; alternative contexts: network connection, web form.",extraction_classification,receipt,mixedbread-ai/mxbai-embed-large-v1,,,sentence-transformers/all-MiniLM-L6-v2,0.16556955873966217,7,,pending,
faith,uncertain,"A term statistically associated with god, religious, belief, grace. Selected corpus use: instructions; alternative contexts: financial decision, learning plan.",critique_revision,instructions,mixedbread-ai/mxbai-embed-large-v1,,,sentence-transformers/all-MiniLM-L6-v2,0.46627485752105713,9,,pending,
fatigue,uncertain,"A term statistically associated with muscle, pain, fever, legs. Selected corpus use: support thread; alternative contexts: learning plan, purchase decision.",summarization_synthesis,support_thread,mixedbread-ai/mxbai-embed-large-v1,,,sentence-transformers/all-MiniLM-L6-v2,0.39994311332702637,6,,pending,
filled,uncertain,"A term statistically associated with chocolate, air, carved, wrapped. Selected corpus use: achievement; alternative contexts: small project, uncertain change.",conversation_empathy,achievement,mixedbread-ai/mxbai-embed-large-v1,,,sentence-transformers/all-MiniLM-L6-v2,0.15197812020778656,6,,pending,
fires,uncertain,"A term statistically associated with fire, impacted, forest, storms. Selected corpus use: interface copy; alternative contexts: small project, financial decision.",critique_revision,interface_copy,mixedbread-ai/mxbai-embed-large-v1,,,sentence-transformers/all-MiniLM-L6-v2,0.46099361777305603,6,,pending,
fluffy,uncertain,"A term statistically associated with soft, white, cat, bread. Selected corpus use: writing prompts; alternative contexts: event plan, small project.",brainstorming_creativity,writing_prompts,mixedbread-ai/mxbai-embed-large-v1,,,sentence-transformers/all-MiniLM-L6-v2,0.32934433221817017,7,,pending,
fly,uncertain,"A term statistically associated with wings, airplanes, fishing, airplane. Selected corpus use: data pipeline; alternative contexts: learning plan, small project.",troubleshooting,data_pipeline,mixedbread-ai/mxbai-embed-large-v1,,,sentence-transformers/all-MiniLM-L6-v2,0.4086071848869324,10,,pending,
friendship,uncertain,"A term statistically associated with dealing, story, anime, lasted. Selected corpus use: project update; alternative contexts: work stress, social mistake.",summarization_synthesis,project_update,mixedbread-ai/mxbai-embed-large-v1,,,sentence-transformers/all-MiniLM-L6-v2,0.2555367350578308,6,,pending,
fruit,uncertain,"A term statistically associated with dried, vegetable, fruits, drying. Selected corpus use: meeting notes; alternative contexts: life science, email.",writing_transformation,meeting_notes,mixedbread-ai/mxbai-embed-large-v1,,,sentence-transformers/all-MiniLM-L6-v2,0.4913012385368347,7,,pending,
garbage,uncertain,"A term statistically associated with garage, trash, bags, trucks. Selected corpus use: learning notes; alternative contexts: project update, physical safety.",summarization_synthesis,learning_notes,mixedbread-ai/mxbai-embed-large-v1,,,sentence-transformers/all-MiniLM-L6-v2,0.25178810954093933,7,,pending,
generated,uncertain,"A term statistically associated with initial, human, fine, revenue. Selected corpus use: learning notes; alternative contexts: survey response, support reply.",summarization_synthesis,learning_notes,mixedbread-ai/mxbai-embed-large-v1,,,sentence-transformers/all-MiniLM-L6-v2,0.16970691084861755,9,,pending,
gloves,uncertain,"A term statistically associated with pads, boots, helmet, hose. Selected corpus use: case note; alternative contexts: air travel, receipt.",extraction_classification,case_note,mixedbread-ai/mxbai-embed-large-v1,,,sentence-transformers/all-MiniLM-L6-v2,0.28341108560562134,7,,pending,
grapes,uncertain,"A term statistically associated with wine, noir, apples, nuts. Selected corpus use: project update; alternative contexts: receipt, policy excerpt.",summarization_synthesis,project_update,mixedbread-ai/mxbai-embed-large-v1,,,sentence-transformers/all-MiniLM-L6-v2,0.47384971380233765,6,,pending,
gray,uncertain,"A term statistically associated with fur, heads, purple, brown. Selected corpus use: research notes; alternative contexts: purchase decision, small project.",summarization_synthesis,research_notes,mixedbread-ai/mxbai-embed-large-v1,,,sentence-transformers/all-MiniLM-L6-v2,0.37666231393814087,6,,pending,
grown,uncertain,"A term statistically associated with chicks, edible, varieties, crop. Selected corpus use: software install; alternative contexts: network connection, peripheral.",troubleshooting,software_install,mixedbread-ai/mxbai-embed-large-v1,,,sentence-transformers/all-MiniLM-L6-v2,0.3367134928703308,10,,pending,
guidelines,uncertain,"A term statistically associated with dietary, disease, goal, recommendations. Selected corpus use: low cost activity; alternative contexts: medical information, privacy security.",brainstorming_creativity,low_cost_activity,mixedbread-ai/mxbai-embed-large-v1,,,sentence-transformers/all-MiniLM-L6-v2,0.29287344217300415,6,,pending,
haiku,uncertain,"A term statistically associated with poems, poetry, poem, traditional. Selected corpus use: survey response; alternative contexts: technical explanation, email.",extraction_classification,survey_response,mixedbread-ai/mxbai-embed-large-v1,,,sentence-transformers/all-MiniLM-L6-v2,0.379197359085083,8,,pending,
ham,uncertain,"A term statistically associated with sandwich, cheese, peppers, bacon. Selected corpus use: support thread; alternative contexts: data literacy, life science.",summarization_synthesis,support_thread,mixedbread-ai/mxbai-embed-large-v1,,,sentence-transformers/all-MiniLM-L6-v2,0.26701903343200684,6,,pending,
harsh,uncertain,"A term statistically associated with chemicals, shelter, winds, wilderness. Selected corpus use: technical documentation; alternative contexts: purchase decision, small project.",grounded_qa,technical_documentation,mixedbread-ai/mxbai-embed-large-v1,,,sentence-transformers/all-MiniLM-L6-v2,0.04708246514201164,6,,pending,
heads,uncertain,"A term statistically associated with tails, bodies, gray, brown. Selected corpus use: research notes; alternative contexts: email, meeting notes.",summarization_synthesis,research_notes,mixedbread-ai/mxbai-embed-large-v1,,,sentence-transformers/all-MiniLM-L6-v2,0.262968510389328,6,,pending,
heritage,uncertain,"A term statistically associated with site, world, cultural, designated. Selected corpus use: support reply; alternative contexts: event plan, learning plan.",writing_transformation,support_reply,mixedbread-ai/mxbai-embed-large-v1,,,sentence-transformers/all-MiniLM-L6-v2,0.2651471495628357,7,,pending,
hike,uncertain,"A term statistically associated with trail, forests, park, hiking. Selected corpus use: physical safety; alternative contexts: learning plan, project update.",safety_uncertainty,physical_safety,mixedbread-ai/mxbai-embed-large-v1,,,sentence-transformers/all-MiniLM-L6-v2,0.5099292397499084,11,,pending,
historic,uncertain,"A term statistically associated with register, landmark, sites, district. Selected corpus use: research notes; alternative contexts: small project, historical note.",summarization_synthesis,research_notes,mixedbread-ai/mxbai-embed-large-v1,,,sentence-transformers/all-MiniLM-L6-v2,0.2536039650440216,8,,pending,
horizon,uncertain,"A term statistically associated with below, sun, sunset, degrees. Selected corpus use: civics; alternative contexts: purchase decision, small project.",explanation_learning,civics,mixedbread-ai/mxbai-embed-large-v1,,,sentence-transformers/all-MiniLM-L6-v2,0.20863088965415955,6,,pending,
hurricane,uncertain,"A term statistically associated with tropical, storm, damage, hit. Selected corpus use: survey response; alternative contexts: low cost activity, inventory record.",extraction_classification,survey_response,mixedbread-ai/mxbai-embed-large-v1,,,sentence-transformers/all-MiniLM-L6-v2,0.4795973300933838,12,,pending,
inch,uncertain,"A term statistically associated with iphone, pro, screen, batter. Selected corpus use: small project; alternative contexts: purchase decision, travel plan.",planning_comparison,small_project,mixedbread-ai/mxbai-embed-large-v1,,,sentence-transformers/all-MiniLM-L6-v2,0.1390281319618225,7,,pending,
indicates,uncertain,"A term statistically associated with occurs, yellow, single, dogs. Selected corpus use: logical constraints; alternative contexts: data pipeline, file sync.",reasoning_verification,logical_constraints,mixedbread-ai/mxbai-embed-large-v1,,,sentence-transformers/all-MiniLM-L6-v2,0.26185885071754456,6,,pending,
industries,uncertain,"A term statistically associated with agencies, sector, industry, manufacturing. Selected corpus use: personal finance; alternative contexts: financial decision, travel plan.",explanation_learning,personal_finance,mixedbread-ai/mxbai-embed-large-v1,,,sentence-transformers/all-MiniLM-L6-v2,0.42891237139701843,7,,pending,
intensity,uncertain,"A term statistically associated with cardio, exercises, workout, exercise. Selected corpus use: physical science; alternative contexts: peripheral, learning plan.",explanation_learning,physical_science,mixedbread-ai/mxbai-embed-large-v1,,,sentence-transformers/all-MiniLM-L6-v2,0.2811087369918823,6,,pending,
isolated,uncertain,"A term statistically associated with virus, staying, energy, island. Selected corpus use: purchase decision; alternative contexts: peripheral, small project.",planning_comparison,purchase_decision,mixedbread-ai/mxbai-embed-large-v1,,,sentence-transformers/all-MiniLM-L6-v2,0.18266430497169495,7,,pending,
joke,uncertain,"A term statistically associated with knock, tell, cheer, dad. Selected corpus use: software install; alternative contexts: peripheral, web form.",troubleshooting,software_install,mixedbread-ai/mxbai-embed-large-v1,,,sentence-transformers/all-MiniLM-L6-v2,0.19299480319023132,6,,pending,
kick,uncertain,"A term statistically associated with opponent, goal, side, ball. Selected corpus use: survey response; alternative contexts: financial decision, web form.",extraction_classification,survey_response,mixedbread-ai/mxbai-embed-large-v1,,,sentence-transformers/all-MiniLM-L6-v2,0.2715644836425781,7,,pending,
knock,uncertain,"A term statistically associated with joke, damage, ball, air. Selected corpus use: appointments; alternative contexts: uncertain change, achievement.",practical_action,appointments,mixedbread-ai/mxbai-embed-large-v1,,,sentence-transformers/all-MiniLM-L6-v2,0.18269643187522888,6,,pending,
land,uncertain,"A term statistically associated with acres, area, square, animal. Selected corpus use: software install; alternative contexts: purchase decision, small project.",troubleshooting,software_install,mixedbread-ai/mxbai-embed-large-v1,,,sentence-transformers/all-MiniLM-L6-v2,0.4083944857120514,10,,pending,
lane,uncertain,"A term statistically associated with highway, street, house, road. Selected corpus use: receipt; alternative contexts: peripheral, civics.",extraction_classification,receipt,mixedbread-ai/mxbai-embed-large-v1,,,sentence-transformers/all-MiniLM-L6-v2,0.3763337731361389,7,,pending,
laundry,uncertain,"A term statistically associated with fabric, towels, basket, soap. Selected corpus use: achievement; alternative contexts: home repair, relationship tension.",conversation_empathy,achievement,mixedbread-ai/mxbai-embed-large-v1,,,sentence-transformers/all-MiniLM-L6-v2,0.49530574679374695,8,,pending,
lifting,uncertain,"A term statistically associated with weights, muscles, weight, lift. Selected corpus use: travel plan; alternative contexts: small project, purchase decision.",planning_comparison,travel_plan,mixedbread-ai/mxbai-embed-large-v1,,,sentence-transformers/all-MiniLM-L6-v2,0.4667249619960785,7,,pending,
lightweight,uncertain,"A term statistically associated with pounds, aircraft, plane, designs. Selected corpus use: research notes; alternative contexts: financial decision, feature ideas.",summarization_synthesis,research_notes,mixedbread-ai/mxbai-embed-large-v1,,,sentence-transformers/all-MiniLM-L6-v2,0.24497570097446442,13,,pending,
machine,uncertain,"A term statistically associated with espresso, fine, algorithms, applications. Selected corpus use: learning plan; alternative contexts: software install, network connection.",planning_comparison,learning_plan,mixedbread-ai/mxbai-embed-large-v1,,,sentence-transformers/all-MiniLM-L6-v2,0.2992924451828003,7,,pending,
midnight,uncertain,"A term statistically associated with sun, night, curious, forgotten. Selected corpus use: learning plan; alternative contexts: small project, purchase decision.",planning_comparison,learning_plan,mixedbread-ai/mxbai-embed-large-v1,,,sentence-transformers/all-MiniLM-L6-v2,0.21793843805789948,6,,pending,
miles,uncertain,"A term statistically associated with week, square, kilometers, hour. Selected corpus use: meeting notes; alternative contexts: purchase decision, learning plan.",writing_transformation,meeting_notes,mixedbread-ai/mxbai-embed-large-v1,,,sentence-transformers/all-MiniLM-L6-v2,0.3383430242538452,6,,pending,
mirror,uncertain,"A term statistically associated with smooth, rear, magical, glass. Selected corpus use: event plan; alternative contexts: project update, incident log.",brainstorming_creativity,event_plan,mixedbread-ai/mxbai-embed-large-v1,,,sentence-transformers/all-MiniLM-L6-v2,0.19399094581604004,8,,pending,
mixture,uncertain,"A term statistically associated with pour, pan, bake, egg. Selected corpus use: article excerpt; alternative contexts: policy memo, support thread.",summarization_synthesis,article_excerpt,mixedbread-ai/mxbai-embed-large-v1,,,sentence-transformers/all-MiniLM-L6-v2,0.30556154251098633,6,,pending,
motion,uncertain,"A term statistically associated with picture, laws, flow, circular. Selected corpus use: peripheral; alternative contexts: small project, purchase decision.",troubleshooting,peripheral,mixedbread-ai/mxbai-embed-large-v1,,,sentence-transformers/all-MiniLM-L6-v2,0.30728113651275635,8,,pending,
moves,uncertain,"A term statistically associated with type, flying, dragon, dance. Selected corpus use: instructions; alternative contexts: network connection, peripheral.",critique_revision,instructions,mixedbread-ai/mxbai-embed-large-v1,,,sentence-transformers/all-MiniLM-L6-v2,0.24832171201705933,8,,pending,
muscles,uncertain,"A term statistically associated with muscle, endurance, signals, bones. Selected corpus use: instructions; alternative contexts: life science, personal finance.",critique_revision,instructions,mixedbread-ai/mxbai-embed-large-v1,,,sentence-transformers/all-MiniLM-L6-v2,0.44803497195243835,6,,pending,
mysterious,uncertain,"A term statistically associated with stranger, story, dialogue, shadow. Selected corpus use: proportions; alternative contexts: email, peripheral.",reasoning_verification,proportions,mixedbread-ai/mxbai-embed-large-v1,,,sentence-transformers/all-MiniLM-L6-v2,0.22396120429039001,6,,pending,
noise,uncertain,"A term statistically associated with headphones, crying, loud, door. Selected corpus use: research notes; alternative contexts: peripheral, physical safety.",summarization_synthesis,research_notes,mixedbread-ai/mxbai-embed-large-v1,,,sentence-transformers/all-MiniLM-L6-v2,0.3885267376899719,8,,pending,
occurs,uncertain,"A term statistically associated with decrease, tropical, varies, phenomenon. Selected corpus use: civics; alternative contexts: learning plan, small project.",explanation_learning,civics,mixedbread-ai/mxbai-embed-large-v1,,,sentence-transformers/all-MiniLM-L6-v2,0.259732186794281,9,,pending,
oil,uncertain,"A term statistically associated with olive, oils, pepper, vegetable. Selected corpus use: project update; alternative contexts: small project, research notes.",summarization_synthesis,project_update,mixedbread-ai/mxbai-embed-large-v1,,,sentence-transformers/all-MiniLM-L6-v2,0.33682867884635925,8,,pending,
opponents,uncertain,"A term statistically associated with ball, net, opponent, political. Selected corpus use: account access; alternative contexts: peripheral, home repair.",practical_action,account_access,mixedbread-ai/mxbai-embed-large-v1,,,sentence-transformers/all-MiniLM-L6-v2,0.3659674823284149,9,,pending,
opposed,uncertain,"A term statistically associated with trained, slave, technique, conservative. Selected corpus use: policy memo; alternative contexts: email, support reply.",summarization_synthesis,policy_memo,mixedbread-ai/mxbai-embed-large-v1,,,sentence-transformers/all-MiniLM-L6-v2,0.1736583709716797,7,,pending,
organic,uncertain,"A term statistically associated with soil, compounds, carbon, molecules. Selected corpus use: survey response; alternative contexts: low cost activity, media literacy.",extraction_classification,survey_response,mixedbread-ai/mxbai-embed-large-v1,,,sentence-transformers/all-MiniLM-L6-v2,0.41953814029693604,7,,pending,
organized,uncertain,"A term statistically associated with crime, competition, fifth, philosophy. Selected corpus use: learning notes; alternative contexts: small project, learning plan.",summarization_synthesis,learning_notes,mixedbread-ai/mxbai-embed-large-v1,,,sentence-transformers/all-MiniLM-L6-v2,0.17063823342323303,7,,pending,
originally,uncertain,"A term statistically associated with published, planned, scheduled, owned. Selected corpus use: names; alternative contexts: network connection, web form.",brainstorming_creativity,names,mixedbread-ai/mxbai-embed-large-v1,,,sentence-transformers/all-MiniLM-L6-v2,0.10681962966918945,8,,pending,
overview,uncertain,"A term statistically associated with implementing, strategies, com, sentence. Selected corpus use: research notes; alternative contexts: project update, learning notes.",summarization_synthesis,research_notes,mixedbread-ai/mxbai-embed-large-v1,,,sentence-transformers/all-MiniLM-L6-v2,0.2603086233139038,6,,pending,
oxygen,uncertain,"A term statistically associated with nitrogen, dioxide, carbon, gases. Selected corpus use: research notes; alternative contexts: peripheral, web form.",summarization_synthesis,research_notes,mixedbread-ai/mxbai-embed-large-v1,,,sentence-transformers/all-MiniLM-L6-v2,0.3305327296257019,8,,pending,
packed,uncertain,"A term statistically associated with flour, bags, viewers, sugar. Selected corpus use: policy memo; alternative contexts: learning plan, small project.",summarization_synthesis,policy_memo,mixedbread-ai/mxbai-embed-large-v1,,,sentence-transformers/all-MiniLM-L6-v2,0.15202584862709045,7,,pending,
papers,uncertain,"A term statistically associated with staples, books, discussion, desk. Selected corpus use: research notes; alternative contexts: learning plan, small project.",summarization_synthesis,research_notes,mixedbread-ai/mxbai-embed-large-v1,,,sentence-transformers/all-MiniLM-L6-v2,0.40712645649909973,9,,pending,
paragraphs,uncertain,"A term statistically associated with sentences, three, thought, large. Selected corpus use: writing prompts; alternative contexts: email, support reply.",brainstorming_creativity,writing_prompts,mixedbread-ai/mxbai-embed-large-v1,,,sentence-transformers/all-MiniLM-L6-v2,0.4393242299556732,6,,pending,
pigs,uncertain,"A term statistically associated with little, farm, cows, chickens. Selected corpus use: data pipeline; alternative contexts: small project, purchase decision.",troubleshooting,data_pipeline,mixedbread-ai/mxbai-embed-large-v1,,,sentence-transformers/all-MiniLM-L6-v2,0.3020041286945343,6,,pending,
pocket,uncertain,"A term statistically associated with expenses, insurance, took, reached. Selected corpus use: product specs; alternative contexts: incident log, network connection.",grounded_qa,product_specs,mixedbread-ai/mxbai-embed-large-v1,,,sentence-transformers/all-MiniLM-L6-v2,0.16819614171981812,12,,pending,
polar,uncertain,"A term statistically associated with bear, mammals, snow, hydrogen. Selected corpus use: research notes; alternative contexts: life science, small project.",summarization_synthesis,research_notes,mixedbread-ai/mxbai-embed-large-v1,,,sentence-transformers/all-MiniLM-L6-v2,0.22257761657238007,8,,pending,
politics,uncertain,"A term statistically associated with parties, mayor, trace, political. Selected corpus use: table comparison; alternative contexts: travel plan, small project.",reasoning_verification,table_comparison,mixedbread-ai/mxbai-embed-large-v1,,,sentence-transformers/all-MiniLM-L6-v2,0.3963274359703064,6,,pending,
prejudice,uncertain,"A term statistically associated with pride, novels, themes, references. Selected corpus use: writing prompts; alternative contexts: data literacy, civics.",brainstorming_creativity,writing_prompts,mixedbread-ai/mxbai-embed-large-v1,,,sentence-transformers/all-MiniLM-L6-v2,0.3056696057319641,6,,pending,
preventing,uncertain,"A term statistically associated with ball, promoting, side, ensuring. Selected corpus use: data pipeline; alternative contexts: peripheral, life science.",troubleshooting,data_pipeline,mixedbread-ai/mxbai-embed-large-v1,,,sentence-transformers/all-MiniLM-L6-v2,0.16457125544548035,6,,pending,
pride,uncertain,"A term statistically associated with prejudice, novels, anger, neither. Selected corpus use: web form; alternative contexts: network connection, unit conversion.",troubleshooting,web_form,mixedbread-ai/mxbai-embed-large-v1,,,sentence-transformers/all-MiniLM-L6-v2,0.2195485681295395,6,,pending,
pro,uncertain,"A term statistically associated with iphone, inch, sensor, screens. Selected corpus use: event registration; alternative contexts: small project, purchase decision.",practical_action,event_registration,mixedbread-ai/mxbai-embed-large-v1,,,sentence-transformers/all-MiniLM-L6-v2,0.19932618737220764,9,,pending,
properly,uncertain,"A term statistically associated with ensure, seat, clean, body. Selected corpus use: low cost activity; alternative contexts: physical safety, small project.",brainstorming_creativity,low_cost_activity,mixedbread-ai/mxbai-embed-large-v1,,,sentence-transformers/all-MiniLM-L6-v2,0.11413022875785828,10,,pending,
properties,uncertain,"A term statistically associated with chemical, deep, atomic, wool. Selected corpus use: case note; alternative contexts: learning plan, purchase decision.",extraction_classification,case_note,mixedbread-ai/mxbai-embed-large-v1,,,sentence-transformers/all-MiniLM-L6-v2,0.22688394784927368,6,,pending,
pursue,uncertain,"A term statistically associated with career, careers, education, graduate. Selected corpus use: uncertain change; alternative contexts: small project, learning plan.",conversation_empathy,uncertain_change,mixedbread-ai/mxbai-embed-large-v1,,,sentence-transformers/all-MiniLM-L6-v2,0.2711160480976105,6,,pending,
rainbow,uncertain,"A term statistically associated with colors, slogan, orange, yellow. Selected corpus use: uncertain change; alternative contexts: learning plan, small project.",conversation_empathy,uncertain_change,mixedbread-ai/mxbai-embed-large-v1,,,sentence-transformers/all-MiniLM-L6-v2,0.3005872666835785,9,,pending,
rapid,uncertain,"A term statistically associated with expansion, growth, fossil, economic. Selected corpus use: physical science; alternative contexts: learning plan, small project.",explanation_learning,physical_science,mixedbread-ai/mxbai-embed-large-v1,,,sentence-transformers/all-MiniLM-L6-v2,0.12572237849235535,6,,pending,
reception,uncertain,"A term statistically associated with wedding, ceremony, critics, themes. Selected corpus use: research notes; alternative contexts: inventory record, schedule entry.",summarization_synthesis,research_notes,mixedbread-ai/mxbai-embed-large-v1,,,sentence-transformers/all-MiniLM-L6-v2,0.23482877016067505,8,,pending,
recipe,uncertain,"A term statistically associated with ingredients, chip, dessert, cake. Selected corpus use: email; alternative contexts: support reply, workflow.",writing_transformation,email,mixedbread-ai/mxbai-embed-large-v1,,,sentence-transformers/all-MiniLM-L6-v2,0.4445221424102783,6,,pending,
reflected,uncertain,"A term statistically associated with light, sunlight, appearing, historians. Selected corpus use: event plan; alternative contexts: incident log, purchase decision.",brainstorming_creativity,event_plan,mixedbread-ai/mxbai-embed-large-v1,,,sentence-transformers/all-MiniLM-L6-v2,0.2363806515932083,8,,pending,
reflects,uncertain,"A term statistically associated with light, personality, sunlight, mirror. Selected corpus use: schedule math; alternative contexts: life science, personal finance.",reasoning_verification,schedule_math,mixedbread-ai/mxbai-embed-large-v1,,,sentence-transformers/all-MiniLM-L6-v2,0.34342747926712036,11,,pending,
regarded,uncertain,"A term statistically associated with widely, greatest, influential, figures. Selected corpus use: software install; alternative contexts: learning plan, purchase decision.",troubleshooting,software_install,mixedbread-ai/mxbai-embed-large-v1,,,sentence-transformers/all-MiniLM-L6-v2,0.2624998092651367,10,,pending,
regulation,uncertain,"A term statistically associated with policies, self, protein, government. Selected corpus use: survey response; alternative contexts: privacy security, financial decision.",extraction_classification,survey_response,mixedbread-ai/mxbai-embed-large-v1,,,sentence-transformers/all-MiniLM-L6-v2,0.3382312059402466,6,,pending,
relationships,uncertain,"A term statistically associated with connections, training, characters, others. Selected corpus use: unit conversion; alternative contexts: social mistake, work stress.",reasoning_verification,unit_conversion,mixedbread-ai/mxbai-embed-large-v1,,,sentence-transformers/all-MiniLM-L6-v2,0.30937230587005615,7,,pending,
representative,uncertain,"A term statistically associated with shortly, responses, president, sales. Selected corpus use: support thread; alternative contexts: support reply, network connection.",summarization_synthesis,support_thread,mixedbread-ai/mxbai-embed-large-v1,,,sentence-transformers/all-MiniLM-L6-v2,0.22318215668201447,7,,pending,
reviews,uncertain,"A term statistically associated with critics, indicating, received, positive. Selected corpus use: survey response; alternative contexts: learning plan, purchase decision.",extraction_classification,survey_response,mixedbread-ai/mxbai-embed-large-v1,,,sentence-transformers/all-MiniLM-L6-v2,0.40283265709877014,10,,pending,
roll,uncertain,"A term statistically associated with rock, blues, yeast, country. Selected corpus use: web form; alternative contexts: small project, learning plan.",troubleshooting,web_form,mixedbread-ai/mxbai-embed-large-v1,,,sentence-transformers/all-MiniLM-L6-v2,0.12311524152755737,9,,pending,
salad,uncertain,"A term statistically associated with pasta, avocado, roasted, greens. Selected corpus use: survey response; alternative contexts: learning plan, inventory record.",extraction_classification,survey_response,mixedbread-ai/mxbai-embed-large-v1,,,sentence-transformers/all-MiniLM-L6-v2,0.3473249077796936,6,,pending,
sandwich,uncertain,"A term statistically associated with ham, cheese, peanut, jelly. Selected corpus use: research notes; alternative contexts: writing prompts, life science.",summarization_synthesis,research_notes,mixedbread-ai/mxbai-embed-large-v1,,,sentence-transformers/all-MiniLM-L6-v2,0.3426511585712433,8,,pending,
screens,uncertain,"A term statistically associated with pro, devices, sleep, light. Selected corpus use: appointments; alternative contexts: small project, purchase decision.",practical_action,appointments,mixedbread-ai/mxbai-embed-large-v1,,,sentence-transformers/all-MiniLM-L6-v2,0.27511435747146606,12,,pending,
seconds,uncertain,"A term statistically associated with mph, minutes, breath, acceleration. Selected corpus use: event plan; alternative contexts: network connection, peripheral.",brainstorming_creativity,event_plan,mixedbread-ai/mxbai-embed-large-v1,,,sentence-transformers/all-MiniLM-L6-v2,0.37607017159461975,6,,pending,
sentence,uncertain,"A term statistically associated with counts, word, prison, sentences. Selected corpus use: data literacy; alternative contexts: life science, civics.",explanation_learning,data_literacy,mixedbread-ai/mxbai-embed-large-v1,,,sentence-transformers/all-MiniLM-L6-v2,0.27076709270477295,8,,pending,
sentences,uncertain,"A term statistically associated with sentence, paragraph, pairs, paragraphs. Selected corpus use: data literacy; alternative contexts: email, life science.",explanation_learning,data_literacy,mixedbread-ai/mxbai-embed-large-v1,,,sentence-transformers/all-MiniLM-L6-v2,0.45034730434417725,8,,pending,
shaped,uncertain,"A term statistically associated with dough, bow, heart, flowers. Selected corpus use: logical constraints; alternative contexts: event plan, low cost activity.",reasoning_verification,logical_constraints,mixedbread-ai/mxbai-embed-large-v1,,,sentence-transformers/all-MiniLM-L6-v2,0.12370635569095612,6,,pending,
shooting,uncertain,"A term statistically associated with star, shoot, basketball, shot. Selected corpus use: learning plan; alternative contexts: small project, network connection.",planning_comparison,learning_plan,mixedbread-ai/mxbai-embed-large-v1,,,sentence-transformers/all-MiniLM-L6-v2,0.4694313406944275,6,,pending,
shop,uncertain,"A term statistically associated with coffee, sells, gift, cafe. Selected corpus use: network connection; alternative contexts: small project, event plan.",troubleshooting,network_connection,mixedbread-ai/mxbai-embed-large-v1,,,sentence-transformers/all-MiniLM-L6-v2,0.2242986410856247,6,,pending,
showed,uncertain,"A term statistically associated with indeed, clinical, improvement, study. Selected corpus use: technical documentation; alternative contexts: learning plan, small project.",grounded_qa,technical_documentation,mixedbread-ai/mxbai-embed-large-v1,,,sentence-transformers/all-MiniLM-L6-v2,0.06450727581977844,8,,pending,
sights,uncertain,"A term statistically associated with temples, amazing, see, tour. Selected corpus use: physical science; alternative contexts: physical safety, learning plan.",explanation_learning,physical_science,mixedbread-ai/mxbai-embed-large-v1,,,sentence-transformers/all-MiniLM-L6-v2,0.172586590051651,13,,pending,
signals,uncertain,"A term statistically associated with muscles, rapidly, signal, brain. Selected corpus use: simple probability; alternative contexts: survey response, web form.",reasoning_verification,simple_probability,mixedbread-ai/mxbai-embed-large-v1,,,sentence-transformers/all-MiniLM-L6-v2,0.33687734603881836,8,,pending,
situations,uncertain,"A term statistically associated with runs, encounter, unexpected, certain. Selected corpus use: learning plan; alternative contexts: physical safety, financial decision.",planning_comparison,learning_plan,mixedbread-ai/mxbai-embed-large-v1,,,sentence-transformers/all-MiniLM-L6-v2,0.37947869300842285,7,,pending,
smooth,uncertain,"A term statistically associated with sharp, peanut, butter, mixture. Selected corpus use: workflow; alternative contexts: small project, event plan.",brainstorming_creativity,workflow,mixedbread-ai/mxbai-embed-large-v1,,,sentence-transformers/all-MiniLM-L6-v2,0.25476035475730896,7,,pending,
socks,uncertain,"A term statistically associated with shoes, wool, yarn, feet. Selected corpus use: case note; alternative contexts: receipt, learning plan.",extraction_classification,case_note,mixedbread-ai/mxbai-embed-large-v1,,,sentence-transformers/all-MiniLM-L6-v2,0.42647191882133484,6,,pending,
sodium,uncertain,"A term statistically associated with magnesium, calcium, neon, dietary. Selected corpus use: research notes; alternative contexts: financial decision, email.",summarization_synthesis,research_notes,mixedbread-ai/mxbai-embed-large-v1,,,sentence-transformers/all-MiniLM-L6-v2,0.3780127167701721,8,,pending,
southeast,uncertain,"A term statistically associated with southwest, east, lies, southern. Selected corpus use: small project; alternative contexts: file sync, network connection.",planning_comparison,small_project,mixedbread-ai/mxbai-embed-large-v1,,,sentence-transformers/all-MiniLM-L6-v2,0.448531836271286,11,,pending,
southern,uncertain,"A term statistically associated with northern, tip, summer, southeast. Selected corpus use: data pipeline; alternative contexts: small project, event plan.",troubleshooting,data_pipeline,mixedbread-ai/mxbai-embed-large-v1,,,sentence-transformers/all-MiniLM-L6-v2,0.45156365633010864,6,,pending,
spaghetti,uncertain,"A term statistically associated with sauce, pasta, squash, cheese. Selected corpus use: web form; alternative contexts: workflow, civics.",troubleshooting,web_form,mixedbread-ai/mxbai-embed-large-v1,,,sentence-transformers/all-MiniLM-L6-v2,0.3821392059326172,9,,pending,
spoon,uncertain,"A term statistically associated with avocado, mix, soup, bowl. Selected corpus use: support thread; alternative contexts: product specs, course enrolment.",summarization_synthesis,support_thread,mixedbread-ai/mxbai-embed-large-v1,,,sentence-transformers/all-MiniLM-L6-v2,0.2929229140281677,9,,pending,
sticks,uncertain,"A term statistically associated with carrot, paper, butter, balls. Selected corpus use: policy memo; alternative contexts: air travel, public transit.",summarization_synthesis,policy_memo,mixedbread-ai/mxbai-embed-large-v1,,,sentence-transformers/all-MiniLM-L6-v2,0.2804323136806488,9,,pending,
strikes,uncertain,"A term statistically associated with lightning, strike, attacks, foot. Selected corpus use: media literacy; alternative contexts: purchase decision, small project.",explanation_learning,media_literacy,mixedbread-ai/mxbai-embed-large-v1,,,sentence-transformers/all-MiniLM-L6-v2,0.3606584072113037,6,,pending,
suffer,uncertain,"A term statistically associated with chronic, anxiety, people, fight. Selected corpus use: instructions; alternative contexts: physical safety, medical information.",critique_revision,instructions,mixedbread-ai/mxbai-embed-large-v1,,,sentence-transformers/all-MiniLM-L6-v2,0.1330985426902771,6,,pending,
suits,uncertain,"A term statistically associated with suit, wear, throw, swim. Selected corpus use: project update; alternative contexts: purchase decision, small project.",writing_transformation,project_update,mixedbread-ai/mxbai-embed-large-v1,,,sentence-transformers/all-MiniLM-L6-v2,0.45038124918937683,8,,pending,
supply,uncertain,"A term statistically associated with demand, goods, water, economy. Selected corpus use: peripheral; alternative contexts: learning plan, small project.",troubleshooting,peripheral,mixedbread-ai/mxbai-embed-large-v1,,,sentence-transformers/all-MiniLM-L6-v2,0.2970261573791504,9,,pending,
tastes,uncertain,"A term statistically associated with sweetness, taste, drink, coffee. Selected corpus use: feature ideas; alternative contexts: event plan, small project.",brainstorming_creativity,feature_ideas,mixedbread-ai/mxbai-embed-large-v1,,,sentence-transformers/all-MiniLM-L6-v2,0.33954212069511414,6,,pending,
team's,uncertain,"A term statistically associated with opposing, goal, players, coach. Selected corpus use: home repair; alternative contexts: event plan, incident log.",practical_action,home_repair,mixedbread-ai/mxbai-embed-large-v1,,,sentence-transformers/all-MiniLM-L6-v2,0.3308204412460327,6,,pending,
teaspoon,uncertain,"A term statistically associated with powder, salt, cups, pepper. Selected corpus use: policy memo; alternative contexts: instructions, argument.",summarization_synthesis,policy_memo,mixedbread-ai/mxbai-embed-large-v1,,,sentence-transformers/all-MiniLM-L6-v2,0.2875944674015045,9,,pending,
techniques,uncertain,"A term statistically associated with cell, presented, martial, boxing. Selected corpus use: learning plan; alternative contexts: project plan, simple probability.",planning_comparison,learning_plan,mixedbread-ai/mxbai-embed-large-v1,,,sentence-transformers/all-MiniLM-L6-v2,0.26134806871414185,9,,pending,
texture,uncertain,"A term statistically associated with color, flavor, taste, soft. Selected corpus use: feature ideas; alternative contexts: travel plan, small project.",brainstorming_creativity,feature_ideas,mixedbread-ai/mxbai-embed-large-v1,,,sentence-transformers/all-MiniLM-L6-v2,0.3274075984954834,6,,pending,
till,uncertain,"A term statistically associated with dawn, wouldn't, eyes, voice. Selected corpus use: research notes; alternative contexts: small project, travel plan.",summarization_synthesis,research_notes,mixedbread-ai/mxbai-embed-large-v1,,,sentence-transformers/all-MiniLM-L6-v2,0.08259371668100357,10,,pending,
tooth,uncertain,"A term statistically associated with dental, teeth, oral, sweet. Selected corpus use: research notes; alternative contexts: physical safety, medical information.",summarization_synthesis,research_notes,mixedbread-ai/mxbai-embed-large-v1,,,sentence-transformers/all-MiniLM-L6-v2,0.5393736958503723,6,,pending,
topped,uncertain,"A term statistically associated with album, sauce, tomato, bread. Selected corpus use: data literacy; alternative contexts: event plan, file sync.",explanation_learning,data_literacy,mixedbread-ai/mxbai-embed-large-v1,,,sentence-transformers/all-MiniLM-L6-v2,0.07831992954015732,7,,pending,
trends,uncertain,"A term statistically associated with informed, fashion, market, industry. Selected corpus use: small project; alternative contexts: financial decision, privacy security.",planning_comparison,small_project,mixedbread-ai/mxbai-embed-large-v1,,,sentence-transformers/all-MiniLM-L6-v2,0.3715064823627472,12,,pending,
underwater,uncertain,"A term statistically associated with marine, diving, breath, breathe. Selected corpus use: research notes; alternative contexts: physical safety, small project.",summarization_synthesis,research_notes,mixedbread-ai/mxbai-embed-large-v1,,,sentence-transformers/all-MiniLM-L6-v2,0.45274704694747925,7,,pending,
upset,uncertain,"A term statistically associated with seed, emotions, stunning, dealing. Selected corpus use: purchase decision; alternative contexts: small project, learning plan.",planning_comparison,purchase_decision,mixedbread-ai/mxbai-embed-large-v1,,,sentence-transformers/all-MiniLM-L6-v2,0.12522438168525696,10,,pending,
vegetation,uncertain,"A term statistically associated with tree, rocks, consuming, destruction. Selected corpus use: contact record; alternative contexts: event plan, low cost activity.",extraction_classification,contact_record,mixedbread-ai/mxbai-embed-large-v1,,,sentence-transformers/all-MiniLM-L6-v2,0.3607519268989563,9,,pending,
virtual,uncertain,"A term statistically associated with reality, programs, interact, applications. Selected corpus use: appointments; alternative contexts: small project, physical safety.",practical_action,appointments,mixedbread-ai/mxbai-embed-large-v1,,,sentence-transformers/all-MiniLM-L6-v2,0.3059512972831726,10,,pending,
visitors,uncertain,"A term statistically associated with visitor, visited, park, attractions. Selected corpus use: instructions; alternative contexts: travel plan, small project.",critique_revision,instructions,mixedbread-ai/mxbai-embed-large-v1,,,sentence-transformers/all-MiniLM-L6-v2,0.6172894239425659,6,,pending,
waking,uncertain,"A term statistically associated with sleep, morning, bed, clock. Selected corpus use: software install; alternative contexts: learning plan, travel plan.",troubleshooting,software_install,mixedbread-ai/mxbai-embed-large-v1,,,sentence-transformers/all-MiniLM-L6-v2,0.4985623061656952,7,,pending,
waterfall,uncertain,"A term statistically associated with tallest, angel, hike, fall. Selected corpus use: project update; alternative contexts: small project, purchase decision.",summarization_synthesis,project_update,mixedbread-ai/mxbai-embed-large-v1,,,sentence-transformers/all-MiniLM-L6-v2,0.4100615978240967,8,,pending,
website,uncertain,"A term statistically associated with com, download, websites, blog. Selected corpus use: instructions; alternative contexts: financial decision, public transit.",critique_revision,instructions,mixedbread-ai/mxbai-embed-large-v1,,,sentence-transformers/all-MiniLM-L6-v2,0.25788411498069763,7,,pending,
weekend,uncertain,"A term statistically associated with day, holidays, labor, film. Selected corpus use: project update; alternative contexts: small project, learning plan.",writing_transformation,project_update,mixedbread-ai/mxbai-embed-large-v1,,,sentence-transformers/all-MiniLM-L6-v2,0.4024916887283325,7,,pending,
wild,uncertain,"A term statistically associated with domesticated, animal, animals, predators. Selected corpus use: software install; alternative contexts: learning plan, small project.",troubleshooting,software_install,mixedbread-ai/mxbai-embed-large-v1,,,sentence-transformers/all-MiniLM-L6-v2,0.2811506986618042,6,,pending,
wing,uncertain,"A term statistically associated with airplane, aircraft, rear, wings. Selected corpus use: workflow; alternative contexts: travel plan, small project.",brainstorming_creativity,workflow,mixedbread-ai/mxbai-embed-large-v1,,,sentence-transformers/all-MiniLM-L6-v2,0.3873695731163025,6,,pending,
wisdom,uncertain,"A term statistically associated with gained, younger, peace, asked. Selected corpus use: instructions; alternative contexts: life science, peripheral.",critique_revision,instructions,mixedbread-ai/mxbai-embed-large-v1,,,sentence-transformers/all-MiniLM-L6-v2,0.24404074251651764,6,,pending,
